Player,Rank,ADP,Diff,Finish2025,Team,Pos,PosRank,Notes,Id
Jahmyr Gibbs,1,1.7,,5,DET,RB,1,,5daf3960-25f3-402a-800a-41f8ae4c38b5
Bijan Robinson,2,1.5,,2,ATL,RB,2,,25cbfc55-cb8a-4589-85de-e91870f65952
Ja'Marr Chase,3,3.1,,13,CIN,WR,1,,e05bf051-69f3-4483-8ce3-20b365a19cac
Puka Nacua,4,4.1,,4,LAR,WR,2,,cedb5dc7-eb8d-4928-bf85-aea13ee90967
Jaxon Smith-Njigba,5,5.2,,7,SEA,WR,3,,ad8c9f6a-fee3-4edf-95a9-83208575555e
Jonathan Taylor,6,6.6,,3,IND,RB,3,,c34627c5-0225-45a3-b729-c49827bf5a8e
Christian McCaffrey,7,7,,1,SF,RB,4,,22bb912e-3c0d-498f-8ef9-86d332d90e1b
Amon-Ra St. Brown,8,9,,12,DET,WR,4,,da561afd-b293-4e29-8986-fe658247131d
Justin Jefferson,9,9.4,,83,MIN,WR,5,,3ccbc4c7-afff-4477-93c6-10c823f53098
De'Von Achane,10,14,,8,MIA,RB,5,,3ab31e43-ec23-46c5-b59d-b3850ad1ae3a
CeeDee Lamb,11,8.7,,42,DAL,WR,6,,21ec9ffa-959e-4e5e-8d64-88776b1b4150
James Cook,12,11.2,,6,BUF,RB,6,,60d2284c-5727-4476-8eaa-fa734e0d9f01
Jeremiyah Love,13,26.9,,,ARI,RB,7,,1cc09dd6-2918-4379-b17a-562dc04857c5
Ashton Jeanty,14,12,,23,LV,RB,8,,9f4b0912-cb1e-4d16-b82b-45b05b012839
Brock Bowers,15,23.1,,63,LV,TE,1,,91204d39-aa4f-4927-9728-3c80fde04371
Saquon Barkley,16,14.1,,20,PHI,RB,9,,674152bc-219e-4a7e-88e1-0b7bab267127
Omarion Hampton,17,16.7,,68,LAC,RB,10,,87e96674-63b1-4d0d-bc76-32e0d9327539
Kenneth Walker III,18,15.2,,29,KC,RB,11,,57c18f3f-4ec5-4e23-9fb1-ea9b9d35ea95
Derrick Henry,19,19,,10,BAL,RB,12,,9eafc1c1-9dcf-40c6-a66c-10a04e720600
Chase Brown,20,20.5,,17,CIN,RB,13,,6ed8fa4f-065c-4166-bd39-81555e655948
George Pickens,21,25.2,,15,DAL,WR,7,,02c7a4a9-1a8c-43b9-9b1c-d3eba62cfa47
Drake London,22,19.5,,30,ATL,WR,8,,2b821176-4aeb-4159-b49e-c87dfc4a25d9
Malik Nabers,23,17.5,,131,NYG,WR,9,,c07c6a7e-5738-4d6d-9cc6-5e8ce3707358
Rashee Rice,24,20.8,,50,KC,WR,10,,1f6e0b0d-f18a-41cd-8df6-18d49ef463c1
Josh Jacobs,25,26.9,,14,GB,RB,14,,01714e65-49e3-4185-8e4a-6a7ae051d5bf
Travis Etienne Jr.,26,30.6,,11,NO,RB,15,,64d36d44-e477-496c-8250-80bc47e1d6d6
Josh Allen,27,30.4,,21,BUF,QB,1,,c983ef21-e50f-42a8-b7b1-eb75b071a74f
Trey McBride,28,19.8,,16,ARI,TE,2,,2955db5c-a718-4e9b-a9bf-c9c51a1a4c11
Nico Collins,29,25.5,,35,HOU,WR,11,,bcd9dd40-142a-4f3c-b47e-654117d32658
Breece Hall,30,32.9,,38,NYJ,RB,16,,15a3bde4-5f94-46b8-9b44-928336c230fd
Tetairoa McMillan,31,33.8,,49,CAR,WR,12,,a3a3a72e-899e-4bbb-962d-dd308af3a320
Tee Higgins,32,34.5,,37,CIN,WR,13,,6f55c5db-6322-482c-a15b-4d659d3bb07d
Javonte Williams,33,38.2,,19,DAL,RB,17,,38b6b4a2-35c6-47c8-9f89-758091b3a630
Kyren Williams,34,34.3,,9,LAR,RB,18,,03e908d2-14b1-49ed-a6e6-56e41a5e9988
Chris Olave,35,35.8,,24,NO,WR,14,,83a1c1dd-93ee-4997-ae2b-139466d923ed
DeVonta Smith,36,28.2,,61,PHI,WR,15,,41e96471-3191-4cbd-966d-e240e1b3deeb
A.J. Brown,37,27.6,,32,PHI,WR,16,,d7fc5a7b-bbb5-4b53-a9d4-58780f9d3ba1
Bucky Irving,38,43.3,,87,TB,RB,19,,9853a3b5-067e-4aee-9388-4e21fa09d7d9
Ladd McConkey,39,41.8,,76,LAC,WR,17,,56790984-c8f7-499a-a5cd-74c77b38028c
Garrett Wilson,40,37,,102,NYJ,WR,18,,473889a2-a6c7-4912-9c96-1665a08877e1
Jaylen Waddle,41,48.8,,57,DEN,WR,19,,fdd6ca8b-286d-4eb3-86e0-d2f970f6fa9c
Zay Flowers,42,39.5,,33,BAL,WR,20,,e75fdadf-f9d2-44d5-8f0b-2308f7b00ab0
Jameson Williams,43,46.8,,31,DET,WR,21,,3e1631ff-095d-431f-9df2-e30c87ace2b0
Cam Skattebo,44,54.1,,64,NYG,RB,20,,081d65a4-1d29-40ff-9ca1-dabad6887ff2
TreVeyon Henderson,45,47.8,,22,NE,RB,21,,54ddd66e-ce84-4ff8-979d-6cc9e1ff78ff
D'Andre Swift,46,58.2,,18,CHI,RB,22,,dc3bcebb-9e77-437c-9f51-57548947a981
Lamar Jackson,47,52.4,,114,BAL,QB,2,,9dd90ca5-f85f-4823-863c-f5fc1719835c
Colston Loveland,48,46.2,,59,CHI,TE,3,,4cf7c6ab-95f6-4e5f-adaa-ec47c1198dd1
D.J. Moore,49,50.1,,69,BUF,WR,22,,00d5b7d1-4bbd-4b38-8f4b-b40348f13e55
Emeka Egbuka,50,39.3,,52,TB,WR,23,,35636630-0a9c-41d1-a63e-14c33291ebf7
Mike Evans,51,45.2,,161,SF,WR,24,,fed6c701-5437-4965-b008-d65eb8280fea
Davante Adams,52,52.2,,27,LAR,WR,25,,61dc9c11-cbf2-4508-bc17-54da23abfb8d
Jadarian Price,53,68.8,,,SEA,RB,23,,c7bcbb9b-7598-4810-982a-bfd189daf987
Terry McLaurin,54,50.1,,138,WAS,WR,26,,c06c8642-d1d0-4df1-8254-ee4e0ea70c5f
Quinshon Judkins,55,54.2,,54,CLE,RB,24,,719db736-34b5-4990-ae8a-86d851f9eb37
David Montgomery,56,50.8,,74,HOU,RB,25,,4b14baf1-115c-4fde-b12b-fa3ec53ab612
Bhayshul Tuten,57,55.9,,174,JAX,RB,26,,6e351f30-740b-4649-b1c3-28b52f7ee0a4
Carnell Tate,58,59.3,,,TEN,WR,27,,89d88336-52d9-468c-bbe3-c1167c2e7819
Luther Burden,59,41.9,,121,CHI,WR,28,,667ca3ed-1519-414d-83e0-30bf2dc21162
Christian Watson,60,58.1,,75,GB,WR,29,,42a418b0-461c-4841-9c74-8f4a3547239c
Chuba Hubbard,61,71,,97,CAR,RB,27,,942801d0-c4ad-4d2b-b971-34cc675ed8f8
Jaylen Warren,62,81.6,,39,PIT,RB,28,,41bac526-b103-4a40-9142-dcef21e5da72
Tyler Warren,63,69,,101,IND,TE,4,,7c4c6c1d-bce9-45e7-9578-1eb5b4ace271
Joe Burrow,64,63.2,,169,CIN,QB,3,,f5231907-10c2-4638-83c2-43ec8f3394c3
Jayden Daniels,65,63.3,,283,WAS,QB,4,,986f5827-6ed9-4992-9c64-df54cc33c2b2
Rome Odunze,66,56,,70,CHI,WR,30,,e91cddd5-487d-4d8b-8131-c85691917e82
Alec Pierce,67,67.7,,47,IND,WR,31,,4aed4cc8-9362-4dd7-a829-1b2d891c445a
Rhamondre Stevenson,68,76.8,,28,NE,RB,29,,017da9b8-968f-4baa-858f-d8bbf32373ee
RJ Harvey,69,73.4,,34,DEN,RB,30,,8abc1bed-0838-40ba-8959-45444bf778a5
Caleb Williams,70,69.9,,84,CHI,QB,5,,8b23a214-cb44-4db0-a1f2-10a1d6c9e8bf
Drake Maye,71,70.6,,78,NE,QB,6,,e1bb7729-b87e-4abc-9743-f469d20839bd
Justin Herbert,72,86.4,,91,LAC,QB,7,,be421b67-977b-4ab9-a9c8-282f1548706d
Brian Thomas,73,62.7,,144,JAX,WR,32,,ac9035c0-d09b-4223-8db3-76c7994fd11a
Jordan Addison,74,82.7,,127,MIN,WR,33,,cf099f63-ced6-4321-9a10-2b3ef7692315
Jordyn Tyson,75,66.3,,,NO,WR,34,,7d59fc1e-990c-4002-994f-3c5e32b058ca
Marvin Harrison,76,65.7,,106,ARI,WR,35,,d407419c-8b2a-4590-b343-2f813554d6e0
Michael Wilson,77,82.1,,36,ARI,WR,36,,9e061e7d-b8a9-4457-903c-59e107eaea12
Jaxson Dart,78,87.1,,105,NYG,QB,8,,9b619115-cbc1-481f-869a-afb01b859710
Jalen Hurts,79,68.1,,99,PHI,QB,9,,96b8e2a1-4f67-4f4f-807f-861566d4461c
Harold Fannin,80,85,,96,CLE,TE,5,,77e88416-ec46-49cf-9997-ee83acddb499
Sam LaPorta,81,104.2,,124,DET,TE,6,,01220bfd-6610-4092-8c91-df5780313d9d
Tony Pollard,82,93,,62,TEN,RB,31,,b63d54a7-769e-4dd3-8ba8-bc1e865afc2f
Makai Lemon,83,73.2,,,PHI,WR,37,,11818a85-2fd9-4efd-aba2-bb18fc46a486
DK Metcalf,84,77.4,,67,PIT,WR,38,,e46168ce-4da2-4a27-8ccd-8a986b4f5e3a
Courtland Sutton,85,78.8,,40,DEN,WR,39,,c8b20835-6103-48bb-bf86-dfbb883649d5
Chris Godwin,86,92.7,,162,TB,WR,40,,877b2b95-1014-448a-9255-a4ec6dad9330
Bo Nix,87,96.9,,85,DEN,QB,14,,897642f1-74d8-4cf7-8a33-7fbcbd48d248
Brock Purdy,88,97.9,,108,SF,QB,10,,a732f00b-cb01-4c0d-8b64-6d8b605bf45f
Kyler Murray,89,105.9,,,MIN,QB,11,,2c318b1c-13a5-4722-a649-8d9c35a8f50e
Rico Dowdle,90,90.1,,25,PIT,RB,32,,8b881421-a482-4cae-83bd-a19a96ec5eda
Kyle Monangai,91,84.3,,94,CHI,RB,33,,a7519d55-5b58-4b16-a1ca-dce4c21ab284
Blake Corum,92,99,,98,LAR,RB,34,,fbe947d5-246f-4e65-9c82-fe7480240b81
Trevor Lawrence,93,84.3,,65,JAX,QB,12,,2b64247d-26af-48b7-bcb9-20ae6c38caee
Dak Prescott,94,79.3,,79,DAL,QB,13,,9b7b55a2-3b03-4e52-8928-eb34d7c82baa
Parker Washington,95,72.2,,41,JAX,WR,41,,13a35139-f4c3-4f11-a2ee-13e427f57852
Jayden Reed,96,96.3,,222,GB,WR,42,,ef35a5ca-57be-43d7-a55b-d4d568091425
Xavier Worthy,97,113.3,,221,KC,WR,43,,609c7ac6-7a6a-49e2-bc37-6ad755dc8513
Matthew Golden,98,113,,191,GB,WR,44,,3eabec6e-44d1-4e00-b975-7981b019494e
Josh Downs,99,113.4,,172,IND,WR,45,,e97d1607-52ac-43a6-80f0-a630cab1e74b
Tucker Kraft,100,86.5,,89,GB,TE,7,,de7ad4ba-381a-4899-b682-01c237566a46
Kyle Pitts,101,99.6,,55,ATL,TE,8,,11fab77a-8096-44ac-a426-6b8c9fddc723
Patrick Mahomes,102,92.8,,60,KC,QB,15,,8a17ba41-08bf-455e-852c-e5f9776021af
Matthew Stafford,103,103,,43,LAR,QB,16,,be568056-c66d-40fb-8c19-3185c357ced5
Jared Goff,104,103.6,,111,DET,QB,17,,1a21a150-0d38-4c37-a228-a81f61b16211
Jordan Love,105,107.2,,110,GB,QB,18,,1440721b-3ca6-406c-b87a-88e4ad494da5
Malik Willis,106,126,,208,MIA,QB,19,,d2297be4-c288-4bc4-aad9-fd8e02646776
Jordan Mason,107,119.9,,116,MIN,RB,35,,b079ce97-bdb3-4e94-b739-e7ba71472c39
Rachaad White,108,125.3,,130,WAS,RB,36,,b1f2f8ae-4b05-4a35-b9fb-6f5a6853e2eb
Jacory Croskey-Merritt,109,110,,66,WAS,RB,37,,d18a8c9c-dc6a-4ed2-af27-a631c40f0cb2
Chris Rodriguez,110,123.5,,189,JAX,RB,38,,a0dcb808-0e55-4c54-b3cb-7e7cf245840b
Ricky Pearsall,111,94,,152,SF,WR,46,,4d1e8598-7702-473b-aa6d-d9700db305ce
Jakobi Meyers,112,90,,120,JAX,WR,47,,0ceab1e0-16a3-42ce-9607-b5bdaf4697b2
Michael Pittman Jr.,113,105.2,,51,PIT,WR,48,,9ecd93f6-17dd-447b-96b7-8d54ca4ca886
Quentin Johnston,114,109.2,,56,LAC,WR,49,,dd7ba07b-e45a-4e8a-af56-8123a2ec1e8e
Romeo Doubs,115,99.5,,72,NE,WR,50,,28528dbe-2b54-4e90-8daf-b40ff16f4fcb
Jalen Coker,116,124.4,,109,CAR,WR,51,,03132f54-3982-4620-8495-c8fb6ec423f8
J.K. Dobbins,117,96.4,,107,DEN,RB,39,,f2a26eb3-26f1-4b6a-ae58-42c5ea9341e8
Aaron Jones,118,129.2,,132,MIN,RB,40,,eb7d78fd-a58f-49f4-a5c6-6e75cf6903c0
Kenneth Gainwell,119,115.8,,26,TB,RB,41,,d83ad27b-1a9b-49ac-984e-49453f424c9f
Jonathon Brooks,120,140.6,,,CAR,RB,42,,b44b6d29-a02e-48ae-9b60-1f2202464ba9
Wan'Dale Robinson,121,108.7,,48,TEN,WR,52,,48fe455e-166b-42f0-8c77-9b6a9d03d251
KC Concepcion,122,109.8,,,CLE,WR,53,,0b41b52c-c6f3-43bd-a655-35023705d92e
Jake Ferguson,123,126.9,,90,DAL,TE,9,,9077a1e5-ae83-43f2-ad88-8e44df2d6f4d
Travis Kelce,124,129,,86,KC,TE,10,,e2ea9022-a228-40b1-b668-5ac1fbe7e174
Dalton Kincaid,125,135,,88,BUF,TE,11,,58a9eb5e-0e5a-43e0-8a84-f29aaab96c0e
George Kittle,126,118.8,,58,SF,TE,12,,dd0faf01-71b1-4348-8299-d0de3d50c0da
Jayden Higgins,127,124.2,,137,HOU,WR,54,,c000c35b-ea8d-43de-9952-9814ce4eb887
Khalil Shakir,128,127.6,,93,BUF,WR,55,,a84c94e2-eaef-4db4-b83d-08c6c6156581
Baker Mayfield,129,112.9,,181,TB,QB,20,,2a053c32-61bf-40b3-95b7-3ab291a52d72
Bryce Young,130,149.8,,158,CAR,QB,21,,84d2c2de-8b5a-41cd-a571-aa7aafcfbc06
Tyler Shough,131,116.5,,250,NO,QB,22,,a8f22078-bf09-44cc-882f-b151b0f5d18d
Dallas Goedert,132,135.8,,45,PHI,TE,13,,9e29ed5f-9125-4b00-8da2-5d01f868aa5f
Oronde Gadsden,133,116.1,,117,LAC,TE,14,,e7734d2c-72f2-49da-91b8-6d09036794be
Isaiah Likely,134,140.5,,271,NYG,TE,15,,d4cb3ff5-5305-4c85-a51d-fe7136b0d10f
Mark Andrews,135,142.4,,118,BAL,TE,16,,db550ba6-f791-445d-a02c-65d4b8967c52
Travis Hunter,136,160.7,,204,JAX,WR,56,,86e4ae73-0fb9-4cbe-a457-71f3f7ea2a22
Jalen Nailor,137,163.3,,142,LV,WR,57,,38bdcde6-0f06-4c83-8e57-6a1d562e57b2
Sam Darnold,138,133,,143,SEA,QB,23,,233c11ab-0b40-42d2-9e1c-57b9df68969d
C.J. Stroud,139,139,,175,HOU,QB,24,,e08333f4-72da-4d6b-8a4a-7258093eda3c
Tyrone Tracy,140,146,,44,NYG,RB,43,,8346d01a-e5c5-46c8-bb8d-90e142e9926c
Woody Marks,141,139.3,,71,HOU,RB,44,,3f365df5-b74c-451c-a67d-e3ad460752aa
Dylan Sampson,142,171.3,,184,CLE,RB,45,,da4bbb87-fe7f-4d65-9cbe-c3085d2cbfc1
Jalen McMillan,143,137.4,,254,TB,WR,58,,92537de5-d0be-45ec-b8ad-bf0ee3ddce60
Rashid Shaheed,144,143.6,,122,SEA,WR,59,,e950f611-f934-488d-ad6a-3fac1c89a3f2
Brandon Aiyuk,145,155,,,SF,WR,60,,6d395b73-b5be-494d-83e5-7b8b73bda0b8
Stefon Diggs,146,156.2,,53,,WR,61,,4efc8624-dc36-4242-b1cb-0cc6d3862174
Jauan Jennings,147,150.1,,82,,WR,62,,807899c2-41e6-4f82-9091-0d34be8ab610
Deebo Samuel,148,169.6,,73,,WR,63,,7d7766b7-6c5c-4a3f-9d89-adda8940df3d
Cam Ward,149,142.1,,279,TEN,QB,25,,0f66297e-c3ab-4840-9cea-c73def0f5ab4
AJ Barner,150,173.2,,112,SEA,TE,17,,0c7ec0aa-bc36-49d5-a402-0cb26a244803
Brenton Strange,151,151.6,,153,JAX,TE,18,,f8a8ab57-e237-4732-830d-7e0d5edd2620
Tyler Allgeier,152,138.3,,126,ARI,RB,46,,9abe9b0f-ac15-496a-9fe6-8e2936d122c1
Mike Washington,153,155.4,,,LV,RB,47,,5a5bfcaa-e87c-4ace-8f2c-5c494dd7950e
Isiah Pacheco,154,166.7,,219,DET,RB,48,,1a2115d5-cf2b-40f2-a512-e4d3fadc60e7
Jerry Jeudy,155,167.1,,170,CLE,WR,64,,392cac47-00b2-4189-b006-58ebc14b23bf
Calvin Ridley,156,180.5,,245,TEN,WR,65,,52947412-4003-4b6b-9660-5a2aa4ca1bd7
Kenyon Sadiq,157,141.1,,,NYJ,TE,19,,a59c3f47-ac4f-4bbc-8ea0-4b0afe04b9dc
Juwan Johnson,158,155.3,,115,NO,TE,20,,4d3349f4-94a4-4d53-bdcb-8d754c37a315
T.J. Hockenson,159,168.1,,241,MIN,TE,21,,7d34e47d-044c-4a44-90b4-d1ce54549cea
Dalton Schultz,160,176.1,,113,HOU,TE,22,,9fd3effd-2d57-43d1-9da9-118e0aa3689b
Hunter Henry,161,159.7,,77,NE,TE,23,,aa36686a-7005-49d2-8db8-2ccbe6e483e0
Daniel Jones,162,141.2,,145,IND,QB,26,,f9b4b51b-3d0e-47b6-bbc4-d73ed3340f82
Chig Okonkwo,163,160,,207,WAS,TE,24,,9f843748-952c-4e26-b336-d35a73a18c2e
Cade Otton,164,194.2,,154,TB,TE,25,,268e4c6c-716d-467c-856a-1297e1c743cf
Brian Robinson,165,170.7,,,ATL,RB,49,,602683fa-4f9e-44ce-b92d-44dcca9ca2a4
Tank Bigsby,166,181.6,,188,PHI,RB,50,,9ad5fbe4-e29b-4c36-a7cb-9309acf60abe
Braelon Allen,167,164,,,NYJ,RB,51,,c90c934c-9d10-4836-a138-d8ce1e2198d2
Jonah Coleman,168,143.7,,,DEN,RB,52,,e77fc2ba-9f10-418d-8133-14b993d3f59e
Tyjae Spears,169,159.5,,159,TEN,RB,53,,05a6881d-5311-49a0-be02-83b85e831b2b
Geno Smith,170,168.2,,185,NYJ,QB,27,,d11c4534-5691-488e-910d-7707c6c12e44
Fernando Mendoza,171,165.8,,,LV,QB,28,,0b218e62-7871-4c50-99aa-7268ab5c5c28
Jacoby Brissett,172,161.8,,178,ARI,QB,29,,00fa8a29-92e1-4a0f-b4d1-8fab945cfcd3
Aaron Rodgers,173,198.6,,201,PIT,QB,30,,db9d8880-ccab-480e-8fa3-d0e1c1fe0297
Antonio Williams,174,200.1,,,WAS,WR,66,,9e0fd3fb-73c5-4f37-b250-1b768168bbf1
De'Zhaun Stribling,175,196.7,,,SF,WR,67,,77b3cf07-cf9b-4068-832f-4f787e7e7259
Omar Cooper,176,131.8,,,NYJ,WR,68,,9b6b5dd5-bcdf-4155-aa42-9b6c948e851e
Ryan Flournoy,177,202.7,,139,DAL,WR,69,,e351f43e-e09b-4509-be8b-9bfa83d46ad7
Tre Tucker,178,185,,100,LV,WR,70,,5387ce75-723a-46f8-a393-b0bd2207291c
Jack Bech,179,214.7,,332,LV,WR,71,,32bdcf83-11aa-4fef-857a-88419965dbc2
Denzel Boston,180,146.1,,,CLE,WR,72,,5d942e20-efde-4e9b-b4be-8112da68037a
Keaton Mitchell,181,153.4,,297,LAC,RB,54,,5b54e335-28d1-4a11-bca1-3fe22ed959e3
Kaytron Allen,182,197.5,,,WAS,RB,55,,3e027734-95ef-495e-bb49-43caf28f632d
Kaelon Black,183,213.6,,,SF,RB,56,,2b4755db-65b8-4ebb-a6ac-dcc87d34c16b
Justice Hill,184,214.9,,163,BAL,RB,57,,ad69fd40-04a0-42d9-b8bc-b01b02910d5d
Isaac TeSlaa,185,168.9,,187,DET,WR,73,,8d520a36-2e8c-4bd3-84d3-29708cef21ab
Kayshon Boutte,186,183.8,,92,NE,WR,74,,578083fd-28b7-4f25-9ab5-76dac063ab44
Tre' Harris,187,178.2,,339,LAC,WR,75,,d53f8a01-f0d6-441b-b85a-d69b2095642d
Alvin Kamara,188,196.1,,160,NO,RB,58,,8f61d453-4928-4717-a57e-d8f8f21fa211
Emmett Johnson,189,171.4,,,KC,RB,59,,58ef4b7e-c240-4470-8313-46a066fd93b9
Emanuel Wilson,190,192.4,,129,SEA,RB,60,,3f6dd9e5-b0ac-46bc-bbc5-c6ce3f046a19
Zach Charbonnet,191,128.1,,46,SEA,RB,61,,eb6be1fa-c875-4300-87e2-7809671a5a00
Chris Brooks,192,215.2,,,GB,RB,62,,02dccdb4-7ecd-4ee5-9fd8-1531213ce3c6
Sean Tucker,193,195.8,,125,TB,RB,63,,3a013faa-4c46-49e8-bc5d-54d3a9803c1e
David Njoku,194,202.6,,196,,TE,26,,de7bde14-cf9f-4b06-98f4-8c52c41bf649
Terrance Ferguson,195,207.4,,230,LAR,TE,27,,625be843-9bf8-4602-9029-a88e52b084bd
Eli Stowers,196,183.2,,,PHI,TE,28,,290c697a-95db-494a-9728-a1c3f90d4395
Gunnar Helm,197,190.1,,,TEN,TE,29,,8b12012c-b9e9-40d8-bb16-f4d696bb150f
Cooper Kupp,198,212.7,,197,SEA,WR,76,,dbe588a1-cdaf-458e-a0b4-daa450f19bbf
Adonai Mitchell,199,183.1,,155,NYJ,WR,77,,6b6c0fe5-926b-4c07-869e-932beca840ba
Dontayvion Wicks,200,182.5,,173,PHI,WR,78,,5df1a513-165c-4a68-8430-397522553e27
Chris Bell,201,207.8,,,MIA,WR,79,,f78d35e4-b166-4fc2-8d37-90fe6c95d790
Chris Brazzell,202,202.6,,,CAR,WR,80,,9c0a23d8-b2c0-4b5f-b348-70cd1e1d6669
Germie Bernard,203,191.8,,,PIT,WR,81,,4f3c5505-9940-4dfc-bc57-603892bccb40
Malik Washington,204,190.8,,227,MIA,WR,82,,9ff86d7b-4419-4124-b7f7-45e95948cd07
Tua Tagovailoa,205,204,,242,ATL,QB,31,,088cc763-b559-43bc-a5fa-899f811452ff
Michael Penix,206,212.1,,243,ATL,QB,32,,4a2d05c3-cb53-441f-b01f-869caa3d3db1
Kirk Cousins,207,215.1,,251,LV,QB,33,,4b055bc7-6f2a-4ed2-8027-9e9d73a98adf
Deshaun Watson,208,215.2,,,CLE,QB,35,,ec328230-8186-4309-8242-ca1e6c806e58
Ray Davis,209,205.7,,171,BUF,RB,64,,2367117b-16b7-45a4-970d-9ed4cf3f7e38
Kimani Vidal,210,206.8,,81,LAC,RB,65,,4a119663-b322-43a7-bfd3-19662f4e21b2
Najee Harris,211,215.8,,,,RB,66,,ae3a35f7-dd56-4915-9dd6-d4b94c9e3b2e
Nicholas Singleton,212,183.5,,,TEN,RB,67,,892fedf8-412c-4307-bab0-2a04c33b1642
Adam Randall,213,215.2,,,BAL,RB,68,,1bca686d-e264-4c60-9f2f-2c099315b414
Jordan James,214,206.7,,,SF,RB,69,,5c1416ec-0b1b-47d6-ad15-6dc75e170caf
Dawson Knox,215,215.5,,168,BUF,TE,30,,4e8e072d-6099-489b-a97f-a1e75f2cf1ab
Mike Gesicki,216,212.2,,198,CIN,TE,31,,d580ee61-2ae9-4765-8065-85a4dc403af3
Pat Freiermuth,217,203,,149,PIT,TE,32,,ef187a90-1a0c-46af-9775-ebaa0fbbc6d1
Shedeur Sanders,218,212.3,,182,CLE,QB,34,,b3699351-6046-4cfa-9cce-3a881e504d07
James Conner,219,199.3,,237,ARI,RB,70,,016f6b17-5612-436b-adf1-c717873cb230
DJ Giddens,220,215.7,,,IND,RB,71,,fd58ddcc-8f81-4922-bbbf-3d3fe82e687b
Tyreek Hill,221,183.3,,192,,WR,83,,16f0ce34-5e49-42fe-ab4f-02127a203252
Christian Kirk,222,189.6,,141,SF,WR,84,,8228dbe3-e9fb-422b-b2ed-499162f15ef0
Darnell Mooney,223,196.3,,246,NYG,WR,85,,bcf68759-6db5-45da-b6d9-859dc7a3ba4e
Tank Dell,224,195.1,,,HOU,WR,86,,2b915546-701a-43ba-83b8-14b637feaff5
Elijah Sarratt,225,204.9,,,BAL,WR,94,,a2a2da64-8443-4c7d-a1ce-835f30eca698
Pat Bryant,226,210.7,,264,DEN,WR,89,,97ac300b-1153-4a8d-ac58-47f85d74cd51
Tory Horton,227,209.6,,135,SEA,WR,87,,87e7baef-4eb4-46ca-aac1-4df33d0f0ce5
Troy Franklin,228,211,,80,DEN,WR,90,,e7ceb8ee-3f04-41d2-ade4-c91891883414
Hollywood Brown,229,215,,146,PHI,WR,92,,2fbbfb58-d145-4c4d-a191-94da934aeb97
Devaughn Vele,230,214.6,,195,NO,WR,93,,df9c6e16-ff33-446a-8c7c-7635a409155d
Zachariah Branch,231,209.6,,,ATL,WR,96,,76ded0dc-a456-4503-a04d-a4fb41aafbc8
Rashod Bateman,232,215.1,,247,BAL,WR,88,,0c387d43-416a-4895-932c-6ffdf97ff68a
Keon Coleman,233,214.9,,164,BUF,WR,100,,1862183c-6a0a-4cf9-b4ae-071c39cab7d1
Keenan Allen,234,215.7,,103,,WR,102,,2a6806b0-2be1-47bc-9adc-84f7348bdf22
Andrei Iosivas,235,215.4,,199,CIN,WR,105,,5d017d0c-0864-4cec-93d0-e5c68c76fca2
Ja'Kobi Lane,236,213.5,,,BAL,WR,106,,748b1bde-0acf-4e4d-bc1d-a634c3188c20
Jalen Tolbert,237,215.8,,281,MIA,WR,108,,ff73b868-18dc-4dc0-aa07-30bf79323218
Darius Slayton,238,215.6,,232,NYG,WR,109,,ee61b327-de07-483b-b872-eb251e6c2613
