source,source_url,snapshot_at,rank,name,position,nfl_team,projected_points,week1_projected_points
"Yahoo Fantasy","https://football.fantasysports.yahoo.com/f1/759588/players?&pos=O&sort=OR&sdir=1&status=ALL&eteam=ALL&fteam=NONE&stat1=S_PSR_2026&jsenabled=1","2026-08-29T15:17:31.001Z","1","Jahmyr Gibbs","RB","DET","328.82","20.36"
"Yahoo Fantasy","https://football.fantasysports.yahoo.com/f1/759588/players?&pos=O&sort=OR&sdir=1&status=ALL&eteam=ALL&fteam=NONE&stat1=S_PSR_2026&jsenabled=1","2026-08-29T15:17:31.001Z","2","Bijan Robinson","RB","ATL","331.78","20.53"
"Yahoo Fantasy","https://football.fantasysports.yahoo.com/f1/759588/players?&pos=O&sort=OR&sdir=1&status=ALL&eteam=ALL&fteam=NONE&stat1=S_PSR_2026&jsenabled=1","2026-08-29T15:17:31.001Z","3","Ja'Marr Chase","WR","CIN","326.01","19.99"
"Yahoo Fantasy","https://football.fantasysports.yahoo.com/f1/759588/players?&pos=O&sort=OR&sdir=1&status=ALL&eteam=ALL&fteam=NONE&stat1=S_PSR_2026&jsenabled=1","2026-08-29T15:17:31.001Z","4","Puka Nacua","WR","LAR","311.25","19.38"
"Yahoo Fantasy","https://football.fantasysports.yahoo.com/f1/759588/players?&pos=O&sort=OR&sdir=1&status=ALL&eteam=ALL&fteam=NONE&stat1=S_PSR_2026&jsenabled=1","2026-08-29T15:17:31.001Z","5","Jonathan Taylor","RB","IND","277.34","17.33"
"Yahoo Fantasy","https://football.fantasysports.yahoo.com/f1/759588/players?&pos=O&sort=OR&sdir=1&status=ALL&eteam=ALL&fteam=NONE&stat1=S_PSR_2026&jsenabled=1","2026-08-29T15:17:31.001Z","6","Christian McCaffrey","RB","SF","301.67","18.53"
"Yahoo Fantasy","https://football.fantasysports.yahoo.com/f1/759588/players?&pos=O&sort=OR&sdir=1&status=ALL&eteam=ALL&fteam=NONE&stat1=S_PSR_2026&jsenabled=1","2026-08-29T15:17:31.001Z","7","Amon-Ra St. Brown","WR","DET","302.95","19.08"
"Yahoo Fantasy","https://football.fantasysports.yahoo.com/f1/759588/players?&pos=O&sort=OR&sdir=1&status=ALL&eteam=ALL&fteam=NONE&stat1=S_PSR_2026&jsenabled=1","2026-08-29T15:17:31.001Z","8","Jaxon Smith-Njigba","WR","SEA","306.43","18.78"
"Yahoo Fantasy","https://football.fantasysports.yahoo.com/f1/759588/players?&pos=O&sort=OR&sdir=1&status=ALL&eteam=ALL&fteam=NONE&stat1=S_PSR_2026&jsenabled=1","2026-08-29T15:17:31.001Z","9","James Cook III","RB","BUF","251.94","14.37"
"Yahoo Fantasy","https://football.fantasysports.yahoo.com/f1/759588/players?&pos=O&sort=OR&sdir=1&status=ALL&eteam=ALL&fteam=NONE&stat1=S_PSR_2026&jsenabled=1","2026-08-29T15:17:31.001Z","10","Saquon Barkley","RB","PHI","242.52","15.17"
"Yahoo Fantasy","https://football.fantasysports.yahoo.com/f1/759588/players?&pos=O&sort=OR&sdir=1&status=ALL&eteam=ALL&fteam=NONE&stat1=S_PSR_2026&jsenabled=1","2026-08-29T15:17:31.001Z","11","CeeDee Lamb","WR","DAL","271.87","16.13"
"Yahoo Fantasy","https://football.fantasysports.yahoo.com/f1/759588/players?&pos=O&sort=OR&sdir=1&status=ALL&eteam=ALL&fteam=NONE&stat1=S_PSR_2026&jsenabled=1","2026-08-29T15:17:31.001Z","12","Kenneth Walker III","RB","KC","238.40","13.69"
"Yahoo Fantasy","https://football.fantasysports.yahoo.com/f1/759588/players?&pos=O&sort=OR&sdir=1&status=ALL&eteam=ALL&fteam=NONE&stat1=S_PSR_2026&jsenabled=1","2026-08-29T15:17:31.001Z","13","Justin Jefferson","WR","MIN","269.14","16.80"
"Yahoo Fantasy","https://football.fantasysports.yahoo.com/f1/759588/players?&pos=O&sort=OR&sdir=1&status=ALL&eteam=ALL&fteam=NONE&stat1=S_PSR_2026&jsenabled=1","2026-08-29T15:17:31.001Z","14","Chase Brown","RB","CIN","257.60","15.93"
"Yahoo Fantasy","https://football.fantasysports.yahoo.com/f1/759588/players?&pos=O&sort=OR&sdir=1&status=ALL&eteam=ALL&fteam=NONE&stat1=S_PSR_2026&jsenabled=1","2026-08-29T15:17:31.001Z","15","De'Von Achane","RB","MIA","273.77","16.92"
"Yahoo Fantasy","https://football.fantasysports.yahoo.com/f1/759588/players?&pos=O&sort=OR&sdir=1&status=ALL&eteam=ALL&fteam=NONE&stat1=S_PSR_2026&jsenabled=1","2026-08-29T15:17:31.001Z","16","Omarion Hampton","RB","LAC","228.82","15.01"
"Yahoo Fantasy","https://football.fantasysports.yahoo.com/f1/759588/players?&pos=O&sort=OR&sdir=1&status=ALL&eteam=ALL&fteam=NONE&stat1=S_PSR_2026&jsenabled=1","2026-08-29T15:17:31.001Z","17","Derrick Henry","RB","BAL","238.42","14.12"
"Yahoo Fantasy","https://football.fantasysports.yahoo.com/f1/759588/players?&pos=O&sort=OR&sdir=1&status=ALL&eteam=ALL&fteam=NONE&stat1=S_PSR_2026&jsenabled=1","2026-08-29T15:17:31.001Z","18","Nico Collins","WR","HOU","255.17","15.02"
"Yahoo Fantasy","https://football.fantasysports.yahoo.com/f1/759588/players?&pos=O&sort=OR&sdir=1&status=ALL&eteam=ALL&fteam=NONE&stat1=S_PSR_2026&jsenabled=1","2026-08-29T15:17:31.001Z","19","Brock Bowers","TE","LV","222.97","14.17"
"Yahoo Fantasy","https://football.fantasysports.yahoo.com/f1/759588/players?&pos=O&sort=OR&sdir=1&status=ALL&eteam=ALL&fteam=NONE&stat1=S_PSR_2026&jsenabled=1","2026-08-29T15:17:31.001Z","20","Drake London","WR","ATL","268.11","16.19"
"Yahoo Fantasy","https://football.fantasysports.yahoo.com/f1/759588/players?&pos=O&sort=OR&sdir=1&status=ALL&eteam=ALL&fteam=NONE&stat1=S_PSR_2026&jsenabled=1","2026-08-29T15:17:31.001Z","21","Ashton Jeanty","RB","LV","223.74","13.70"
"Yahoo Fantasy","https://football.fantasysports.yahoo.com/f1/759588/players?&pos=O&sort=OR&sdir=1&status=ALL&eteam=ALL&fteam=NONE&stat1=S_PSR_2026&jsenabled=1","2026-08-29T15:17:31.001Z","22","A.J. Brown","WR","NE","234.90","13.82"
"Yahoo Fantasy","https://football.fantasysports.yahoo.com/f1/759588/players?&pos=O&sort=OR&sdir=1&status=ALL&eteam=ALL&fteam=NONE&stat1=S_PSR_2026&jsenabled=1","2026-08-29T15:17:31.001Z","23","George Pickens","WR","DAL","250.92","14.74"
"Yahoo Fantasy","https://football.fantasysports.yahoo.com/f1/759588/players?&pos=O&sort=OR&sdir=1&status=ALL&eteam=ALL&fteam=NONE&stat1=S_PSR_2026&jsenabled=1","2026-08-29T15:17:31.001Z","24","Malik Nabers","WR","NYG","223.17","13.99"
"Yahoo Fantasy","https://football.fantasysports.yahoo.com/f1/759588/players?&pos=O&sort=OR&sdir=1&status=ALL&eteam=ALL&fteam=NONE&stat1=S_PSR_2026&jsenabled=1","2026-08-29T15:17:31.001Z","25","Chris Olave","WR","NO","237.35","14.60"
"Yahoo Fantasy","https://football.fantasysports.yahoo.com/f1/759588/players?&pos=O&sort=OR&sdir=1&status=ALL&eteam=ALL&fteam=NONE&stat1=S_PSR_2026&jsenabled=1","2026-08-29T15:17:31.001Z","26","DeVonta Smith","WR","PHI","231.70","14.67"
"Yahoo Fantasy","https://football.fantasysports.yahoo.com/f1/759588/players?&pos=O&sort=OR&sdir=1&status=ALL&eteam=ALL&fteam=NONE&stat1=S_PSR_2026&jsenabled=1","2026-08-29T15:17:31.001Z","27","Kyren Williams","RB","LAR","212.19","13.27"
"Yahoo Fantasy","https://football.fantasysports.yahoo.com/f1/759588/players?&pos=O&sort=OR&sdir=1&status=ALL&eteam=ALL&fteam=NONE&stat1=S_PSR_2026&jsenabled=1","2026-08-29T15:17:31.001Z","28","Tee Higgins","WR","CIN","217.77","13.94"
"Yahoo Fantasy","https://football.fantasysports.yahoo.com/f1/759588/players?&pos=O&sort=OR&sdir=1&status=ALL&eteam=ALL&fteam=NONE&stat1=S_PSR_2026&jsenabled=1","2026-08-29T15:17:31.001Z","29","Trey McBride","TE","ARI","236.72","13.62"
"Yahoo Fantasy","https://football.fantasysports.yahoo.com/f1/759588/players?&pos=O&sort=OR&sdir=1&status=ALL&eteam=ALL&fteam=NONE&stat1=S_PSR_2026&jsenabled=1","2026-08-29T15:17:31.001Z","30","Breece Hall","RB","NYJ","221.49","13.61"
"Yahoo Fantasy","https://football.fantasysports.yahoo.com/f1/759588/players?&pos=O&sort=OR&sdir=1&status=ALL&eteam=ALL&fteam=NONE&stat1=S_PSR_2026&jsenabled=1","2026-08-29T15:17:31.001Z","31","Josh Allen","QB","BUF","357.51","19.54"
"Yahoo Fantasy","https://football.fantasysports.yahoo.com/f1/759588/players?&pos=O&sort=OR&sdir=1&status=ALL&eteam=ALL&fteam=NONE&stat1=S_PSR_2026&jsenabled=1","2026-08-29T15:17:31.001Z","32","Jeremiyah Love","RB","ARI","229.48","12.87"
"Yahoo Fantasy","https://football.fantasysports.yahoo.com/f1/759588/players?&pos=O&sort=OR&sdir=1&status=ALL&eteam=ALL&fteam=NONE&stat1=S_PSR_2026&jsenabled=1","2026-08-29T15:17:31.001Z","33","Zay Flowers","WR","BAL","248.04","15.89"
"Yahoo Fantasy","https://football.fantasysports.yahoo.com/f1/759588/players?&pos=O&sort=OR&sdir=1&status=ALL&eteam=ALL&fteam=NONE&stat1=S_PSR_2026&jsenabled=1","2026-08-29T15:17:31.001Z","34","Jaylen Waddle","WR","DEN","216.27","13.24"
"Yahoo Fantasy","https://football.fantasysports.yahoo.com/f1/759588/players?&pos=O&sort=OR&sdir=1&status=ALL&eteam=ALL&fteam=NONE&stat1=S_PSR_2026&jsenabled=1","2026-08-29T15:17:31.001Z","35","Javonte Williams","RB","DAL","214.13","13.96"
"Yahoo Fantasy","https://football.fantasysports.yahoo.com/f1/759588/players?&pos=O&sort=OR&sdir=1&status=ALL&eteam=ALL&fteam=NONE&stat1=S_PSR_2026&jsenabled=1","2026-08-29T15:17:31.001Z","36","Rashee Rice","WR","KC","240.95","13.59"
"Yahoo Fantasy","https://football.fantasysports.yahoo.com/f1/759588/players?&pos=O&sort=OR&sdir=1&status=ALL&eteam=ALL&fteam=NONE&stat1=S_PSR_2026&jsenabled=1","2026-08-29T15:17:31.001Z","37","Colston Loveland","TE","CHI","193.14","11.95"
"Yahoo Fantasy","https://football.fantasysports.yahoo.com/f1/759588/players?&pos=O&sort=OR&sdir=1&status=ALL&eteam=ALL&fteam=NONE&stat1=S_PSR_2026&jsenabled=1","2026-08-29T15:17:31.001Z","38","Tetairoa McMillan","WR","CAR","222.77","13.97"
"Yahoo Fantasy","https://football.fantasysports.yahoo.com/f1/759588/players?&pos=O&sort=OR&sdir=1&status=ALL&eteam=ALL&fteam=NONE&stat1=S_PSR_2026&jsenabled=1","2026-08-29T15:17:31.001Z","39","Ladd McConkey","WR","LAC","202.48","12.59"
"Yahoo Fantasy","https://football.fantasysports.yahoo.com/f1/759588/players?&pos=O&sort=OR&sdir=1&status=ALL&eteam=ALL&fteam=NONE&stat1=S_PSR_2026&jsenabled=1","2026-08-29T15:17:31.001Z","40","Garrett Wilson","WR","NYJ","203.12","12.47"
"Yahoo Fantasy","https://football.fantasysports.yahoo.com/f1/759588/players?&pos=O&sort=OR&sdir=1&status=ALL&eteam=ALL&fteam=NONE&stat1=S_PSR_2026&jsenabled=1","2026-08-29T15:17:31.001Z","41","Travis Etienne Jr.","RB","NO","209.55","12.45"
"Yahoo Fantasy","https://football.fantasysports.yahoo.com/f1/759588/players?&pos=O&sort=OR&sdir=1&status=ALL&eteam=ALL&fteam=NONE&stat1=S_PSR_2026&jsenabled=1","2026-08-29T15:17:31.001Z","42","D'Andre Swift","RB","CHI","196.51","11.75"
"Yahoo Fantasy","https://football.fantasysports.yahoo.com/f1/759588/players?&pos=O&sort=OR&sdir=1&status=ALL&eteam=ALL&fteam=NONE&stat1=S_PSR_2026&jsenabled=1","2026-08-29T15:17:31.001Z","43","Emeka Egbuka","WR","TB","199.79","11.37"
"Yahoo Fantasy","https://football.fantasysports.yahoo.com/f1/759588/players?&pos=O&sort=OR&sdir=1&status=ALL&eteam=ALL&fteam=NONE&stat1=S_PSR_2026&jsenabled=1","2026-08-29T15:17:31.001Z","44","Josh Jacobs","RB","GB","205.91","11.73"
"Yahoo Fantasy","https://football.fantasysports.yahoo.com/f1/759588/players?&pos=O&sort=OR&sdir=1&status=ALL&eteam=ALL&fteam=NONE&stat1=S_PSR_2026&jsenabled=1","2026-08-29T15:17:31.001Z","45","Luther Burden III","WR","CHI","204.99","12.34"
"Yahoo Fantasy","https://football.fantasysports.yahoo.com/f1/759588/players?&pos=O&sort=OR&sdir=1&status=ALL&eteam=ALL&fteam=NONE&stat1=S_PSR_2026&jsenabled=1","2026-08-29T15:17:31.001Z","46","Terry McLaurin","WR","WAS","208.96","11.67"
"Yahoo Fantasy","https://football.fantasysports.yahoo.com/f1/759588/players?&pos=O&sort=OR&sdir=1&status=ALL&eteam=ALL&fteam=NONE&stat1=S_PSR_2026&jsenabled=1","2026-08-29T15:17:31.001Z","47","Tyler Warren","TE","IND","202.84","12.78"
"Yahoo Fantasy","https://football.fantasysports.yahoo.com/f1/759588/players?&pos=O&sort=OR&sdir=1&status=ALL&eteam=ALL&fteam=NONE&stat1=S_PSR_2026&jsenabled=1","2026-08-29T15:17:31.001Z","48","DJ Moore","WR","BUF","186.36","11.03"
"Yahoo Fantasy","https://football.fantasysports.yahoo.com/f1/759588/players?&pos=O&sort=OR&sdir=1&status=ALL&eteam=ALL&fteam=NONE&stat1=S_PSR_2026&jsenabled=1","2026-08-29T15:17:31.001Z","49","Cam Skattebo","RB","NYG","206.25","13.56"
"Yahoo Fantasy","https://football.fantasysports.yahoo.com/f1/759588/players?&pos=O&sort=OR&sdir=1&status=ALL&eteam=ALL&fteam=NONE&stat1=S_PSR_2026&jsenabled=1","2026-08-29T15:17:31.001Z","50","Lamar Jackson","QB","BAL","319.00","19.99"
"Yahoo Fantasy","https://football.fantasysports.yahoo.com/f1/759588/players?&pos=O&sort=OR&sdir=1&status=ALL&eteam=ALL&fteam=NONE&stat1=S_PSR_2026&jsenabled=1","2026-08-29T15:17:31.001Z","51","Rome Odunze","WR","CHI","189.71","10.79"
"Yahoo Fantasy","https://football.fantasysports.yahoo.com/f1/759588/players?&pos=O&sort=OR&sdir=1&status=ALL&eteam=ALL&fteam=NONE&stat1=S_PSR_2026&jsenabled=1","2026-08-29T15:17:31.001Z","52","Jameson Williams","WR","DET","185.27","11.56"
"Yahoo Fantasy","https://football.fantasysports.yahoo.com/f1/759588/players?&pos=O&sort=OR&sdir=1&status=ALL&eteam=ALL&fteam=NONE&stat1=S_PSR_2026&jsenabled=1","2026-08-29T15:17:31.001Z","53","Bucky Irving","RB","TB","194.06","12.00"
"Yahoo Fantasy","https://football.fantasysports.yahoo.com/f1/759588/players?&pos=O&sort=OR&sdir=1&status=ALL&eteam=ALL&fteam=NONE&stat1=S_PSR_2026&jsenabled=1","2026-08-29T15:17:31.001Z","54","Christian Watson","WR","GB","190.53","11.66"
"Yahoo Fantasy","https://football.fantasysports.yahoo.com/f1/759588/players?&pos=O&sort=OR&sdir=1&status=ALL&eteam=ALL&fteam=NONE&stat1=S_PSR_2026&jsenabled=1","2026-08-29T15:17:31.001Z","55","Bhayshul Tuten","RB","JAX","176.73","10.50"
"Yahoo Fantasy","https://football.fantasysports.yahoo.com/f1/759588/players?&pos=O&sort=OR&sdir=1&status=ALL&eteam=ALL&fteam=NONE&stat1=S_PSR_2026&jsenabled=1","2026-08-29T15:17:31.001Z","56","Parker Washington","WR","JAX","198.32","10.97"
"Yahoo Fantasy","https://football.fantasysports.yahoo.com/f1/759588/players?&pos=O&sort=OR&sdir=1&status=ALL&eteam=ALL&fteam=NONE&stat1=S_PSR_2026&jsenabled=1","2026-08-29T15:17:31.001Z","57","Davante Adams","WR","LAR","192.33","11.88"
"Yahoo Fantasy","https://football.fantasysports.yahoo.com/f1/759588/players?&pos=O&sort=OR&sdir=1&status=ALL&eteam=ALL&fteam=NONE&stat1=S_PSR_2026&jsenabled=1","2026-08-29T15:17:31.001Z","58","Quinshon Judkins","RB","CLE","193.39","10.94"
"Yahoo Fantasy","https://football.fantasysports.yahoo.com/f1/759588/players?&pos=O&sort=OR&sdir=1&status=ALL&eteam=ALL&fteam=NONE&stat1=S_PSR_2026&jsenabled=1","2026-08-29T15:17:31.001Z","59","David Montgomery","RB","HOU","192.07","11.73"
"Yahoo Fantasy","https://football.fantasysports.yahoo.com/f1/759588/players?&pos=O&sort=OR&sdir=1&status=ALL&eteam=ALL&fteam=NONE&stat1=S_PSR_2026&jsenabled=1","2026-08-29T15:17:31.001Z","60","Jadarian Price","RB","SEA","185.12","10.15"
"Yahoo Fantasy","https://football.fantasysports.yahoo.com/f1/759588/players?&pos=O&sort=OR&sdir=1&status=ALL&eteam=ALL&fteam=NONE&stat1=S_PSR_2026&jsenabled=1","2026-08-29T15:17:31.001Z","61","Mike Evans","WR","SF","197.23","11.44"
"Yahoo Fantasy","https://football.fantasysports.yahoo.com/f1/759588/players?&pos=O&sort=OR&sdir=1&status=ALL&eteam=ALL&fteam=NONE&stat1=S_PSR_2026&jsenabled=1","2026-08-29T15:17:31.001Z","62","Drake Maye","QB","NE","325.65","17.72"
"Yahoo Fantasy","https://football.fantasysports.yahoo.com/f1/759588/players?&pos=O&sort=OR&sdir=1&status=ALL&eteam=ALL&fteam=NONE&stat1=S_PSR_2026&jsenabled=1","2026-08-29T15:17:31.001Z","63","Jayden Daniels","QB","WAS","319.08","18.15"
"Yahoo Fantasy","https://football.fantasysports.yahoo.com/f1/759588/players?&pos=O&sort=OR&sdir=1&status=ALL&eteam=ALL&fteam=NONE&stat1=S_PSR_2026&jsenabled=1","2026-08-29T15:17:31.001Z","64","Joe Burrow","QB","CIN","314.63","20.31"
"Yahoo Fantasy","https://football.fantasysports.yahoo.com/f1/759588/players?&pos=O&sort=OR&sdir=1&status=ALL&eteam=ALL&fteam=NONE&stat1=S_PSR_2026&jsenabled=1","2026-08-29T15:17:31.001Z","65","TreVeyon Henderson","RB","NE","176.12","9.61"
"Yahoo Fantasy","https://football.fantasysports.yahoo.com/f1/759588/players?&pos=O&sort=OR&sdir=1&status=ALL&eteam=ALL&fteam=NONE&stat1=S_PSR_2026&jsenabled=1","2026-08-29T15:17:31.001Z","66","Jalen Hurts","QB","PHI","322.52","21.12"
"Yahoo Fantasy","https://football.fantasysports.yahoo.com/f1/759588/players?&pos=O&sort=OR&sdir=1&status=ALL&eteam=ALL&fteam=NONE&stat1=S_PSR_2026&jsenabled=1","2026-08-29T15:17:31.001Z","67","Tucker Kraft","TE","GB","174.90","10.29"
"Yahoo Fantasy","https://football.fantasysports.yahoo.com/f1/759588/players?&pos=O&sort=OR&sdir=1&status=ALL&eteam=ALL&fteam=NONE&stat1=S_PSR_2026&jsenabled=1","2026-08-29T15:17:31.001Z","68","Rhamondre Stevenson","RB","NE","174.26","9.96"
"Yahoo Fantasy","https://football.fantasysports.yahoo.com/f1/759588/players?&pos=O&sort=OR&sdir=1&status=ALL&eteam=ALL&fteam=NONE&stat1=S_PSR_2026&jsenabled=1","2026-08-29T15:17:31.001Z","69","Marvin Harrison Jr.","WR","ARI","174.82","9.37"
"Yahoo Fantasy","https://football.fantasysports.yahoo.com/f1/759588/players?&pos=O&sort=OR&sdir=1&status=ALL&eteam=ALL&fteam=NONE&stat1=S_PSR_2026&jsenabled=1","2026-08-29T15:17:31.001Z","70","Jaylen Warren","RB","PIT","183.13","12.29"
"Yahoo Fantasy","https://football.fantasysports.yahoo.com/f1/759588/players?&pos=O&sort=OR&sdir=1&status=ALL&eteam=ALL&fteam=NONE&stat1=S_PSR_2026&jsenabled=1","2026-08-29T15:17:31.001Z","71","Sam LaPorta","TE","DET","174.15","10.51"
"Yahoo Fantasy","https://football.fantasysports.yahoo.com/f1/759588/players?&pos=O&sort=OR&sdir=1&status=ALL&eteam=ALL&fteam=NONE&stat1=S_PSR_2026&jsenabled=1","2026-08-29T15:17:31.001Z","72","Caleb Williams","QB","CHI","300.00","18.55"
"Yahoo Fantasy","https://football.fantasysports.yahoo.com/f1/759588/players?&pos=O&sort=OR&sdir=1&status=ALL&eteam=ALL&fteam=NONE&stat1=S_PSR_2026&jsenabled=1","2026-08-29T15:17:31.001Z","73","Brian Thomas Jr.","WR","JAX","164.38","8.87"
"Yahoo Fantasy","https://football.fantasysports.yahoo.com/f1/759588/players?&pos=O&sort=OR&sdir=1&status=ALL&eteam=ALL&fteam=NONE&stat1=S_PSR_2026&jsenabled=1","2026-08-29T15:17:31.001Z","74","Carnell Tate","WR","TEN","172.00","10.89"
"Yahoo Fantasy","https://football.fantasysports.yahoo.com/f1/759588/players?&pos=O&sort=OR&sdir=1&status=ALL&eteam=ALL&fteam=NONE&stat1=S_PSR_2026&jsenabled=1","2026-08-29T15:17:31.001Z","75","Justin Herbert","QB","LAC","290.51","19.49"
"Yahoo Fantasy","https://football.fantasysports.yahoo.com/f1/759588/players?&pos=O&sort=OR&sdir=1&status=ALL&eteam=ALL&fteam=NONE&stat1=S_PSR_2026&jsenabled=1","2026-08-29T15:17:31.001Z","76","Jonathon Brooks","RB","CAR","164.19","10.04"
"Yahoo Fantasy","https://football.fantasysports.yahoo.com/f1/759588/players?&pos=O&sort=OR&sdir=1&status=ALL&eteam=ALL&fteam=NONE&stat1=S_PSR_2026&jsenabled=1","2026-08-29T15:17:31.001Z","77","DK Metcalf","WR","PIT","178.19","11.04"
"Yahoo Fantasy","https://football.fantasysports.yahoo.com/f1/759588/players?&pos=O&sort=OR&sdir=1&status=ALL&eteam=ALL&fteam=NONE&stat1=S_PSR_2026&jsenabled=1","2026-08-29T15:17:31.001Z","78","Harold Fannin Jr.","TE","CLE","177.17","10.48"
"Yahoo Fantasy","https://football.fantasysports.yahoo.com/f1/759588/players?&pos=O&sort=OR&sdir=1&status=ALL&eteam=ALL&fteam=NONE&stat1=S_PSR_2026&jsenabled=1","2026-08-29T15:17:31.001Z","79","Trevor Lawrence","QB","JAX","299.33","16.66"
"Yahoo Fantasy","https://football.fantasysports.yahoo.com/f1/759588/players?&pos=O&sort=OR&sdir=1&status=ALL&eteam=ALL&fteam=NONE&stat1=S_PSR_2026&jsenabled=1","2026-08-29T15:17:31.001Z","80","Dak Prescott","QB","DAL","308.94","18.91"
"Yahoo Fantasy","https://football.fantasysports.yahoo.com/f1/759588/players?&pos=O&sort=OR&sdir=1&status=ALL&eteam=ALL&fteam=NONE&stat1=S_PSR_2026&jsenabled=1","2026-08-29T15:17:31.001Z","81","Kyle Pitts Sr.","TE","ATL","176.12","10.78"
"Yahoo Fantasy","https://football.fantasysports.yahoo.com/f1/759588/players?&pos=O&sort=OR&sdir=1&status=ALL&eteam=ALL&fteam=NONE&stat1=S_PSR_2026&jsenabled=1","2026-08-29T15:17:31.001Z","82","Tony Pollard","RB","TEN","158.07","9.83"
"Yahoo Fantasy","https://football.fantasysports.yahoo.com/f1/759588/players?&pos=O&sort=OR&sdir=1&status=ALL&eteam=ALL&fteam=NONE&stat1=S_PSR_2026&jsenabled=1","2026-08-29T15:17:31.001Z","83","Rico Dowdle","RB","PIT","174.20","11.73"
"Yahoo Fantasy","https://football.fantasysports.yahoo.com/f1/759588/players?&pos=O&sort=OR&sdir=1&status=ALL&eteam=ALL&fteam=NONE&stat1=S_PSR_2026&jsenabled=1","2026-08-29T15:17:31.001Z","84","J.K. Dobbins","RB","DEN","144.12","7.63"
"Yahoo Fantasy","https://football.fantasysports.yahoo.com/f1/759588/players?&pos=O&sort=OR&sdir=1&status=ALL&eteam=ALL&fteam=NONE&stat1=S_PSR_2026&jsenabled=1","2026-08-29T15:17:31.001Z","85","Chris Godwin Jr.","WR","TB","166.27","10.10"
"Yahoo Fantasy","https://football.fantasysports.yahoo.com/f1/759588/players?&pos=O&sort=OR&sdir=1&status=ALL&eteam=ALL&fteam=NONE&stat1=S_PSR_2026&jsenabled=1","2026-08-29T15:17:31.001Z","86","Michael Wilson","WR","ARI","161.30","9.30"
"Yahoo Fantasy","https://football.fantasysports.yahoo.com/f1/759588/players?&pos=O&sort=OR&sdir=1&status=ALL&eteam=ALL&fteam=NONE&stat1=S_PSR_2026&jsenabled=1","2026-08-29T15:17:31.001Z","87","Josh Downs","WR","IND","181.56","12.02"
"Yahoo Fantasy","https://football.fantasysports.yahoo.com/f1/759588/players?&pos=O&sort=OR&sdir=1&status=ALL&eteam=ALL&fteam=NONE&stat1=S_PSR_2026&jsenabled=1","2026-08-29T15:17:31.001Z","88","George Kittle","TE","SF","160.90","9.37"
"Yahoo Fantasy","https://football.fantasysports.yahoo.com/f1/759588/players?&pos=O&sort=OR&sdir=1&status=ALL&eteam=ALL&fteam=NONE&stat1=S_PSR_2026&jsenabled=1","2026-08-29T15:17:31.001Z","89","Jacory Croskey-Merritt","RB","WAS","135.54","7.97"
"Yahoo Fantasy","https://football.fantasysports.yahoo.com/f1/759588/players?&pos=O&sort=OR&sdir=1&status=ALL&eteam=ALL&fteam=NONE&stat1=S_PSR_2026&jsenabled=1","2026-08-29T15:17:31.001Z","90","Stefon Diggs","WR","WAS","160.98","9.55"
"Yahoo Fantasy","https://football.fantasysports.yahoo.com/f1/759588/players?&pos=O&sort=OR&sdir=1&status=ALL&eteam=ALL&fteam=NONE&stat1=S_PSR_2026&jsenabled=1","2026-08-29T15:17:31.001Z","91","Blake Corum","RB","LAR","143.06","8.67"
"Yahoo Fantasy","https://football.fantasysports.yahoo.com/f1/759588/players?&pos=O&sort=OR&sdir=1&status=ALL&eteam=ALL&fteam=NONE&stat1=S_PSR_2026&jsenabled=1","2026-08-29T15:17:31.001Z","92","De'Zhaun Stribling","WR","SF","114.37","6.46"
"Yahoo Fantasy","https://football.fantasysports.yahoo.com/f1/759588/players?&pos=O&sort=OR&sdir=1&status=ALL&eteam=ALL&fteam=NONE&stat1=S_PSR_2026&jsenabled=1","2026-08-29T15:17:31.001Z","93","Chuba Hubbard","RB","CAR","158.46","10.27"
"Yahoo Fantasy","https://football.fantasysports.yahoo.com/f1/759588/players?&pos=O&sort=OR&sdir=1&status=ALL&eteam=ALL&fteam=NONE&stat1=S_PSR_2026&jsenabled=1","2026-08-29T15:17:31.001Z","94","Quentin Johnston","WR","LAC","151.49","10.06"
"Yahoo Fantasy","https://football.fantasysports.yahoo.com/f1/759588/players?&pos=O&sort=OR&sdir=1&status=ALL&eteam=ALL&fteam=NONE&stat1=S_PSR_2026&jsenabled=1","2026-08-29T15:17:31.001Z","95","Jordan Addison","WR","MIN","157.14","9.75"
"Yahoo Fantasy","https://football.fantasysports.yahoo.com/f1/759588/players?&pos=O&sort=OR&sdir=1&status=ALL&eteam=ALL&fteam=NONE&stat1=S_PSR_2026&jsenabled=1","2026-08-29T15:17:31.001Z","96","Jayden Reed","WR","GB","174.59","10.71"
"Yahoo Fantasy","https://football.fantasysports.yahoo.com/f1/759588/players?&pos=O&sort=OR&sdir=1&status=ALL&eteam=ALL&fteam=NONE&stat1=S_PSR_2026&jsenabled=1","2026-08-29T15:17:31.001Z","97","Brock Purdy","QB","SF","284.66","16.96"
"Yahoo Fantasy","https://football.fantasysports.yahoo.com/f1/759588/players?&pos=O&sort=OR&sdir=1&status=ALL&eteam=ALL&fteam=NONE&stat1=S_PSR_2026&jsenabled=1","2026-08-29T15:17:31.001Z","98","Alec Pierce","WR","IND","181.74","10.81"
"Yahoo Fantasy","https://football.fantasysports.yahoo.com/f1/759588/players?&pos=O&sort=OR&sdir=1&status=ALL&eteam=ALL&fteam=NONE&stat1=S_PSR_2026&jsenabled=1","2026-08-29T15:17:31.001Z","99","Courtland Sutton","WR","DEN","164.82","9.79"
"Yahoo Fantasy","https://football.fantasysports.yahoo.com/f1/759588/players?&pos=O&sort=OR&sdir=1&status=ALL&eteam=ALL&fteam=NONE&stat1=S_PSR_2026&jsenabled=1","2026-08-29T15:17:31.001Z","100","KC Concepcion","WR","CLE","149.54","8.55"
"Yahoo Fantasy","https://football.fantasysports.yahoo.com/f1/759588/players?&pos=O&sort=OR&sdir=1&status=ALL&eteam=ALL&fteam=NONE&stat1=S_PSR_2026&jsenabled=1","2026-08-29T15:17:31.001Z","101","Bo Nix","QB","DEN","289.60","17.02"
"Yahoo Fantasy","https://football.fantasysports.yahoo.com/f1/759588/players?&pos=O&sort=OR&sdir=1&status=ALL&eteam=ALL&fteam=NONE&stat1=S_PSR_2026&jsenabled=1","2026-08-29T15:17:31.001Z","102","Jaxson Dart","QB","NYG","297.71","20.35"
"Yahoo Fantasy","https://football.fantasysports.yahoo.com/f1/759588/players?&pos=O&sort=OR&sdir=1&status=ALL&eteam=ALL&fteam=NONE&stat1=S_PSR_2026&jsenabled=1","2026-08-29T15:17:31.001Z","103","Jordan Mason","RB","MIN","146.80","8.44"
"Yahoo Fantasy","https://football.fantasysports.yahoo.com/f1/759588/players?&pos=O&sort=OR&sdir=1&status=ALL&eteam=ALL&fteam=NONE&stat1=S_PSR_2026&jsenabled=1","2026-08-29T15:17:31.001Z","104","Matthew Golden","WR","GB","154.75","9.04"
"Yahoo Fantasy","https://football.fantasysports.yahoo.com/f1/759588/players?&pos=O&sort=OR&sdir=1&status=ALL&eteam=ALL&fteam=NONE&stat1=S_PSR_2026&jsenabled=1","2026-08-29T15:17:31.001Z","105","Michael Pittman Jr.","WR","PIT","173.18","10.56"
"Yahoo Fantasy","https://football.fantasysports.yahoo.com/f1/759588/players?&pos=O&sort=OR&sdir=1&status=ALL&eteam=ALL&fteam=NONE&stat1=S_PSR_2026&jsenabled=1","2026-08-29T15:17:31.001Z","106","Makai Lemon","WR","PHI","144.98","7.64"
"Yahoo Fantasy","https://football.fantasysports.yahoo.com/f1/759588/players?&pos=O&sort=OR&sdir=1&status=ALL&eteam=ALL&fteam=NONE&stat1=S_PSR_2026&jsenabled=1","2026-08-29T15:17:31.001Z","107","Dalton Kincaid","TE","BUF","145.64","8.10"
"Yahoo Fantasy","https://football.fantasysports.yahoo.com/f1/759588/players?&pos=O&sort=OR&sdir=1&status=ALL&eteam=ALL&fteam=NONE&stat1=S_PSR_2026&jsenabled=1","2026-08-29T15:17:31.001Z","108","Kyle Monangai","RB","CHI","155.99","8.94"
"Yahoo Fantasy","https://football.fantasysports.yahoo.com/f1/759588/players?&pos=O&sort=OR&sdir=1&status=ALL&eteam=ALL&fteam=NONE&stat1=S_PSR_2026&jsenabled=1","2026-08-29T15:17:31.001Z","109","RJ Harvey","RB","DEN","157.58","9.57"
"Yahoo Fantasy","https://football.fantasysports.yahoo.com/f1/759588/players?&pos=O&sort=OR&sdir=1&status=ALL&eteam=ALL&fteam=NONE&stat1=S_PSR_2026&jsenabled=1","2026-08-29T15:17:31.001Z","110","Wan'Dale Robinson","WR","TEN","167.80","10.07"
"Yahoo Fantasy","https://football.fantasysports.yahoo.com/f1/759588/players?&pos=O&sort=OR&sdir=1&status=ALL&eteam=ALL&fteam=NONE&stat1=S_PSR_2026&jsenabled=1","2026-08-29T15:17:31.001Z","111","Chris Rodriguez Jr.","RB","JAX","116.28","6.90"
"Yahoo Fantasy","https://football.fantasysports.yahoo.com/f1/759588/players?&pos=O&sort=OR&sdir=1&status=ALL&eteam=ALL&fteam=NONE&stat1=S_PSR_2026&jsenabled=1","2026-08-29T15:17:31.001Z","112","Matthew Stafford","QB","LAR","280.27","17.72"
"Yahoo Fantasy","https://football.fantasysports.yahoo.com/f1/759588/players?&pos=O&sort=OR&sdir=1&status=ALL&eteam=ALL&fteam=NONE&stat1=S_PSR_2026&jsenabled=1","2026-08-29T15:17:31.001Z","113","Jalen Coker","WR","CAR","153.03","10.19"
"Yahoo Fantasy","https://football.fantasysports.yahoo.com/f1/759588/players?&pos=O&sort=OR&sdir=1&status=ALL&eteam=ALL&fteam=NONE&stat1=S_PSR_2026&jsenabled=1","2026-08-29T15:17:31.001Z","114","Kyler Murray","QB","MIN","280.23","17.08"
"Yahoo Fantasy","https://football.fantasysports.yahoo.com/f1/759588/players?&pos=O&sort=OR&sdir=1&status=ALL&eteam=ALL&fteam=NONE&stat1=S_PSR_2026&jsenabled=1","2026-08-29T15:17:31.001Z","115","Kenny Gainwell","RB","TB","160.14","9.88"
"Yahoo Fantasy","https://football.fantasysports.yahoo.com/f1/759588/players?&pos=O&sort=OR&sdir=1&status=ALL&eteam=ALL&fteam=NONE&stat1=S_PSR_2026&jsenabled=1","2026-08-29T15:17:31.001Z","116","Rachaad White","RB","WAS","144.77","8.83"
"Yahoo Fantasy","https://football.fantasysports.yahoo.com/f1/759588/players?&pos=O&sort=OR&sdir=1&status=ALL&eteam=ALL&fteam=NONE&stat1=S_PSR_2026&jsenabled=1","2026-08-29T15:17:31.001Z","117","Dallas Goedert","TE","PHI","148.56","9.68"
"Yahoo Fantasy","https://football.fantasysports.yahoo.com/f1/759588/players?&pos=O&sort=OR&sdir=1&status=ALL&eteam=ALL&fteam=NONE&stat1=S_PSR_2026&jsenabled=1","2026-08-29T15:17:31.001Z","118","Jared Goff","QB","DET","292.28","17.83"
"Yahoo Fantasy","https://football.fantasysports.yahoo.com/f1/759588/players?&pos=O&sort=OR&sdir=1&status=ALL&eteam=ALL&fteam=NONE&stat1=S_PSR_2026&jsenabled=1","2026-08-29T15:17:31.001Z","119","Patrick Mahomes","QB","KC","281.96","16.40"
"Yahoo Fantasy","https://football.fantasysports.yahoo.com/f1/759588/players?&pos=O&sort=OR&sdir=1&status=ALL&eteam=ALL&fteam=NONE&stat1=S_PSR_2026&jsenabled=1","2026-08-29T15:17:31.001Z","120","Travis Kelce","TE","KC","162.69","9.41"
"Yahoo Fantasy","https://football.fantasysports.yahoo.com/f1/759588/players?&pos=O&sort=OR&sdir=1&status=ALL&eteam=ALL&fteam=NONE&stat1=S_PSR_2026&jsenabled=1","2026-08-29T15:17:31.001Z","121","Isaiah Likely","TE","NYG","143.34","9.08"
"Yahoo Fantasy","https://football.fantasysports.yahoo.com/f1/759588/players?&pos=O&sort=OR&sdir=1&status=ALL&eteam=ALL&fteam=NONE&stat1=S_PSR_2026&jsenabled=1","2026-08-29T15:17:31.001Z","122","Romeo Doubs","WR","NE","147.30","8.53"
"Yahoo Fantasy","https://football.fantasysports.yahoo.com/f1/759588/players?&pos=O&sort=OR&sdir=1&status=ALL&eteam=ALL&fteam=NONE&stat1=S_PSR_2026&jsenabled=1","2026-08-29T15:17:31.001Z","123","Aaron Jones Sr.","RB","MIN","150.83","8.86"
"Yahoo Fantasy","https://football.fantasysports.yahoo.com/f1/759588/players?&pos=O&sort=OR&sdir=1&status=ALL&eteam=ALL&fteam=NONE&stat1=S_PSR_2026&jsenabled=1","2026-08-29T15:17:31.001Z","124","Jordan Love","QB","GB","285.16","16.77"
"Yahoo Fantasy","https://football.fantasysports.yahoo.com/f1/759588/players?&pos=O&sort=OR&sdir=1&status=ALL&eteam=ALL&fteam=NONE&stat1=S_PSR_2026&jsenabled=1","2026-08-29T15:17:31.001Z","125","Jakobi Meyers","WR","JAX","161.82","9.22"
"Yahoo Fantasy","https://football.fantasysports.yahoo.com/f1/759588/players?&pos=O&sort=OR&sdir=1&status=ALL&eteam=ALL&fteam=NONE&stat1=S_PSR_2026&jsenabled=1","2026-08-29T15:17:31.001Z","126","Jordyn Tyson","WR","NO","116.97","4.54"
"Yahoo Fantasy","https://football.fantasysports.yahoo.com/f1/759588/players?&pos=O&sort=OR&sdir=1&status=ALL&eteam=ALL&fteam=NONE&stat1=S_PSR_2026&jsenabled=1","2026-08-29T15:17:31.001Z","127","Keaton Mitchell","RB","LAC","101.17","6.95"
"Yahoo Fantasy","https://football.fantasysports.yahoo.com/f1/759588/players?&pos=O&sort=OR&sdir=1&status=ALL&eteam=ALL&fteam=NONE&stat1=S_PSR_2026&jsenabled=1","2026-08-29T15:17:31.001Z","128","Mike Washington Jr.","RB","LV","88.84","5.69"
"Yahoo Fantasy","https://football.fantasysports.yahoo.com/f1/759588/players?&pos=O&sort=OR&sdir=1&status=ALL&eteam=ALL&fteam=NONE&stat1=S_PSR_2026&jsenabled=1","2026-08-29T15:17:31.001Z","129","MarShawn Lloyd","RB","GB","82.56","5.09"
"Yahoo Fantasy","https://football.fantasysports.yahoo.com/f1/759588/players?&pos=O&sort=OR&sdir=1&status=ALL&eteam=ALL&fteam=NONE&stat1=S_PSR_2026&jsenabled=1","2026-08-29T15:17:31.001Z","130","Xavier Worthy","WR","KC","142.64","8.01"
"Yahoo Fantasy","https://football.fantasysports.yahoo.com/f1/759588/players?&pos=O&sort=OR&sdir=1&status=ALL&eteam=ALL&fteam=NONE&stat1=S_PSR_2026&jsenabled=1","2026-08-29T15:17:31.001Z","131","Woody Marks","RB","HOU","116.04","7.31"
"Yahoo Fantasy","https://football.fantasysports.yahoo.com/f1/759588/players?&pos=O&sort=OR&sdir=1&status=ALL&eteam=ALL&fteam=NONE&stat1=S_PSR_2026&jsenabled=1","2026-08-29T15:17:31.001Z","132","Malik Willis","QB","MIA","275.12","16.75"
"Yahoo Fantasy","https://football.fantasysports.yahoo.com/f1/759588/players?&pos=O&sort=OR&sdir=1&status=ALL&eteam=ALL&fteam=NONE&stat1=S_PSR_2026&jsenabled=1","2026-08-29T15:17:31.001Z","133","Rashid Shaheed","WR","SEA","132.54","8.08"
"Yahoo Fantasy","https://football.fantasysports.yahoo.com/f1/759588/players?&pos=O&sort=OR&sdir=1&status=ALL&eteam=ALL&fteam=NONE&stat1=S_PSR_2026&jsenabled=1","2026-08-29T15:17:31.001Z","134","Mark Andrews","TE","BAL","156.85","10.11"
"Yahoo Fantasy","https://football.fantasysports.yahoo.com/f1/759588/players?&pos=O&sort=OR&sdir=1&status=ALL&eteam=ALL&fteam=NONE&stat1=S_PSR_2026&jsenabled=1","2026-08-29T15:17:31.001Z","135","Baker Mayfield","QB","TB","269.98","16.84"
"Yahoo Fantasy","https://football.fantasysports.yahoo.com/f1/759588/players?&pos=O&sort=OR&sdir=1&status=ALL&eteam=ALL&fteam=NONE&stat1=S_PSR_2026&jsenabled=1","2026-08-29T15:17:31.001Z","136","Tyler Shough","QB","NO","284.15","17.31"
"Yahoo Fantasy","https://football.fantasysports.yahoo.com/f1/759588/players?&pos=O&sort=OR&sdir=1&status=ALL&eteam=ALL&fteam=NONE&stat1=S_PSR_2026&jsenabled=1","2026-08-29T15:17:31.001Z","137","Tyler Allgeier","RB","ARI","95.38","5.72"
"Yahoo Fantasy","https://football.fantasysports.yahoo.com/f1/759588/players?&pos=O&sort=OR&sdir=1&status=ALL&eteam=ALL&fteam=NONE&stat1=S_PSR_2026&jsenabled=1","2026-08-29T15:17:31.001Z","138","Tank Bigsby","RB","PHI","72.64","4.49"
"Yahoo Fantasy","https://football.fantasysports.yahoo.com/f1/759588/players?&pos=O&sort=OR&sdir=1&status=ALL&eteam=ALL&fteam=NONE&stat1=S_PSR_2026&jsenabled=1","2026-08-29T15:17:31.001Z","139","Khalil Shakir","WR","BUF","155.34","9.34"
"Yahoo Fantasy","https://football.fantasysports.yahoo.com/f1/759588/players?&pos=O&sort=OR&sdir=1&status=ALL&eteam=ALL&fteam=NONE&stat1=S_PSR_2026&jsenabled=1","2026-08-29T15:17:31.001Z","140","Tyjae Spears","RB","TEN","131.91","8.13"
"Yahoo Fantasy","https://football.fantasysports.yahoo.com/f1/759588/players?&pos=O&sort=OR&sdir=1&status=ALL&eteam=ALL&fteam=NONE&stat1=S_PSR_2026&jsenabled=1","2026-08-29T15:17:31.001Z","141","Juwan Johnson","TE","NO","138.91","8.75"
"Yahoo Fantasy","https://football.fantasysports.yahoo.com/f1/759588/players?&pos=O&sort=OR&sdir=1&status=ALL&eteam=ALL&fteam=NONE&stat1=S_PSR_2026&jsenabled=1","2026-08-29T15:17:31.001Z","142","Jonah Coleman","RB","DEN","74.89","4.11"
"Yahoo Fantasy","https://football.fantasysports.yahoo.com/f1/759588/players?&pos=O&sort=OR&sdir=1&status=ALL&eteam=ALL&fteam=NONE&stat1=S_PSR_2026&jsenabled=1","2026-08-29T15:17:31.001Z","143","Denzel Boston","WR","CLE","131.63","7.07"
"Yahoo Fantasy","https://football.fantasysports.yahoo.com/f1/759588/players?&pos=O&sort=OR&sdir=1&status=ALL&eteam=ALL&fteam=NONE&stat1=S_PSR_2026&jsenabled=1","2026-08-29T15:17:31.001Z","144","Jake Ferguson","TE","DAL","151.54","8.77"
"Yahoo Fantasy","https://football.fantasysports.yahoo.com/f1/759588/players?&pos=O&sort=OR&sdir=1&status=ALL&eteam=ALL&fteam=NONE&stat1=S_PSR_2026&jsenabled=1","2026-08-29T15:17:31.001Z","145","Zach Charbonnet","RB","SEA","99.07","5.38"
"Yahoo Fantasy","https://football.fantasysports.yahoo.com/f1/759588/players?&pos=O&sort=OR&sdir=1&status=ALL&eteam=ALL&fteam=NONE&stat1=S_PSR_2026&jsenabled=1","2026-08-29T15:17:31.001Z","146","Keenan Allen","WR","IND","101.09","6.92"
"Yahoo Fantasy","https://football.fantasysports.yahoo.com/f1/759588/players?&pos=O&sort=OR&sdir=1&status=ALL&eteam=ALL&fteam=NONE&stat1=S_PSR_2026&jsenabled=1","2026-08-29T15:17:31.001Z","147","Adonai Mitchell","WR","NYJ","102.66","6.53"
"Yahoo Fantasy","https://football.fantasysports.yahoo.com/f1/759588/players?&pos=O&sort=OR&sdir=1&status=ALL&eteam=ALL&fteam=NONE&stat1=S_PSR_2026&jsenabled=1","2026-08-29T15:17:31.001Z","148","Tre Tucker","WR","LV","117.89","8.15"
"Yahoo Fantasy","https://football.fantasysports.yahoo.com/f1/759588/players?&pos=O&sort=OR&sdir=1&status=ALL&eteam=ALL&fteam=NONE&stat1=S_PSR_2026&jsenabled=1","2026-08-29T15:17:31.001Z","149","Dalton Schultz","TE","HOU","138.80","8.06"
"Yahoo Fantasy","https://football.fantasysports.yahoo.com/f1/759588/players?&pos=O&sort=OR&sdir=1&status=ALL&eteam=ALL&fteam=NONE&stat1=S_PSR_2026&jsenabled=1","2026-08-29T15:17:31.001Z","150","Deebo Samuel Sr.","WR","SF","125.99","7.72"
"Yahoo Fantasy","https://football.fantasysports.yahoo.com/f1/759588/players?&pos=O&sort=OR&sdir=1&status=ALL&eteam=ALL&fteam=NONE&stat1=S_PSR_2026&jsenabled=1","2026-08-29T15:17:31.001Z","151","Sam Darnold","QB","SEA","256.18","15.71"
"Yahoo Fantasy","https://football.fantasysports.yahoo.com/f1/759588/players?&pos=O&sort=OR&sdir=1&status=ALL&eteam=ALL&fteam=NONE&stat1=S_PSR_2026&jsenabled=1","2026-08-29T15:17:31.001Z","152","Jalen McMillan","WR","TB","111.34","6.61"
"Yahoo Fantasy","https://football.fantasysports.yahoo.com/f1/759588/players?&pos=O&sort=OR&sdir=1&status=ALL&eteam=ALL&fteam=NONE&stat1=S_PSR_2026&jsenabled=1","2026-08-29T15:17:31.001Z","153","Ray Davis","RB","BUF","68.37","3.79"
"Yahoo Fantasy","https://football.fantasysports.yahoo.com/f1/759588/players?&pos=O&sort=OR&sdir=1&status=ALL&eteam=ALL&fteam=NONE&stat1=S_PSR_2026&jsenabled=1","2026-08-29T15:17:31.001Z","154","Dontayvion Wicks","WR","PHI","90.65","6.83"
"Yahoo Fantasy","https://football.fantasysports.yahoo.com/f1/759588/players?&pos=O&sort=OR&sdir=1&status=ALL&eteam=ALL&fteam=NONE&stat1=S_PSR_2026&jsenabled=1","2026-08-29T15:17:31.001Z","155","Chig Okonkwo","TE","WAS","124.54","7.05"
"Yahoo Fantasy","https://football.fantasysports.yahoo.com/f1/759588/players?&pos=O&sort=OR&sdir=1&status=ALL&eteam=ALL&fteam=NONE&stat1=S_PSR_2026&jsenabled=1","2026-08-29T15:17:31.001Z","156","Terrance Ferguson","TE","LAR","99.52","5.21"
"Yahoo Fantasy","https://football.fantasysports.yahoo.com/f1/759588/players?&pos=O&sort=OR&sdir=1&status=ALL&eteam=ALL&fteam=NONE&stat1=S_PSR_2026&jsenabled=1","2026-08-29T15:17:31.001Z","157","Pat Bryant","WR","DEN","97.99","6.26"
"Yahoo Fantasy","https://football.fantasysports.yahoo.com/f1/759588/players?&pos=O&sort=OR&sdir=1&status=ALL&eteam=ALL&fteam=NONE&stat1=S_PSR_2026&jsenabled=1","2026-08-29T15:17:31.001Z","158","Braelon Allen","RB","NYJ","74.86","4.53"
"Yahoo Fantasy","https://football.fantasysports.yahoo.com/f1/759588/players?&pos=O&sort=OR&sdir=1&status=ALL&eteam=ALL&fteam=NONE&stat1=S_PSR_2026&jsenabled=1","2026-08-29T15:17:31.001Z","159","Kaelon Black","RB","SF","51.16","2.73"
"Yahoo Fantasy","https://football.fantasysports.yahoo.com/f1/759588/players?&pos=O&sort=OR&sdir=1&status=ALL&eteam=ALL&fteam=NONE&stat1=S_PSR_2026&jsenabled=1","2026-08-29T15:17:31.001Z","160","Brian Robinson","RB","ATL","83.36","5.18"
"Yahoo Fantasy","https://football.fantasysports.yahoo.com/f1/759588/players?&pos=O&sort=OR&sdir=1&status=ALL&eteam=ALL&fteam=NONE&stat1=S_PSR_2026&jsenabled=1","2026-08-29T15:17:31.001Z","161","C.J. Stroud","QB","HOU","271.20","16.22"
"Yahoo Fantasy","https://football.fantasysports.yahoo.com/f1/759588/players?&pos=O&sort=OR&sdir=1&status=ALL&eteam=ALL&fteam=NONE&stat1=S_PSR_2026&jsenabled=1","2026-08-29T15:17:31.001Z","162","Ryan Flournoy","WR","DAL","108.94","6.37"
"Yahoo Fantasy","https://football.fantasysports.yahoo.com/f1/759588/players?&pos=O&sort=OR&sdir=1&status=ALL&eteam=ALL&fteam=NONE&stat1=S_PSR_2026&jsenabled=1","2026-08-29T15:17:31.001Z","163","Daniel Jones","QB","IND","246.84","17.04"
"Yahoo Fantasy","https://football.fantasysports.yahoo.com/f1/759588/players?&pos=O&sort=OR&sdir=1&status=ALL&eteam=ALL&fteam=NONE&stat1=S_PSR_2026&jsenabled=1","2026-08-29T15:17:31.001Z","164","Hunter Henry","TE","NE","147.25","8.41"
"Yahoo Fantasy","https://football.fantasysports.yahoo.com/f1/759588/players?&pos=O&sort=OR&sdir=1&status=ALL&eteam=ALL&fteam=NONE&stat1=S_PSR_2026&jsenabled=1","2026-08-29T15:17:31.001Z","165","Brenton Strange","TE","JAX","139.66","7.43"
"Yahoo Fantasy","https://football.fantasysports.yahoo.com/f1/759588/players?&pos=O&sort=OR&sdir=1&status=ALL&eteam=ALL&fteam=NONE&stat1=S_PSR_2026&jsenabled=1","2026-08-29T15:17:31.001Z","166","Emmett Johnson","RB","KC","70.81","3.76"
"Yahoo Fantasy","https://football.fantasysports.yahoo.com/f1/759588/players?&pos=O&sort=OR&sdir=1&status=ALL&eteam=ALL&fteam=NONE&stat1=S_PSR_2026&jsenabled=1","2026-08-29T15:17:31.001Z","167","Caleb Douglas","WR","MIA","102.57","6.16"
"Yahoo Fantasy","https://football.fantasysports.yahoo.com/f1/759588/players?&pos=O&sort=OR&sdir=1&status=ALL&eteam=ALL&fteam=NONE&stat1=S_PSR_2026&jsenabled=1","2026-08-29T15:17:31.001Z","168","Ja'Kobi Lane","WR","BAL","96.70","5.06"
"Yahoo Fantasy","https://football.fantasysports.yahoo.com/f1/759588/players?&pos=O&sort=OR&sdir=1&status=ALL&eteam=ALL&fteam=NONE&stat1=S_PSR_2026&jsenabled=1","2026-08-29T15:17:31.001Z","169","Kayshon Boutte","WR","HOU","103.93","6.38"
"Yahoo Fantasy","https://football.fantasysports.yahoo.com/f1/759588/players?&pos=O&sort=OR&sdir=1&status=ALL&eteam=ALL&fteam=NONE&stat1=S_PSR_2026&jsenabled=1","2026-08-29T15:17:31.001Z","170","Travis Hunter","WR","JAX","90.84","4.36"
"Yahoo Fantasy","https://football.fantasysports.yahoo.com/f1/759588/players?&pos=O&sort=OR&sdir=1&status=ALL&eteam=ALL&fteam=NONE&stat1=S_PSR_2026&jsenabled=1","2026-08-29T15:17:31.001Z","171","Cyrus Allen","WR","KC","81.94","3.21"
"Yahoo Fantasy","https://football.fantasysports.yahoo.com/f1/759588/players?&pos=O&sort=OR&sdir=1&status=ALL&eteam=ALL&fteam=NONE&stat1=S_PSR_2026&jsenabled=1","2026-08-29T15:17:31.001Z","172","Jalen Nailor","WR","LV","114.12","7.42"
"Yahoo Fantasy","https://football.fantasysports.yahoo.com/f1/759588/players?&pos=O&sort=OR&sdir=1&status=ALL&eteam=ALL&fteam=NONE&stat1=S_PSR_2026&jsenabled=1","2026-08-29T15:17:31.001Z","173","Isiah Pacheco","RB","DET","80.73","5.02"
"Yahoo Fantasy","https://football.fantasysports.yahoo.com/f1/759588/players?&pos=O&sort=OR&sdir=1&status=ALL&eteam=ALL&fteam=NONE&stat1=S_PSR_2026&jsenabled=1","2026-08-29T15:17:31.001Z","174","Cam Ward","QB","TEN","245.69","16.12"
"Yahoo Fantasy","https://football.fantasysports.yahoo.com/f1/759588/players?&pos=O&sort=OR&sdir=1&status=ALL&eteam=ALL&fteam=NONE&stat1=S_PSR_2026&jsenabled=1","2026-08-29T15:17:31.001Z","175","AJ Barner","TE","SEA","123.29","7.48"
"Yahoo Fantasy","https://football.fantasysports.yahoo.com/f1/759588/players?&pos=O&sort=OR&sdir=1&status=ALL&eteam=ALL&fteam=NONE&stat1=S_PSR_2026&jsenabled=1","2026-08-29T15:17:31.001Z","176","Dylan Sampson","RB","CLE","93.42","5.74"
"Yahoo Fantasy","https://football.fantasysports.yahoo.com/f1/759588/players?&pos=O&sort=OR&sdir=1&status=ALL&eteam=ALL&fteam=NONE&stat1=S_PSR_2026&jsenabled=1","2026-08-29T15:17:31.001Z","177","Bryce Young","QB","CAR","242.27","15.75"
"Yahoo Fantasy","https://football.fantasysports.yahoo.com/f1/759588/players?&pos=O&sort=OR&sdir=1&status=ALL&eteam=ALL&fteam=NONE&stat1=S_PSR_2026&jsenabled=1","2026-08-29T15:17:31.001Z","178","Alvin Kamara","RB","NO","80.16","4.43"
"Yahoo Fantasy","https://football.fantasysports.yahoo.com/f1/759588/players?&pos=O&sort=OR&sdir=1&status=ALL&eteam=ALL&fteam=NONE&stat1=S_PSR_2026&jsenabled=1","2026-08-29T15:17:31.001Z","179","Tre' Harris","WR","LAC","107.98","6.57"
"Yahoo Fantasy","https://football.fantasysports.yahoo.com/f1/759588/players?&pos=O&sort=OR&sdir=1&status=ALL&eteam=ALL&fteam=NONE&stat1=S_PSR_2026&jsenabled=1","2026-08-29T15:17:31.001Z","180","Devaughn Vele","WR","NO","99.69","6.49"
"Yahoo Fantasy","https://football.fantasysports.yahoo.com/f1/759588/players?&pos=O&sort=OR&sdir=1&status=ALL&eteam=ALL&fteam=NONE&stat1=S_PSR_2026&jsenabled=1","2026-08-29T15:17:31.001Z","181","Jaylin Noel","WR","HOU","95.63","5.10"
"Yahoo Fantasy","https://football.fantasysports.yahoo.com/f1/759588/players?&pos=O&sort=OR&sdir=1&status=ALL&eteam=ALL&fteam=NONE&stat1=S_PSR_2026&jsenabled=1","2026-08-29T15:17:31.001Z","182","Greg Dulcich","TE","MIA","125.74","7.56"
"Yahoo Fantasy","https://football.fantasysports.yahoo.com/f1/759588/players?&pos=O&sort=OR&sdir=1&status=ALL&eteam=ALL&fteam=NONE&stat1=S_PSR_2026&jsenabled=1","2026-08-29T15:17:31.001Z","183","Jerry Jeudy","WR","CLE","114.00","6.31"
"Yahoo Fantasy","https://football.fantasysports.yahoo.com/f1/759588/players?&pos=O&sort=OR&sdir=1&status=ALL&eteam=ALL&fteam=NONE&stat1=S_PSR_2026&jsenabled=1","2026-08-29T15:17:31.001Z","184","Malik Washington","WR","MIA","116.71","7.29"
"Yahoo Fantasy","https://football.fantasysports.yahoo.com/f1/759588/players?&pos=O&sort=OR&sdir=1&status=ALL&eteam=ALL&fteam=NONE&stat1=S_PSR_2026&jsenabled=1","2026-08-29T15:17:31.001Z","185","Kenyon Sadiq","TE","NYJ","107.39","5.87"
"Yahoo Fantasy","https://football.fantasysports.yahoo.com/f1/759588/players?&pos=O&sort=OR&sdir=1&status=ALL&eteam=ALL&fteam=NONE&stat1=S_PSR_2026&jsenabled=1","2026-08-29T15:17:31.001Z","186","Demond Claiborne","RB","MIN","37.04","2.41"
"Yahoo Fantasy","https://football.fantasysports.yahoo.com/f1/759588/players?&pos=O&sort=OR&sdir=1&status=ALL&eteam=ALL&fteam=NONE&stat1=S_PSR_2026&jsenabled=1","2026-08-29T15:17:31.001Z","187","Najee Harris","RB","NYG","46.59","2.96"
"Yahoo Fantasy","https://football.fantasysports.yahoo.com/f1/759588/players?&pos=O&sort=OR&sdir=1&status=ALL&eteam=ALL&fteam=NONE&stat1=S_PSR_2026&jsenabled=1","2026-08-29T15:17:31.001Z","188","Omar Cooper Jr.","WR","NYJ","88.80","4.20"
"Yahoo Fantasy","https://football.fantasysports.yahoo.com/f1/759588/players?&pos=O&sort=OR&sdir=1&status=ALL&eteam=ALL&fteam=NONE&stat1=S_PSR_2026&jsenabled=1","2026-08-29T15:17:31.001Z","189","Nicholas Singleton","RB","TEN","54.04","2.88"
"Yahoo Fantasy","https://football.fantasysports.yahoo.com/f1/759588/players?&pos=O&sort=OR&sdir=1&status=ALL&eteam=ALL&fteam=NONE&stat1=S_PSR_2026&jsenabled=1","2026-08-29T15:17:31.001Z","190","Kaytron Allen","RB","WAS","47.16",
"Yahoo Fantasy","https://football.fantasysports.yahoo.com/f1/759588/players?&pos=O&sort=OR&sdir=1&status=ALL&eteam=ALL&fteam=NONE&stat1=S_PSR_2026&jsenabled=1","2026-08-29T15:17:31.001Z","191","George Holani","RB","SEA","39.43","2.70"
"Yahoo Fantasy","https://football.fantasysports.yahoo.com/f1/759588/players?&pos=O&sort=OR&sdir=1&status=ALL&eteam=ALL&fteam=NONE&stat1=S_PSR_2026&jsenabled=1","2026-08-29T15:17:31.001Z","192","T.J. Hockenson","TE","MIN","132.09","7.61"
"Yahoo Fantasy","https://football.fantasysports.yahoo.com/f1/759588/players?&pos=O&sort=OR&sdir=1&status=ALL&eteam=ALL&fteam=NONE&stat1=S_PSR_2026&jsenabled=1","2026-08-29T15:17:31.001Z","193","Jacoby Brissett","QB","ARI","200.05","13.88"
"Yahoo Fantasy","https://football.fantasysports.yahoo.com/f1/759588/players?&pos=O&sort=OR&sdir=1&status=ALL&eteam=ALL&fteam=NONE&stat1=S_PSR_2026&jsenabled=1","2026-08-29T15:17:31.001Z","194","Chris Bell","WR","MIA","73.49","3.17"
"Yahoo Fantasy","https://football.fantasysports.yahoo.com/f1/759588/players?&pos=O&sort=OR&sdir=1&status=ALL&eteam=ALL&fteam=NONE&stat1=S_PSR_2026&jsenabled=1","2026-08-29T15:17:31.001Z","195","Jauan Jennings","WR","MIN","109.78","7.20"
"Yahoo Fantasy","https://football.fantasysports.yahoo.com/f1/759588/players?&pos=O&sort=OR&sdir=1&status=ALL&eteam=ALL&fteam=NONE&stat1=S_PSR_2026&jsenabled=1","2026-08-29T15:17:31.001Z","196","Zachariah Branch","WR","ATL","82.13","4.25"
"Yahoo Fantasy","https://football.fantasysports.yahoo.com/f1/759588/players?&pos=O&sort=OR&sdir=1&status=ALL&eteam=ALL&fteam=NONE&stat1=S_PSR_2026&jsenabled=1","2026-08-29T15:17:31.001Z","197","Oronde Gadsden","TE","LAC","89.22","4.37"
"Yahoo Fantasy","https://football.fantasysports.yahoo.com/f1/759588/players?&pos=O&sort=OR&sdir=1&status=ALL&eteam=ALL&fteam=NONE&stat1=S_PSR_2026&jsenabled=1","2026-08-29T15:17:31.001Z","198","Gunnar Helm","TE","TEN","108.27","6.44"
"Yahoo Fantasy","https://football.fantasysports.yahoo.com/f1/759588/players?&pos=O&sort=OR&sdir=1&status=ALL&eteam=ALL&fteam=NONE&stat1=S_PSR_2026&jsenabled=1","2026-08-29T15:17:31.001Z","199","Tyrone Tracy Jr.","RB","NYG","80.67","4.68"
"Yahoo Fantasy","https://football.fantasysports.yahoo.com/f1/759588/players?&pos=O&sort=OR&sdir=1&status=ALL&eteam=ALL&fteam=NONE&stat1=S_PSR_2026&jsenabled=1","2026-08-29T15:17:31.001Z","200","Rashod Bateman","WR","BAL","95.30","6.36"
"Yahoo Fantasy","https://football.fantasysports.yahoo.com/f1/759588/players?&pos=O&sort=OR&sdir=1&status=ALL&eteam=ALL&fteam=NONE&stat1=S_PSR_2026&jsenabled=1","2026-08-29T15:17:31.001Z","201","Jaydon Blue","RB","DAL","60.52","3.32"
"Yahoo Fantasy","https://football.fantasysports.yahoo.com/f1/759588/players?&pos=O&sort=OR&sdir=1&status=ALL&eteam=ALL&fteam=NONE&stat1=S_PSR_2026&jsenabled=1","2026-08-29T15:17:31.001Z","202","James Conner","RB","ARI","48.05","2.61"
"Yahoo Fantasy","https://football.fantasysports.yahoo.com/f1/759588/players?&pos=O&sort=OR&sdir=1&status=ALL&eteam=ALL&fteam=NONE&stat1=S_PSR_2026&jsenabled=1","2026-08-29T15:17:31.001Z","203","Adam Randall","RB","BAL","37.51",
"Yahoo Fantasy","https://football.fantasysports.yahoo.com/f1/759588/players?&pos=O&sort=OR&sdir=1&status=ALL&eteam=ALL&fteam=NONE&stat1=S_PSR_2026&jsenabled=1","2026-08-29T15:17:31.001Z","204","Tyquan Thornton","WR","KC","67.21","4.12"
"Yahoo Fantasy","https://football.fantasysports.yahoo.com/f1/759588/players?&pos=O&sort=OR&sdir=1&status=ALL&eteam=ALL&fteam=NONE&stat1=S_PSR_2026&jsenabled=1","2026-08-29T15:17:31.001Z","205","Antonio Williams","WR","WAS","63.40","3.05"
"Yahoo Fantasy","https://football.fantasysports.yahoo.com/f1/759588/players?&pos=O&sort=OR&sdir=1&status=ALL&eteam=ALL&fteam=NONE&stat1=S_PSR_2026&jsenabled=1","2026-08-29T15:17:31.001Z","206","Jahan Dotson","WR","ATL","80.40","4.95"
"Yahoo Fantasy","https://football.fantasysports.yahoo.com/f1/759588/players?&pos=O&sort=OR&sdir=1&status=ALL&eteam=ALL&fteam=NONE&stat1=S_PSR_2026&jsenabled=1","2026-08-29T15:17:31.001Z","207","Malachi Fields","WR","NYG","85.14","5.53"
"Yahoo Fantasy","https://football.fantasysports.yahoo.com/f1/759588/players?&pos=O&sort=OR&sdir=1&status=ALL&eteam=ALL&fteam=NONE&stat1=S_PSR_2026&jsenabled=1","2026-08-29T15:17:31.001Z","208","Jack Bech","WR","LV","72.34","4.53"
"Yahoo Fantasy","https://football.fantasysports.yahoo.com/f1/759588/players?&pos=O&sort=OR&sdir=1&status=ALL&eteam=ALL&fteam=NONE&stat1=S_PSR_2026&jsenabled=1","2026-08-29T15:17:31.001Z","209","Cooper Kupp","WR","SEA","85.41","5.93"
"Yahoo Fantasy","https://football.fantasysports.yahoo.com/f1/759588/players?&pos=O&sort=OR&sdir=1&status=ALL&eteam=ALL&fteam=NONE&stat1=S_PSR_2026&jsenabled=1","2026-08-29T15:17:31.001Z","210","Sean Tucker","RB","TB","52.55","3.41"
"Yahoo Fantasy","https://football.fantasysports.yahoo.com/f1/759588/players?&pos=O&sort=OR&sdir=1&status=ALL&eteam=ALL&fteam=NONE&stat1=S_PSR_2026&jsenabled=1","2026-08-29T15:17:31.001Z","211","Ted Hurst III","WR","TB","75.31","3.59"
"Yahoo Fantasy","https://football.fantasysports.yahoo.com/f1/759588/players?&pos=O&sort=OR&sdir=1&status=ALL&eteam=ALL&fteam=NONE&stat1=S_PSR_2026&jsenabled=1","2026-08-29T15:17:31.001Z","212","Malik Davis","RB","DAL","32.84",
"Yahoo Fantasy","https://football.fantasysports.yahoo.com/f1/759588/players?&pos=O&sort=OR&sdir=1&status=ALL&eteam=ALL&fteam=NONE&stat1=S_PSR_2026&jsenabled=1","2026-08-29T15:17:31.001Z","213","Fernando Mendoza","QB","LV","189.24","8.59"
"Yahoo Fantasy","https://football.fantasysports.yahoo.com/f1/759588/players?&pos=O&sort=OR&sdir=1&status=ALL&eteam=ALL&fteam=NONE&stat1=S_PSR_2026&jsenabled=1","2026-08-29T15:17:31.001Z","214","Darnell Mooney","WR","NYG","76.78","5.22"
"Yahoo Fantasy","https://football.fantasysports.yahoo.com/f1/759588/players?&pos=O&sort=OR&sdir=1&status=ALL&eteam=ALL&fteam=NONE&stat1=S_PSR_2026&jsenabled=1","2026-08-29T15:17:31.001Z","215","Isaac TeSlaa","WR","DET","79.17","4.25"
"Yahoo Fantasy","https://football.fantasysports.yahoo.com/f1/759588/players?&pos=O&sort=OR&sdir=1&status=ALL&eteam=ALL&fteam=NONE&stat1=S_PSR_2026&jsenabled=1","2026-08-29T15:17:31.001Z","216","Colby Parkinson","TE","LAR","77.26","4.91"
"Yahoo Fantasy","https://football.fantasysports.yahoo.com/f1/759588/players?&pos=O&sort=OR&sdir=1&status=ALL&eteam=ALL&fteam=NONE&stat1=S_PSR_2026&jsenabled=1","2026-08-29T15:17:31.001Z","217","Darren Waller","TE","CAR","102.78","6.49"
"Yahoo Fantasy","https://football.fantasysports.yahoo.com/f1/759588/players?&pos=O&sort=OR&sdir=1&status=ALL&eteam=ALL&fteam=NONE&stat1=S_PSR_2026&jsenabled=1","2026-08-29T15:17:31.001Z","218","Kimani Vidal","RB","LAC","60.97","3.17"
"Yahoo Fantasy","https://football.fantasysports.yahoo.com/f1/759588/players?&pos=O&sort=OR&sdir=1&status=ALL&eteam=ALL&fteam=NONE&stat1=S_PSR_2026&jsenabled=1","2026-08-29T15:17:31.001Z","219","Geno Smith","QB","NYJ","198.41","13.03"
"Yahoo Fantasy","https://football.fantasysports.yahoo.com/f1/759588/players?&pos=O&sort=OR&sdir=1&status=ALL&eteam=ALL&fteam=NONE&stat1=S_PSR_2026&jsenabled=1","2026-08-29T15:17:31.001Z","220","Aaron Rodgers","QB","PIT","213.25","15.50"
"Yahoo Fantasy","https://football.fantasysports.yahoo.com/f1/759588/players?&pos=O&sort=OR&sdir=1&status=ALL&eteam=ALL&fteam=NONE&stat1=S_PSR_2026&jsenabled=1","2026-08-29T15:17:31.001Z","221","Seth McGowan","RB","IND","38.72",
"Yahoo Fantasy","https://football.fantasysports.yahoo.com/f1/759588/players?&pos=O&sort=OR&sdir=1&status=ALL&eteam=ALL&fteam=NONE&stat1=S_PSR_2026&jsenabled=1","2026-08-29T15:17:31.001Z","222","Jaylen Wright","RB","MIA","52.30","3.15"
"Yahoo Fantasy","https://football.fantasysports.yahoo.com/f1/759588/players?&pos=O&sort=OR&sdir=1&status=ALL&eteam=ALL&fteam=NONE&stat1=S_PSR_2026&jsenabled=1","2026-08-29T15:17:31.001Z","223","Samaje Perine","RB","CIN","76.99","4.35"
"Yahoo Fantasy","https://football.fantasysports.yahoo.com/f1/759588/players?&pos=O&sort=OR&sdir=1&status=ALL&eteam=ALL&fteam=NONE&stat1=S_PSR_2026&jsenabled=1","2026-08-29T15:17:31.001Z","224","Michael Penix Jr.","QB","ATL","137.24",
"Yahoo Fantasy","https://football.fantasysports.yahoo.com/f1/759588/players?&pos=O&sort=OR&sdir=1&status=ALL&eteam=ALL&fteam=NONE&stat1=S_PSR_2026&jsenabled=1","2026-08-29T15:17:31.001Z","225","Tank Dell","WR","HOU","71.02","2.97"
"Yahoo Fantasy","https://football.fantasysports.yahoo.com/f1/759588/players?&pos=O&sort=OR&sdir=1&status=ALL&eteam=ALL&fteam=NONE&stat1=S_PSR_2026&jsenabled=1","2026-08-29T15:17:31.001Z","226","Calvin Ridley","WR","TEN","86.61","5.95"
"Yahoo Fantasy","https://football.fantasysports.yahoo.com/f1/759588/players?&pos=O&sort=OR&sdir=1&status=ALL&eteam=ALL&fteam=NONE&stat1=S_PSR_2026&jsenabled=1","2026-08-29T15:17:31.001Z","227","Justice Hill","RB","BAL","71.27","4.54"
"Yahoo Fantasy","https://football.fantasysports.yahoo.com/f1/759588/players?&pos=O&sort=OR&sdir=1&status=ALL&eteam=ALL&fteam=NONE&stat1=S_PSR_2026&jsenabled=1","2026-08-29T15:17:31.001Z","228","Isaiah Davis","RB","NYJ","52.76","3.65"
"Yahoo Fantasy","https://football.fantasysports.yahoo.com/f1/759588/players?&pos=O&sort=OR&sdir=1&status=ALL&eteam=ALL&fteam=NONE&stat1=S_PSR_2026&jsenabled=1","2026-08-29T15:17:31.001Z","229","Charlie Kolar","TE","LAC","60.01","4.44"
"Yahoo Fantasy","https://football.fantasysports.yahoo.com/f1/759588/players?&pos=O&sort=OR&sdir=1&status=ALL&eteam=ALL&fteam=NONE&stat1=S_PSR_2026&jsenabled=1","2026-08-29T15:17:31.001Z","230","Germie Bernard","WR","PIT","83.34","4.81"
"Yahoo Fantasy","https://football.fantasysports.yahoo.com/f1/759588/players?&pos=O&sort=OR&sdir=1&status=ALL&eteam=ALL&fteam=NONE&stat1=S_PSR_2026&jsenabled=1","2026-08-29T15:17:31.001Z","231","Cade Otton","TE","TB","108.56","6.58"
"Yahoo Fantasy","https://football.fantasysports.yahoo.com/f1/759588/players?&pos=O&sort=OR&sdir=1&status=ALL&eteam=ALL&fteam=NONE&stat1=S_PSR_2026&jsenabled=1","2026-08-29T15:17:31.001Z","232","Xavier Legette","WR","CAR","74.91","4.28"
"Yahoo Fantasy","https://football.fantasysports.yahoo.com/f1/759588/players?&pos=O&sort=OR&sdir=1&status=ALL&eteam=ALL&fteam=NONE&stat1=S_PSR_2026&jsenabled=1","2026-08-29T15:17:31.001Z","233","Tahj Brooks","RB","CIN","25.57",
"Yahoo Fantasy","https://football.fantasysports.yahoo.com/f1/759588/players?&pos=O&sort=OR&sdir=1&status=ALL&eteam=ALL&fteam=NONE&stat1=S_PSR_2026&jsenabled=1","2026-08-29T15:17:31.001Z","234","Keon Coleman","WR","BUF","73.33","3.92"
"Yahoo Fantasy","https://football.fantasysports.yahoo.com/f1/759588/players?&pos=O&sort=OR&sdir=1&status=ALL&eteam=ALL&fteam=NONE&stat1=S_PSR_2026&jsenabled=1","2026-08-29T15:17:31.001Z","235","Eli Raridon","TE","NE","42.71","2.47"
"Yahoo Fantasy","https://football.fantasysports.yahoo.com/f1/759588/players?&pos=O&sort=OR&sdir=1&status=ALL&eteam=ALL&fteam=NONE&stat1=S_PSR_2026&jsenabled=1","2026-08-29T15:17:31.001Z","236","Darius Slayton","WR","NYG","67.73","4.04"
"Yahoo Fantasy","https://football.fantasysports.yahoo.com/f1/759588/players?&pos=O&sort=OR&sdir=1&status=ALL&eteam=ALL&fteam=NONE&stat1=S_PSR_2026&jsenabled=1","2026-08-29T15:17:31.001Z","237","Emanuel Wilson","RB","SEA","43.65",
"Yahoo Fantasy","https://football.fantasysports.yahoo.com/f1/759588/players?&pos=O&sort=OR&sdir=1&status=ALL&eteam=ALL&fteam=NONE&stat1=S_PSR_2026&jsenabled=1","2026-08-29T15:17:31.001Z","238","Treylon Burks","WR","WAS","45.38","2.40"
"Yahoo Fantasy","https://football.fantasysports.yahoo.com/f1/759588/players?&pos=O&sort=OR&sdir=1&status=ALL&eteam=ALL&fteam=NONE&stat1=S_PSR_2026&jsenabled=1","2026-08-29T15:17:31.001Z","239","Ollie Gordon II","RB","MIA","35.97","2.55"
"Yahoo Fantasy","https://football.fantasysports.yahoo.com/f1/759588/players?&pos=O&sort=OR&sdir=1&status=ALL&eteam=ALL&fteam=NONE&stat1=S_PSR_2026&jsenabled=1","2026-08-29T15:17:31.001Z","240","Jordan James","RB","SF","55.41","2.57"
"Yahoo Fantasy","https://football.fantasysports.yahoo.com/f1/759588/players?&pos=O&sort=OR&sdir=1&status=ALL&eteam=ALL&fteam=NONE&stat1=S_PSR_2026&jsenabled=1","2026-08-29T15:17:31.001Z","241","Kendre Miller","RB","NO","21.69",
"Yahoo Fantasy","https://football.fantasysports.yahoo.com/f1/759588/players?&pos=O&sort=OR&sdir=1&status=ALL&eteam=ALL&fteam=NONE&stat1=S_PSR_2026&jsenabled=1","2026-08-29T15:17:31.001Z","242","Chris Brooks","RB","GB","44.71",
"Yahoo Fantasy","https://football.fantasysports.yahoo.com/f1/759588/players?&pos=O&sort=OR&sdir=1&status=ALL&eteam=ALL&fteam=NONE&stat1=S_PSR_2026&jsenabled=1","2026-08-29T15:17:31.001Z","243","Pat Freiermuth","TE","PIT","120.68","7.08"
"Yahoo Fantasy","https://football.fantasysports.yahoo.com/f1/759588/players?&pos=O&sort=OR&sdir=1&status=ALL&eteam=ALL&fteam=NONE&stat1=S_PSR_2026&jsenabled=1","2026-08-29T15:17:31.001Z","244","Evan Engram","TE","DEN","76.40","4.39"
"Yahoo Fantasy","https://football.fantasysports.yahoo.com/f1/759588/players?&pos=O&sort=OR&sdir=1&status=ALL&eteam=ALL&fteam=NONE&stat1=S_PSR_2026&jsenabled=1","2026-08-29T15:17:31.001Z","245","Bryce Lance","WR","NO","45.26","2.48"
"Yahoo Fantasy","https://football.fantasysports.yahoo.com/f1/759588/players?&pos=O&sort=OR&sdir=1&status=ALL&eteam=ALL&fteam=NONE&stat1=S_PSR_2026&jsenabled=1","2026-08-29T15:17:31.001Z","246","Xavier Hutchinson","WR","HOU","40.73","3.03"
"Yahoo Fantasy","https://football.fantasysports.yahoo.com/f1/759588/players?&pos=O&sort=OR&sdir=1&status=ALL&eteam=ALL&fteam=NONE&stat1=S_PSR_2026&jsenabled=1","2026-08-29T15:17:31.001Z","247","Josh Palmer","WR","BUF","45.22","2.54"
"Yahoo Fantasy","https://football.fantasysports.yahoo.com/f1/759588/players?&pos=O&sort=OR&sdir=1&status=ALL&eteam=ALL&fteam=NONE&stat1=S_PSR_2026&jsenabled=1","2026-08-29T15:17:31.001Z","248","DeMario Douglas","WR","NE","74.68","4.33"
"Yahoo Fantasy","https://football.fantasysports.yahoo.com/f1/759588/players?&pos=O&sort=OR&sdir=1&status=ALL&eteam=ALL&fteam=NONE&stat1=S_PSR_2026&jsenabled=1","2026-08-29T15:17:31.001Z","249","Tua Tagovailoa","QB","ATL","116.35","13.23"
"Yahoo Fantasy","https://football.fantasysports.yahoo.com/f1/759588/players?&pos=O&sort=OR&sdir=1&status=ALL&eteam=ALL&fteam=NONE&stat1=S_PSR_2026&jsenabled=1","2026-08-29T15:17:31.001Z","250","Malik Benson","WR","LV","51.34",
"Yahoo Fantasy","https://football.fantasysports.yahoo.com/f1/759588/players?&pos=O&sort=OR&sdir=1&status=ALL&eteam=ALL&fteam=NONE&stat1=S_PSR_2026&jsenabled=1","2026-08-29T15:17:31.001Z","251","Troy Franklin","WR","DEN","63.17","3.30"
"Yahoo Fantasy","https://football.fantasysports.yahoo.com/f1/759588/players?&pos=O&sort=OR&sdir=1&status=ALL&eteam=ALL&fteam=NONE&stat1=S_PSR_2026&jsenabled=1","2026-08-29T15:17:31.001Z","252","Tory Horton","WR","SEA","66.92","3.27"
"Yahoo Fantasy","https://football.fantasysports.yahoo.com/f1/759588/players?&pos=O&sort=OR&sdir=1&status=ALL&eteam=ALL&fteam=NONE&stat1=S_PSR_2026&jsenabled=1","2026-08-29T15:17:31.001Z","253","Jake Tonges","TE","SF","59.75","2.79"
"Yahoo Fantasy","https://football.fantasysports.yahoo.com/f1/759588/players?&pos=O&sort=OR&sdir=1&status=ALL&eteam=ALL&fteam=NONE&stat1=S_PSR_2026&jsenabled=1","2026-08-29T15:17:31.001Z","254","Michael Mayer","TE","LV","74.27","4.35"
"Yahoo Fantasy","https://football.fantasysports.yahoo.com/f1/759588/players?&pos=O&sort=OR&sdir=1&status=ALL&eteam=ALL&fteam=NONE&stat1=S_PSR_2026&jsenabled=1","2026-08-29T15:17:31.001Z","255","Elijah Sarratt","WR","BAL","55.27","2.48"
"Yahoo Fantasy","https://football.fantasysports.yahoo.com/f1/759588/players?&pos=O&sort=OR&sdir=1&status=ALL&eteam=ALL&fteam=NONE&stat1=S_PSR_2026&jsenabled=1","2026-08-29T15:17:31.001Z","256","Shedeur Sanders","QB","CLE","112.27","2.37"
"Yahoo Fantasy","https://football.fantasysports.yahoo.com/f1/759588/players?&pos=O&sort=OR&sdir=1&status=ALL&eteam=ALL&fteam=NONE&stat1=S_PSR_2026&jsenabled=1","2026-08-29T15:17:31.001Z","257","Deshaun Watson","QB","CLE","112.11","10.94"
"Yahoo Fantasy","https://football.fantasysports.yahoo.com/f1/759588/players?&pos=O&sort=OR&sdir=1&status=ALL&eteam=ALL&fteam=NONE&stat1=S_PSR_2026&jsenabled=1","2026-08-29T15:17:31.001Z","258","David Njoku","TE","LAC","69.89","4.66"
"Yahoo Fantasy","https://football.fantasysports.yahoo.com/f1/759588/players?&pos=O&sort=OR&sdir=1&status=ALL&eteam=ALL&fteam=NONE&stat1=S_PSR_2026&jsenabled=1","2026-08-29T15:17:31.001Z","259","DJ Giddens","RB","IND","38.60",
"Yahoo Fantasy","https://football.fantasysports.yahoo.com/f1/759588/players?&pos=O&sort=OR&sdir=1&status=ALL&eteam=ALL&fteam=NONE&stat1=S_PSR_2026&jsenabled=1","2026-08-29T15:17:31.001Z","260","Marlin Klein","TE","HOU","35.04","2.29"
"Yahoo Fantasy","https://football.fantasysports.yahoo.com/f1/759588/players?&pos=O&sort=OR&sdir=1&status=ALL&eteam=ALL&fteam=NONE&stat1=S_PSR_2026&jsenabled=1","2026-08-29T15:17:31.001Z","261","Kirk Cousins","QB","LV","57.36","7.32"
"Yahoo Fantasy","https://football.fantasysports.yahoo.com/f1/759588/players?&pos=O&sort=OR&sdir=1&status=ALL&eteam=ALL&fteam=NONE&stat1=S_PSR_2026&jsenabled=1","2026-08-29T15:17:31.001Z","262","Ashton Dulin","WR","IND","29.51","2.32"
"Yahoo Fantasy","https://football.fantasysports.yahoo.com/f1/759588/players?&pos=O&sort=OR&sdir=1&status=ALL&eteam=ALL&fteam=NONE&stat1=S_PSR_2026&jsenabled=1","2026-08-29T15:17:31.001Z","263","Skyler Bell","WR","BUF","47.63",
"Yahoo Fantasy","https://football.fantasysports.yahoo.com/f1/759588/players?&pos=O&sort=OR&sdir=1&status=ALL&eteam=ALL&fteam=NONE&stat1=S_PSR_2026&jsenabled=1","2026-08-29T15:17:31.001Z","264","Darnell Washington","TE","PIT","74.85","4.30"
"Yahoo Fantasy","https://football.fantasysports.yahoo.com/f1/759588/players?&pos=O&sort=OR&sdir=1&status=ALL&eteam=ALL&fteam=NONE&stat1=S_PSR_2026&jsenabled=1","2026-08-29T15:17:31.001Z","265","Mason Taylor","TE","NYJ","75.42","4.52"
"Yahoo Fantasy","https://football.fantasysports.yahoo.com/f1/759588/players?&pos=O&sort=OR&sdir=1&status=ALL&eteam=ALL&fteam=NONE&stat1=S_PSR_2026&jsenabled=1","2026-08-29T15:17:31.001Z","266","Eli Stowers","TE","PHI","60.23","3.03"
"Yahoo Fantasy","https://football.fantasysports.yahoo.com/f1/759588/players?&pos=O&sort=OR&sdir=1&status=ALL&eteam=ALL&fteam=NONE&stat1=S_PSR_2026&jsenabled=1","2026-08-29T15:17:31.001Z","267","Elijah Arroyo","TE","SEA","65.94","3.71"
"Yahoo Fantasy","https://football.fantasysports.yahoo.com/f1/759588/players?&pos=O&sort=OR&sdir=1&status=ALL&eteam=ALL&fteam=NONE&stat1=S_PSR_2026&jsenabled=1","2026-08-29T15:17:31.001Z","268","Mike Gesicki","TE","CIN","88.73","5.42"
"Yahoo Fantasy","https://football.fantasysports.yahoo.com/f1/759588/players?&pos=O&sort=OR&sdir=1&status=ALL&eteam=ALL&fteam=NONE&stat1=S_PSR_2026&jsenabled=1","2026-08-29T15:17:31.001Z","269","Erick All Jr.","TE","CIN","65.93","3.64"
"Yahoo Fantasy","https://football.fantasysports.yahoo.com/f1/759588/players?&pos=O&sort=OR&sdir=1&status=ALL&eteam=ALL&fteam=NONE&stat1=S_PSR_2026&jsenabled=1","2026-08-29T15:17:31.001Z","270","Brenen Thompson","WR","LAC","44.86","2.50"
"Yahoo Fantasy","https://football.fantasysports.yahoo.com/f1/759588/players?&pos=O&sort=OR&sdir=1&status=ALL&eteam=ALL&fteam=NONE&stat1=S_PSR_2026&jsenabled=1","2026-08-29T15:17:31.001Z","271","Carson Beck","QB","ARI","57.48",
"Yahoo Fantasy","https://football.fantasysports.yahoo.com/f1/759588/players?&pos=O&sort=OR&sdir=1&status=ALL&eteam=ALL&fteam=NONE&stat1=S_PSR_2026&jsenabled=1","2026-08-29T15:17:31.001Z","272","Andrei Iosivas","WR","CIN","79.51","4.82"
"Yahoo Fantasy","https://football.fantasysports.yahoo.com/f1/759588/players?&pos=O&sort=OR&sdir=1&status=ALL&eteam=ALL&fteam=NONE&stat1=S_PSR_2026&jsenabled=1","2026-08-29T15:17:31.001Z","273","Devin Neal","RB","NO","19.34",
"Yahoo Fantasy","https://football.fantasysports.yahoo.com/f1/759588/players?&pos=O&sort=OR&sdir=1&status=ALL&eteam=ALL&fteam=NONE&stat1=S_PSR_2026&jsenabled=1","2026-08-29T15:17:31.001Z","274","Elic Ayomanor","WR","TEN","54.90","3.25"
"Yahoo Fantasy","https://football.fantasysports.yahoo.com/f1/759588/players?&pos=O&sort=OR&sdir=1&status=ALL&eteam=ALL&fteam=NONE&stat1=S_PSR_2026&jsenabled=1","2026-08-29T15:17:31.001Z","275","Oscar Delp","TE","NO","43.80","2.53"
"Yahoo Fantasy","https://football.fantasysports.yahoo.com/f1/759588/players?&pos=O&sort=OR&sdir=1&status=ALL&eteam=ALL&fteam=NONE&stat1=S_PSR_2026&jsenabled=1","2026-08-29T15:17:31.001Z","276","Luke McCaffrey","WR","WAS","30.08",
"Yahoo Fantasy","https://football.fantasysports.yahoo.com/f1/759588/players?&pos=O&sort=OR&sdir=1&status=ALL&eteam=ALL&fteam=NONE&stat1=S_PSR_2026&jsenabled=1","2026-08-29T15:17:31.001Z","277","Chimere Dike","WR","TEN","68.82","3.51"
"Yahoo Fantasy","https://football.fantasysports.yahoo.com/f1/759588/players?&pos=O&sort=OR&sdir=1&status=ALL&eteam=ALL&fteam=NONE&stat1=S_PSR_2026&jsenabled=1","2026-08-29T15:17:31.001Z","278","Emari Demercado","RB","KC","30.89",
"Yahoo Fantasy","https://football.fantasysports.yahoo.com/f1/759588/players?&pos=O&sort=OR&sdir=1&status=ALL&eteam=ALL&fteam=NONE&stat1=S_PSR_2026&jsenabled=1","2026-08-29T15:17:31.001Z","279","Christian Kirk","WR","SF","46.63",
"Yahoo Fantasy","https://football.fantasysports.yahoo.com/f1/759588/players?&pos=O&sort=OR&sdir=1&status=ALL&eteam=ALL&fteam=NONE&stat1=S_PSR_2026&jsenabled=1","2026-08-29T15:17:31.001Z","280","Sione Vaki","RB","DET","12.71",
"Yahoo Fantasy","https://football.fantasysports.yahoo.com/f1/759588/players?&pos=O&sort=OR&sdir=1&status=ALL&eteam=ALL&fteam=NONE&stat1=S_PSR_2026&jsenabled=1","2026-08-29T15:17:31.001Z","281","Ty Johnson","RB","BUF","56.75","3.40"
"Yahoo Fantasy","https://football.fantasysports.yahoo.com/f1/759588/players?&pos=O&sort=OR&sdir=1&status=ALL&eteam=ALL&fteam=NONE&stat1=S_PSR_2026&jsenabled=1","2026-08-29T15:17:31.001Z","282","Roschon Johnson","RB","CHI","13.66",
"Yahoo Fantasy","https://football.fantasysports.yahoo.com/f1/759588/players?&pos=O&sort=OR&sdir=1&status=ALL&eteam=ALL&fteam=NONE&stat1=S_PSR_2026&jsenabled=1","2026-08-29T15:17:31.001Z","283","Trey Benson","RB","ARI","12.83",
"Yahoo Fantasy","https://football.fantasysports.yahoo.com/f1/759588/players?&pos=O&sort=OR&sdir=1&status=ALL&eteam=ALL&fteam=NONE&stat1=S_PSR_2026&jsenabled=1","2026-08-29T15:17:31.001Z","284","Trevor Etienne","RB","CAR","33.82",
"Yahoo Fantasy","https://football.fantasysports.yahoo.com/f1/759588/players?&pos=O&sort=OR&sdir=1&status=ALL&eteam=ALL&fteam=NONE&stat1=S_PSR_2026&jsenabled=1","2026-08-29T15:17:31.001Z","285","Theo Johnson","TE","NYG","70.57","4.09"
"Yahoo Fantasy","https://football.fantasysports.yahoo.com/f1/759588/players?&pos=O&sort=OR&sdir=1&status=ALL&eteam=ALL&fteam=NONE&stat1=S_PSR_2026&jsenabled=1","2026-08-29T15:17:31.001Z","286","Raheim Sanders","RB","CLE","19.29",
"Yahoo Fantasy","https://football.fantasysports.yahoo.com/f1/759588/players?&pos=O&sort=OR&sdir=1&status=ALL&eteam=ALL&fteam=NONE&stat1=S_PSR_2026&jsenabled=1","2026-08-29T15:17:31.001Z","287","LeQuint Allen Jr.","RB","JAX","46.80","2.44"
"Yahoo Fantasy","https://football.fantasysports.yahoo.com/f1/759588/players?&pos=O&sort=OR&sdir=1&status=ALL&eteam=ALL&fteam=NONE&stat1=S_PSR_2026&jsenabled=1","2026-08-29T15:17:31.001Z","288","Devin Singletary","RB","NYG","28.67",
"Yahoo Fantasy","https://football.fantasysports.yahoo.com/f1/759588/players?&pos=O&sort=OR&sdir=1&status=ALL&eteam=ALL&fteam=NONE&stat1=S_PSR_2026&jsenabled=1","2026-08-29T15:17:31.001Z","289","Jawhar Jordan","RB","HOU","23.39",
"Yahoo Fantasy","https://football.fantasysports.yahoo.com/f1/759588/players?&pos=O&sort=OR&sdir=1&status=ALL&eteam=ALL&fteam=NONE&stat1=S_PSR_2026&jsenabled=1","2026-08-29T15:17:31.001Z","290","Phil Mafah","RB","DAL","15.83",
"Yahoo Fantasy","https://football.fantasysports.yahoo.com/f1/759588/players?&pos=O&sort=OR&sdir=1&status=ALL&eteam=ALL&fteam=NONE&stat1=S_PSR_2026&jsenabled=1","2026-08-29T15:17:31.001Z","291","Marvin Mims Jr.","WR","DEN","64.77","3.90"
"Yahoo Fantasy","https://football.fantasysports.yahoo.com/f1/759588/players?&pos=O&sort=OR&sdir=1&status=ALL&eteam=ALL&fteam=NONE&stat1=S_PSR_2026&jsenabled=1","2026-08-29T15:17:31.001Z","292","Isaiah Bond","WR","CLE","58.01","2.77"
"Yahoo Fantasy","https://football.fantasysports.yahoo.com/f1/759588/players?&pos=O&sort=OR&sdir=1&status=ALL&eteam=ALL&fteam=NONE&stat1=S_PSR_2026&jsenabled=1","2026-08-29T15:17:31.001Z","293","Colbie Young","WR","CIN","41.22","2.76"
"Yahoo Fantasy","https://football.fantasysports.yahoo.com/f1/759588/players?&pos=O&sort=OR&sdir=1&status=ALL&eteam=ALL&fteam=NONE&stat1=S_PSR_2026&jsenabled=1","2026-08-29T15:17:31.001Z","294","Brandon Aiyuk","WR","SF","49.60",
"Yahoo Fantasy","https://football.fantasysports.yahoo.com/f1/759588/players?&pos=O&sort=OR&sdir=1&status=ALL&eteam=ALL&fteam=NONE&stat1=S_PSR_2026&jsenabled=1","2026-08-29T15:17:31.001Z","295","Kendrick Bourne","WR","ARI","70.19","3.95"
"Yahoo Fantasy","https://football.fantasysports.yahoo.com/f1/759588/players?&pos=O&sort=OR&sdir=1&status=ALL&eteam=ALL&fteam=NONE&stat1=S_PSR_2026&jsenabled=1","2026-08-29T15:17:31.001Z","296","CJ Daniels","WR","LAR","29.51",
"Yahoo Fantasy","https://football.fantasysports.yahoo.com/f1/759588/players?&pos=O&sort=OR&sdir=1&status=ALL&eteam=ALL&fteam=NONE&stat1=S_PSR_2026&jsenabled=1","2026-08-29T15:17:31.001Z","297","Kyle Williams","WR","NE","45.04",
"Yahoo Fantasy","https://football.fantasysports.yahoo.com/f1/759588/players?&pos=O&sort=OR&sdir=1&status=ALL&eteam=ALL&fteam=NONE&stat1=S_PSR_2026&jsenabled=1","2026-08-29T15:17:31.001Z","298","Savion Williams","WR","GB","46.80","3.09"
"Yahoo Fantasy","https://football.fantasysports.yahoo.com/f1/759588/players?&pos=O&sort=OR&sdir=1&status=ALL&eteam=ALL&fteam=NONE&stat1=S_PSR_2026&jsenabled=1","2026-08-29T15:17:31.001Z","299","Zavion Thomas","WR","CHI","40.10",
"Yahoo Fantasy","https://football.fantasysports.yahoo.com/f1/759588/players?&pos=O&sort=OR&sdir=1&status=ALL&eteam=ALL&fteam=NONE&stat1=S_PSR_2026&jsenabled=1","2026-08-29T15:17:31.001Z","300","Mack Hollins","WR","NE","42.67",
