Player,Team,Position,Yahoo Rank
Jahmyr Gibbs,DET,RB,1
Ja'Marr Chase,CIN,WR,2
Bijan Robinson,ATL,RB,3
Puka Nacua,LAR,WR,4
Amon-Ra St. Brown,DET,WR,5
Jaxon Smith-Njigba,SEA,WR,6
Christian McCaffrey,SF,RB,7
Jonathan Taylor,IND,RB,8
CeeDee Lamb,DAL,WR,9
Justin Jefferson,MIN,WR,10
James Cook III,BUF,RB,11
Saquon Barkley,PHI,RB,12
Drake London,ATL,WR,13
Brock Bowers,LV,TE,14
Chase Brown,CIN,RB,15
Kenneth Walker III,KC,RB,16
Nico Collins,HOU,WR,17
De'Von Achane,MIA,RB,18
Ashton Jeanty,LV,RB,19
George Pickens,DAL,WR,20
A.J. Brown,NE,WR,21
Chris Olave,NO,WR,22
DeVonta Smith,PHI,WR,23
Omarion Hampton,LAC,RB,24
Malik Nabers,NYG,WR,25
Trey McBride,ARI,TE,26
Derrick Henry,BAL,RB,27
Zay Flowers,BAL,WR,28
Tee Higgins,CIN,WR,29
Jaylen Waddle,DEN,WR,30
Josh Allen,BUF,QB,31
Colston Loveland,CHI,TE,32
Garrett Wilson,NYJ,WR,33
Rashee Rice,KC,WR,34
Breece Hall,NYJ,RB,35
Tetairoa McMillan,CAR,WR,36
Jeremiyah Love,ARI,RB,37
Ladd McConkey,LAC,WR,38
Kyren Williams,LAR,RB,39
Javonte Williams,DAL,RB,40
Emeka Egbuka,TB,WR,41
Josh Jacobs,GB,RB,42
Lamar Jackson,BAL,QB,43
Luther Burden III,CHI,WR,44
Travis Etienne Jr.,NO,RB,45
Terry McLaurin,WAS,WR,46
D'Andre Swift,CHI,RB,47
DJ Moore,BUF,WR,48
Tyler Warren,IND,TE,49
Rome Odunze,CHI,WR,50
Parker Washington,JAC,WR,51
Joe Burrow,CIN,QB,52
Cam Skattebo,NYG,RB,53
Jameson Williams,DET,WR,54
Davante Adams,LAR,WR,55
Drake Maye,NE,QB,56
Christian Watson,GB,WR,57
Jayden Daniels,WAS,QB,58
David Montgomery,HOU,RB,59
Quinshon Judkins,CLE,RB,60
Mike Evans,SF,WR,61
Bucky Irving,TB,RB,62
Bhayshul Tuten,JAC,RB,63
Marvin Harrison Jr.,ARI,WR,64
Jalen Hurts,PHI,QB,65
Jadarian Price,SEA,RB,66
Carnell Tate,TEN,WR,67
Tucker Kraft,GB,TE,68
Sam LaPorta,DET,TE,69
TreVeyon Henderson,NE,RB,70
Rhamondre Stevenson,NE,RB,71
Caleb Williams,CHI,QB,72
DK Metcalf,PIT,WR,73
Justin Herbert,LAC,QB,74
Harold Fannin Jr.,CLE,TE,75
Brian Thomas Jr.,JAC,WR,76
Jaylen Warren,PIT,RB,77
Jonathon Brooks,CAR,RB,78
Kyle Pitts Sr.,ATL,TE,79
Trevor Lawrence,JAC,QB,80
Chris Godwin Jr.,TB,WR,81
Dak Prescott,DAL,QB,82
Michael Wilson,ARI,WR,83
Josh Downs,IND,WR,84
Tony Pollard,TEN,RB,85
Rico Dowdle,PIT,RB,86
George Kittle,SF,TE,87
Michael Pittman Jr.,PIT,WR,88
De'Zhaun Stribling,SF,WR,89
Quentin Johnston,LAC,WR,90
J.K. Dobbins,DEN,RB,91
Jayden Reed,GB,WR,92
Chuba Hubbard,CAR,RB,93
Brock Purdy,SF,QB,94
Jordan Addison,MIN,WR,95
Courtland Sutton,DEN,WR,96
Alec Pierce,IND,WR,97
KC Concepcion,CLE,WR,98
Jaxson Dart,NYG,QB,99
RJ Harvey,DEN,RB,100
Bo Nix,DEN,QB,101
Jacory Croskey-Merritt,WAS,RB,102
Dalton Kincaid,BUF,TE,103
Blake Corum,LAR,RB,104
Kenny Gainwell,TB,RB,105
Rachaad White,WAS,RB,106
Matthew Golden,GB,WR,107
Wan'Dale Robinson,TEN,WR,108
Makai Lemon,PHI,WR,109
Travis Kelce,KC,TE,110
Kyle Monangai,CHI,RB,111
Jordan Mason,MIN,RB,112
Kyler Murray,MIN,QB,113
Dallas Goedert,PHI,TE,114
Jakobi Meyers,JAC,WR,115
Matthew Stafford,LAR,QB,116
Jalen Coker,CAR,WR,117
Patrick Mahomes II,KC,QB,118
Jared Goff,DET,QB,119
Romeo Doubs,NE,WR,120
Stefon Diggs,WAS,WR,121
Isaiah Likely,NYG,TE,122
Chris Rodriguez Jr.,JAC,RB,123
Aaron Jones Sr.,MIN,RB,124
Juwan Johnson,NO,TE,125
Xavier Worthy,KC,WR,126
Keaton Mitchell,LAC,RB,127
Malik Willis,MIA,QB,128
Mark Andrews,BAL,TE,129
Jordan Love,GB,QB,130
Jordyn Tyson,NO,WR,131
Baker Mayfield,TB,QB,132
Tyjae Spears,TEN,RB,133
Khalil Shakir,BUF,WR,134
Denzel Boston,CLE,WR,135
Rashid Shaheed,SEA,WR,136
Mike Washington Jr.,LV,RB,137
Jake Ferguson,DAL,TE,138
Woody Marks,HOU,RB,139
Tyler Shough,NO,QB,140
Zach Charbonnet,SEA,RB,141
Tyler Allgeier,ARI,RB,142
Tank Bigsby,PHI,RB,143
Jonah Coleman,DEN,RB,144
MarShawn Lloyd,GB,RB,145
Houston Texans,HOU,DST,146
Chig Okonkwo,WAS,TE,147
Deebo Samuel Sr.,SF,WR,148
Adonai Mitchell,NYJ,WR,149
Travis Hunter,JAC,WR,150
Jalen McMillan,TB,WR,151
Dylan Sampson,CLE,RB,152
Jalen Nailor,LV,WR,153
Emmett Johnson,KC,RB,154
Brenton Strange,JAC,TE,155
Dalton Schultz,HOU,TE,156
Seattle Seahawks,SEA,DST,157
Sam Darnold,SEA,QB,158
Tyrone Tracy Jr.,NYG,RB,159
Daniel Jones,IND,QB,160
Denver Broncos,DEN,DST,161
Los Angeles Rams,LAR,DST,162
Hunter Henry,NE,TE,163
C.J. Stroud,HOU,QB,164
Ray Davis,BUF,RB,165
Bryce Young,CAR,QB,166
Brandon Aubrey,DAL,K,167
Brian Robinson Jr.,ATL,RB,168
Keenan Allen,IND,WR,169
Cam Ward,TEN,QB,170
Ka'imi Fairbairn,HOU,K,171
Philadelphia Eagles,PHI,DST,172
New England Patriots,NE,DST,173
Jaydon Blue,DAL,RB,174
Alvin Kamara,NO,RB,175
AJ Barner,SEA,TE,176
Minnesota Vikings,MIN,DST,177
Baltimore Ravens,BAL,DST,178
Pittsburgh Steelers,PIT,DST,179
Cameron Dicker,LAC,K,180
Ryan Flournoy,DAL,WR,181
Jacksonville Jaguars,JAC,DST,182
Greg Dulcich,MIA,TE,183
Cyrus Allen,KC,WR,184
Dontayvion Wicks,PHI,WR,185
Isiah Pacheco,DET,RB,186
Cam Little,JAC,K,187
Tre Tucker,LV,WR,188
Braelon Allen,NYJ,RB,189
Terrance Ferguson,LAR,TE,190
T.J. Hockenson,MIN,TE,191
Pat Bryant,DEN,WR,192
Los Angeles Chargers,LAC,DST,193
Jason Myers,SEA,K,194
Eddy Pineiro,SF,K,195
Jaylin Noel,HOU,WR,196
Devaughn Vele,NO,WR,197
Ja'Kobi Lane,BAL,WR,198
Tyler Loop,BAL,K,199
Cairo Santos,CHI,K,200
Tre' Harris,LAC,WR,201
Kansas City Chiefs,KC,DST,202
Caleb Douglas,MIA,WR,203
Green Bay Packers,GB,DST,204
Oronde Gadsden II,LAC,TE,205
Nicholas Singleton,TEN,RB,206
Kenyon Sadiq,NYJ,TE,207
Jake Bates,DET,K,208
Aaron Rodgers,PIT,QB,209
Sean Tucker,TB,RB,210
Harrison Mevis,LAR,K,211
Malik Washington,MIA,WR,212
Jacoby Brissett,ARI,QB,213
Geno Smith,NYJ,QB,214
Omar Cooper Jr.,NYJ,WR,215
Jerry Jeudy,CLE,WR,216
Jauan Jennings,MIN,WR,217
Fernando Mendoza,LV,QB,218
Buffalo Bills,BUF,DST,219
Tank Dell,HOU,WR,220
James Conner,ARI,RB,221
Will Reichard,MIN,K,222
Andy Borregales,NE,K,223
Kayshon Boutte,NE,WR,224
Cade Otton,TB,TE,225
Ollie Gordon II,MIA,RB,226
Harrison Butker,KC,K,227
Isaiah Davis,NYJ,RB,228
Chris Boswell,PIT,K,229
Rashod Bateman,BAL,WR,230
Najee Harris,NYG,RB,231
Malachi Fields,NYG,WR,232
Kimani Vidal,LAC,RB,233
Zachariah Branch,ATL,WR,234
Justice Hill,BAL,RB,235
Isaac TeSlaa,DET,WR,236
Chase McLaughlin,TB,K,237
George Holani,SEA,RB,238
Pat Freiermuth,PIT,TE,239
Detroit Lions,DET,DST,240
Evan McPherson,CIN,K,241
Kaytron Allen,WAS,RB,242
Jack Bech,LV,WR,243
San Francisco 49ers,SF,DST,244
Kaelon Black,SF,RB,245
Colby Parkinson,LAR,TE,246
Antonio Williams,WAS,WR,247
Gunnar Helm,TEN,TE,248
Evan Engram,DEN,TE,249
Chris Bell,MIA,WR,250
Wil Lutz,DEN,K,251
Calvin Ridley,TEN,WR,252
Cooper Kupp,SEA,WR,253
Ted Hurst III,TB,WR,254
Jahan Dotson,ATL,WR,255
Darnell Mooney,NYG,WR,256
Demond Claiborne,MIN,RB,257
Germie Bernard,PIT,WR,258
Tyquan Thornton,KC,WR,259
Samaje Perine,CIN,RB,260
Keon Coleman,BUF,WR,261
DJ Giddens,IND,RB,262
Emanuel Wilson,SEA,RB,263
Jordan James,SF,RB,264
Darius Slayton,NYG,WR,265
Charlie Smyth,NO,K,266
Jaylen Wright,MIA,RB,267
Adam Randall,BAL,RB,268
Tua Tagovailoa,ATL,QB,269
Xavier Legette,CAR,WR,270
Troy Franklin,DEN,WR,271
Michael Penix Jr.,ATL,QB,272
Indianapolis Colts,IND,DST,273
Elijah Sarratt,BAL,WR,274
Chris Brooks,GB,RB,275
LeQuint Allen Jr.,JAC,RB,276
Trey Smack,GB,K,277
Eli Stowers,PHI,TE,278
Atlanta Falcons,ATL,DST,279
Chicago Bears,CHI,DST,280
Darnell Washington,PIT,TE,281
Tory Horton,SEA,WR,282
Shedeur Sanders,CLE,QB,283
Elic Ayomanor,TEN,WR,284
Deshaun Watson,CLE,QB,285
New York Giants,NYG,DST,286
Seth McGowan,IND,RB,287
Kirk Cousins,LV,QB,288
David Njoku,LAC,TE,289
Dallas Cowboys,DAL,DST,290
Trey Benson,ARI,RB,291
Malik Davis,DAL,RB,292
Tahj Brooks,CIN,RB,293
Chimere Dike,TEN,WR,294
New Orleans Saints,NO,DST,295
Darren Waller,CAR,TE,296
Mike Gesicki,CIN,TE,297
Christian Kirk,SF,WR,298
Brandon Aiyuk,SF,WR,299
Emari Demercado,KC,RB,300
Tampa Bay Buccaneers,TB,DST,301
Ty Johnson,BUF,RB,302
Mason Taylor,NYJ,TE,303
Isaiah Bond,CLE,WR,304
Erick All Jr.,CIN,TE,305
Xavier Hutchinson,HOU,WR,306
DeMario Douglas,NE,WR,307
Marvin Mims Jr.,DEN,WR,308
Tyler Higbee,LAR,TE,309
Charlie Kolar,LAC,TE,310
Kendre Miller,NO,RB,311
Bryce Lance,NO,WR,312
Jake Tonges,SF,TE,313
Jake Elliott,PHI,K,314
Cleveland Browns,CLE,DST,315
Eli Raridon,NE,TE,316
Devin Singletary,NYG,RB,317
Carolina Panthers,CAR,DST,318
Cincinnati Bengals,CIN,DST,319
Treylon Burks,WAS,WR,320
Phil Mafah,DAL,RB,321
Theo Johnson,NYG,TE,322
Michael Mayer,LV,TE,323
Blake Grupe,IND,K,324
Skyler Bell,BUF,WR,325
Tennessee Titans,TEN,DST,326
Malik Benson,LV,WR,327
Joshua Palmer,BUF,WR,328
Tyler Bass,BUF,K,329
Andrei Iosivas,CIN,WR,330
Nick Folk,ATL,K,331
Kaleb Johnson,PIT,RB,332
Trevor Etienne,CAR,RB,333
Zane Gonzalez,FA,K,334
Elijah Arroyo,SEA,TE,335
Ryan Fitzgerald,CAR,K,336
Spencer Shrader,IND,K,337
Ashton Dulin,IND,WR,338
Ben Sauls,NYG,K,339
Oscar Delp,NO,TE,340
Brashard Smith,KC,RB,341
Jarquez Hunter,LAR,RB,342
Carson Beck,ARI,QB,343
Kyle Williams,NE,WR,344
Sione Vaki,DET,RB,345
Roschon Johnson,CHI,RB,346
Jalen Royals,KC,WR,347
New York Jets,NYJ,DST,348
Las Vegas Raiders,LV,DST,349
Raheim Sanders,CLE,RB,350
Devin Neal,NO,RB,351
Jawhar Jordan,HOU,RB,352
Brenen Thompson,LAC,WR,353
Demarcus Robinson,SF,WR,354
Colbie Young,CIN,WR,355
CJ Daniels,LAR,WR,356
Savion Williams,GB,WR,357
Jalen Tolbert,MIA,WR,358
Zavion Thomas,CHI,WR,359
Calvin Austin III,NYG,WR,360
Roman Wilson,PIT,WR,361
Luke McCaffrey,WAS,WR,362
Mitchell Evans,CAR,TE,363
Noah Whittington,HOU,RB,364
Hollywood Brown,PHI,WR,365
Cedric Tillman,CLE,WR,366
Tez Johnson,TB,WR,367
J.J. McCarthy,MIN,QB,368
Tai Felton,MIN,WR,369
Cole Kmet,CHI,TE,370
Daniel Bellinger,TEN,TE,371
Max Klare,LAR,TE,372
Nick Westbrook-Ikhine,IND,WR,373
Tyreek Hill,FA,WR,374
Mac Jones,SF,QB,375
Dawson Knox,BUF,TE,376
