Player,Team,Position,Yahoo Rank,Adjusted Rank,Diff
Jahmyr Gibbs,DET,RB,1,1,
Bijan Robinson,ATL,RB,2,2,
Ja'Marr Chase,CIN,WR,3,3,
Puka Nacua,LAR,WR,4,4,
Christian McCaffrey,SF,RB,5,5,
Amon-Ra St. Brown,DET,WR,6,7,-1
Jaxon Smith-Njigba,SEA,WR,7,8,-1
Jonathan Taylor,IND,RB,8,6,2
CeeDee Lamb,DAL,WR,9,10,-1
James Cook III,BUF,RB,10,14,-4
Justin Jefferson,MIN,WR,11,13,-2
Saquon Barkley,PHI,RB,12,11,1
Ashton Jeanty,LV,RB,13,17,-4
Kenneth Walker III,KC,RB,14,9,5
Chase Brown,CIN,RB,15,15,
Omarion Hampton,LAC,RB,16,24,-8
Drake London,ATL,WR,17,19,-2
De'Von Achane,MIA,RB,18,12,6
Derrick Henry,BAL,RB,19,16,3
Nico Collins,HOU,WR,20,22,-2
Brock Bowers,LV,TE,21,18,3
George Pickens,DAL,WR,22,21,1
A.J. Brown,NE,WR,23,23,
DeVonta Smith,PHI,WR,24,28,-4
Trey McBride,ARI,TE,25,36,-11
Josh Allen,BUF,QB,26,27,-1
Jeremiyah Love,ARI,RB,27,25,2
Tee Higgins,CIN,WR,28,29,-1
Chris Olave,NO,WR,29,41,-12
Kyren Williams,LAR,RB,30,38,-8
Malik Nabers,NYG,WR,31,20,11
Zay Flowers,BAL,WR,32,30,2
Breece Hall,NYJ,RB,33,26,7
Rashee Rice,KC,WR,34,43,-9
Jaylen Waddle,DEN,WR,35,34,1
Josh Jacobs,GB,RB,36,33,3
Javonte Williams,DAL,RB,37,31,6
Emeka Egbuka,TB,WR,38,37,1
Colston Loveland,CHI,TE,39,35,4
Garrett Wilson,NYJ,WR,40,39,1
Tetairoa McMillan,CAR,WR,41,40,1
Ladd McConkey,LAC,WR,42,42,
Luther Burden III,CHI,WR,43,55,-12
Travis Etienne Jr.,NO,RB,44,32,12
Terry McLaurin,WSH,WR,45,56,-11
Cam Skattebo,NYG,RB,46,44,2
D'Andre Swift,CHI,RB,47,45,2
Lamar Jackson,BAL,QB,48,49,-1
Tyler Warren,IND,TE,49,54,-5
Christian Watson,GB,WR,50,47,3
Davante Adams,LAR,WR,51,58,-7
Quinshon Judkins,CLE,RB,52,52,
David Montgomery,HOU,RB,53,53,
Bhayshul Tuten,JAX,RB,54,66,-12
Mike Evans,SF,WR,55,57,-2
DJ Moore,BUF,WR,56,51,5
Rome Odunze,CHI,WR,57,48,9
Jameson Williams,DET,WR,58,46,12
Bucky Irving,TB,RB,59,65,-6
Drake Maye,NE,QB,60,61,-1
Joe Burrow,CIN,QB,61,60,1
Jayden Daniels,WSH,QB,62,62,
Parker Washington,JAX,WR,63,50,13
Jalen Hurts,PHI,QB,64,59,5
TreVeyon Henderson,NE,RB,65,70,-5
Jadarian Price,SEA,RB,66,63,3
Rhamondre Stevenson,NE,RB,67,69,-2
Carnell Tate,TEN,WR,68,72,-4
Marvin Harrison Jr.,ARI,WR,69,74,-5
Brian Thomas Jr.,JAX,WR,70,81,-11
Tucker Kraft,GB,TE,71,78,-7
Caleb Williams,CHI,QB,72,67,5
Jaylen Warren,PIT,RB,73,64,9
Justin Herbert,LAC,QB,74,75,-1
Sam LaPorta,DET,TE,75,76,-1
Jordyn Tyson,NO,WR,76,73,3
Tony Pollard,TEN,RB,77,71,6
Chuba Hubbard,CAR,RB,78,85,-7
Alec Pierce,IND,WR,79,109,-30
Harold Fannin Jr.,CLE,TE,80,79,1
DK Metcalf,PIT,WR,81,83,-2
Trevor Lawrence,JAX,QB,82,97,-15
Dak Prescott,DAL,QB,83,68,15
Kyle Pitts Sr.,ATL,TE,84,77,7
Quentin Johnston,LAC,WR,85,84,1
J.K. Dobbins,DEN,RB,86,86,
Chris Godwin Jr.,TB,WR,87,104,-17
Josh Downs,IND,WR,88,82,6
Rico Dowdle,PIT,RB,89,102,-13
Jonathon Brooks,CAR,RB,90,92,-2
Michael Wilson,ARI,WR,91,91,
Brock Purdy,SF,QB,92,112,-20
Blake Corum,LAR,RB,93,93,
George Kittle,SF,TE,94,119,-25
Jaxson Dart,NYG,QB,95,111,-16
Jordan Addison,MIN,WR,96,88,8
RJ Harvey,DEN,RB,97,100,-3
Jayden Reed,GB,WR,98,106,-8
Bo Nix,DEN,QB,99,96,3
Courtland Sutton,DEN,WR,100,108,-8
Stefon Diggs,WSH,WR,101,90,11
Makai Lemon,PHI,WR,102,89,13
Kyle Monangai,CHI,RB,103,94,9
Michael Pittman Jr.,PIT,WR,104,105,-1
Jacory Croskey-Merritt,WSH,RB,105,87,18
Rachaad White,WSH,RB,106,95,11
Jordan Mason,MIN,RB,107,101,6
Kenny Gainwell,TB,RB,108,140,-32
Dalton Kincaid,BUF,TE,109,103,6
Kyler Murray,MIN,QB,110,98,12
Patrick Mahomes,KC,QB,111,,
Matthew Stafford,LAR,QB,112,99,13
Travis Kelce,KC,TE,113,132,-19
Matthew Golden,GB,WR,114,80,34
Jared Goff,DET,QB,115,120,-5
Dallas Goedert,PHI,TE,116,117,-1
Chris Rodriguez Jr.,JAX,RB,117,114,3
Jakobi Meyers,JAX,WR,118,152,-34
Isaiah Likely,NYG,TE,119,118,1
Xavier Worthy,KC,WR,120,107,13
Mark Andrews,BAL,TE,121,133,-12
Aaron Jones Sr.,MIN,RB,122,141,-19
Jayden Higgins,HOU,WR,123,123,
Jalen Coker,CAR,WR,124,126,-2
Romeo Doubs,NE,WR,125,110,15
Wan'Dale Robinson,TEN,WR,126,138,-12
Jordan Love,GB,QB,127,121,6
KC Concepcion,CLE,WR,128,124,4
Malik Willis,MIA,QB,129,135,-6
Baker Mayfield,TB,QB,130,129,1
Keaton Mitchell,LAC,RB,131,115,16
De'Zhaun Stribling,SF,WR,132,127,5
Tyrone Tracy Jr.,NYG,RB,133,151,-18
Rashid Shaheed,SEA,WR,134,136,-2
Tyler Shough,NO,QB,135,169,-34
Jake Ferguson,DAL,TE,136,154,-18
Tyler Allgeier,ARI,RB,137,159,-22
Tank Bigsby,PHI,RB,138,157,-19
Woody Marks,HOU,RB,139,150,-11
Zach Charbonnet,SEA,RB,140,171,-31
Deebo Samuel Sr.,SF,WR,141,153,-12
Chig Okonkwo,WSH,TE,142,175,-33
Alvin Kamara,NO,RB,143,189,-46
Khalil Shakir,BUF,WR,144,137,7
Jalen McMillan,TB,WR,145,161,-16
Tyjae Spears,TEN,RB,146,195,-49
Jalen Nailor,LV,WR,148,160,-12
Jonah Coleman,DEN,RB,149,212,-63
Daniel Jones,IND,QB,150,180,-30
Isiah Pacheco,DET,RB,151,173,-22
Brian Robinson,ATL,RB,152,,
Adonai Mitchell,NYJ,WR,153,197,-44
Sam Darnold,SEA,QB,154,170,-16
Juwan Johnson,NO,TE,155,174,-19
Brenton Strange,JAX,TE,157,186,-29
Travis Hunter,JAX,WR,158,139,19
C.J. Stroud,HOU,QB,160,168,-8
Cam Ward,TEN,QB,162,208,-46
Denzel Boston,CLE,WR,163,125,38
Hunter Henry,NE,TE,164,184,-20
Brandon Aubrey,DAL,K,165,113,52
Dylan Sampson,CLE,RB,166,194,-28
Oronde Gadsden,LAC,TE,167,,
Ray Davis,BUF,RB,168,187,-19
Jaydon Blue,DAL,RB,169,188,-19
Bryce Young,CAR,QB,170,179,-9
Ryan Flournoy,DAL,WR,171,182,-11
MarShawn Lloyd,GB,RB,172,158,14
Omar Cooper Jr.,NYJ,WR,176,198,-22
Ka'imi Fairbairn,HOU,K,177,144,33
Tre Tucker,LV,WR,178,216,-38
Greg Dulcich,MIA,TE,179,220,-41
Cameron Dicker,LAC,K,180,143,37
Kenyon Sadiq,NYJ,TE,181,260,-79
AJ Barner,SEA,TE,183,185,-2
Cam Little,JAX,K,184,142,42
Emmett Johnson,KC,RB,186,265,-79
Kaytron Allen,WSH,RB,187,231,-44
Isaac TeSlaa,DET,WR,188,230,-42
Mike Washington Jr.,LV,RB,189,211,-22
Jason Myers,SEA,K,190,155,35
Tre' Harris,LAC,WR,191,183,8
Dontayvion Wicks,PHI,WR,192,181,11
Nicholas Singleton,TEN,RB,194,279,-85
T.J. Hockenson,MIN,TE,195,219,-24
Jerry Jeudy,CLE,WR,197,199,-2
Braelon Allen,NYJ,RB,198,232,-34
Jauan Jennings,MIN,WR,199,202,-3
Jake Bates,DET,K,200,148,52
Evan McPherson,CIN,K,201,149,52
Tyler Loop,BAL,K,202,165,37
Terrance Ferguson,LAR,TE,203,223,-20
Ollie Gordon II,MIA,RB,204,281,-77
Demond Claiborne,MIN,RB,206,287,-81
Dalton Schultz,HOU,TE,207,221,-14
Isaiah Davis,NYJ,RB,209,289,-80
Eddy Pineiro,SF,K,210,166,44
Cairo Santos,CHI,K,211,164,47
Jaylin Noel,HOU,WR,212,275,-63
George Holani,SEA,RB,213,276,-63
James Conner,ARI,RB,214,247,-33
Antonio Williams,WSH,WR,215,268,-53
Jacoby Brissett,ARI,QB,216,244,-28
Harrison Mevis,LAR,K,217,167,50
Kaelon Black,SF,RB,218,213,5
Malik Washington,MIA,WR,219,196,23
Gunnar Helm,TEN,TE,220,242,-22
Calvin Ridley,TEN,WR,221,218,3
Sean Tucker,TB,RB,222,193,29
Andy Borregales,NE,K,223,178,45
Fernando Mendoza,LV,QB,224,210,14
Zachariah Branch,ATL,WR,226,248,-22
Kimani Vidal,LAC,RB,227,253,-26
Jack Bech,LV,WR,228,251,-23
Chase McLaughlin,TB,K,230,190,40
Darnell Mooney,NYG,WR,232,274,-42
Jordan James,SF,RB,233,254,-21
DJ Giddens,IND,RB,234,273,-39
Adam Randall,BAL,RB,235,,
Emari Demercado,KC,RB,236,266,-30
Kayshon Boutte,NE,WR,237,228,9
Chris Boswell,PIT,K,238,203,35
Justice Hill,BAL,RB,239,243,-4
Tahj Brooks,CIN,RB,240,,
Geno Smith,NYJ,QB,241,209,32
Tua Tagovailoa,ATL,QB,242,245,-3
Will Reichard,MIN,K,243,233,10
Kirk Cousins,LV,QB,244,255,-11
Harrison Butker,KC,K,245,204,41
Rashod Bateman,BAL,WR,246,201,45
Pat Bryant,DEN,WR,248,215,33
Jahan Dotson,ATL,WR,250,,
Tyquan Thornton,KC,WR,252,264,-12
Germie Bernard,PIT,WR,253,226,27
Skyler Bell,BUF,WR,255,,
Emanuel Wilson,SEA,RB,256,277,-21
Michael Penix Jr.,ATL,QB,257,256,1
Tory Horton,SEA,WR,258,291,-33
Aaron Rodgers,PIT,QB,259,225,34
Malachi Fields,NYG,WR,260,294,-34
Darius Slayton,NYG,WR,261,227,34
Troy Franklin,DEN,WR,264,282,-18
Charlie Smyth,NO,K,265,,
Chris Bell,MIA,WR,266,269,-3
Elijah Sarratt,BAL,WR,267,249,18
Ted Hurst III,TB,WR,268,283,-15
Trey Smack,GB,K,269,,
Shedeur Sanders,CLE,QB,270,,
Keenan Allen,LAC,WR,271,250,21
Cade Otton,TB,TE,272,241,31
Wil Lutz,DEN,K,273,298,-25
Tank Dell,HOU,WR,274,262,12
Jalen Tolbert,MIA,WR,275,278,-3
Ja'Kobi Lane,BAL,WR,277,200,77
Cyrus Allen,KC,WR,278,214,64
Caleb Douglas,MIA,WR,279,217,62
Colby Parkinson,LAR,TE,280,222,58
Najee Harris,LAC,RB,281,,
Cooper Kupp,SEA,WR,282,229,53
Eli Stowers,PHI,TE,283,270,13
Nick Chubb,HOU,RB,284,,
Pat Freiermuth,PIT,TE,285,272,13
Jake Elliott,PHI,K,286,234,52
Tyler Higbee,LAR,TE,287,,
Darnell Washington,PIT,TE,288,271,17
Samaje Perine,CIN,RB,289,285,4
Evan Engram,DEN,TE,291,240,51
Chris Brooks,GB,RB,293,290,3
Jaylen Wright,MIA,RB,294,280,14
Devin Neal,NO,RB,296,,
Phil Mafah,DAL,RB,297,,
Xavier Legette,CAR,WR,298,,
Deshaun Watson,CLE,QB,299,246,53
