Aug 22,index,PPR,STD,ADP,Std auction,ppr auction,aav,,STD,PPR
Ja'Marr Chase,1,1,1,1.548544726,57,57,63.37997473,,1,1
Bijan Robinson,2,2,2,2.996587413,56,56,60.2883765,,2,2
Justin Jefferson,3,3,3,4.787115758,55,55,57.6850916,,3,3
Saquon Barkley,4,4,4,3.621283004,55,55,60.41313961,,4,4
Jahmyr Gibbs,5,5,5,5.334310647,54,54,57.80195831,,5,5
CeeDee Lamb,6,6,6,6.914756585,53,53,54.80037903,,6,6
Christian McCaffrey,7,7,7,7.994477882,53,53,53.23057486,,7,7
Puka Nacua,8,8,8,10.25592784,52,52,49.08433354,,8,8
Malik Nabers,9,9,9,11.86373128,51,51,49.09096652,,9,9
Amon-Ra St. Brown,10,10,10,10.43706342,50,50,50.66771952,,10,10
Ashton Jeanty,11,11,12,12.67834618,46,48,48.01516109,,12,11
Nico Collins,12,13,13,15.47732443,45,45,44.60138977,,13,13
Derrick Henry,13,19,11,15.24423082,48,36,43.66456096,,11,19
De'Von Achane,14,12,18,16.01430738,37,46,42.67308907,,18,12
Brian Thomas Jr.,15,14,14,18.80054579,43,43,41.02590019,,14,14
A.J. Brown,16,15,15,19.1598808,42,42,39.60012634,,15,15
Jonathan Taylor,17,17,17,19.02566143,38,38,38.73215414,,17,17
Drake London,18,16,16,22.05721701,40,40,37.67530006,,16,16
Josh Jacobs,19,18,19,19.97779404,36,37,37.39734681,,19,18
Brock Bowers,20,20,20,20.8607432,35,35,34.90337859,,20,20
Trey McBride,21,21,21,26.50952223,34,34,30.01263025,,21,21
Bucky Irving,22,22,23,24.55466192,32,33,33.68382817,,23,22
Tee Higgins,23,24,24,28.14420371,32,32,28.66708781,,24,24
Josh Allen,24,28,28,20.92171477,29,29,34.73550839,,28,28
Tyreek Hill,25,25,26,30.93594625,30,31,29.30859128,,26,25
Lamar Jackson,26,29,29,22.86184865,28,28,33.55939183,,30,30
Ladd McConkey,27,26,27,30.93495965,30,30,28.80953885,,27,26
Chase Brown,28,23,32,27.27966953,25,32,33.02937461,,36,23
Davante Adams,29,27,25,35.80441226,31,30,24.88344915,,25,27
Kyren Williams,30,32,22,31.84930146,33,25,28.68288061,,22,36
Jayden Daniels,31,30,30,28.44861712,27,27,28.1853025,,32,32
Jalen Hurts,32,31,31,29.66757914,26,26,26.6569528,,34,34
James Cook,33,33,33,33.28749346,24,24,25.92198358,,37,37
Jaxon Smith-Njigba,34,34,36,39.07261338,22,23,21.31301327,,40,38
Terry McLaurin,35,35,34,40.85749075,23,22,19.60675932,,38,39
Joe Burrow,36,39,39,33.91572655,21,21,23.67532468,,43,43
Omarion Hampton,37,37,37,43.69533616,22,22,22.52716361,,41,41
George Kittle,38,40,40,36.30915645,20,20,20.29144301,,45,45
Kenneth Walker III,39,38,38,42.59908464,21,21,20.95167404,,42,42
Mike Evans,40,45,35,46.20334204,22,17,17.84428301,,39,50
Alvin Kamara,41,41,42,42.94178812,19,19,19.35060013,,47,46
Garrett Wilson,42,36,48,45.60271719,14,22,18.43461781,,53,40
Chuba Hubbard,43,42,41,48.98612001,19,19,17.55495894,,46,47
James Conner,44,43,43,53.44012454,18,18,16.42135186,,48,48
TreVeyon Henderson,45,44,44,53.31714963,17,17,17.24194567,,49,49
Marvin Harrison Jr.,46,46,47,50.61395339,15,15,16.22583702,,52,51
Xavier Worthy,47,47,46,51.91922159,15,15,13.03790272,,51,52
DK Metcalf,48,48,50,50.7497263,13,14,14.12349968,,55,53
Breece Hall,49,51,45,58.07758777,17,12,13.87965888,,50,56
Zay Flowers,50,53,49,62.40552737,13,11,9.964308275,,54,58
DJ Moore,51,49,54,61.46385867,10,13,10.67087808,,59,54
D'Andre Swift,52,52,52,62.74532171,11,11,10.8679722,,57,57
Rashee Rice,53,50,55,67.40767957,10,13,9.68888187,,60,55
Courtland Sutton,54,54,53,67.18383543,11,10,9.860707517,,58,59
Sam LaPorta,55,61,61,51.53085246,8,8,9.963372277,,67,67
Patrick Mahomes,56,62,62,49.55108162,8,8,12.74279379,,68,68
Calvin Ridley,57,55,51,71.07852645,12,10,8.871762476,,56,60
DeVonta Smith,58,56,60,70.97688155,9,10,8.865761213,,66,61
Baker Mayfield,59,63,63,58.48175752,8,8,9.358885017,,70,70
Jameson Williams,60,59,56,77.23287869,10,9,7.756790903,,61,64
Jaylen Waddle,61,57,59,76.27667824,9,10,7.451042325,,64,62
George Pickens,62,60,57,76.15078611,10,9,8.190145294,,62,66
Jerry Jeudy,63,58,65,76.74905207,7,9,6.378395452,,74,63
T.J. Hockenson,64,69,69,61.8807872,6,6,6.786864541,,78,78
David Montgomery,65,67,67,67.933302,7,7,8.25078964,,76,76
Rome Odunze,66,64,58,87.88788905,9,7,5.23120657,,63,72
Tetairoa McMillan,67,65,64,83.40244052,7,7,6.7116235,,72,74
Travis Hunter,68,66,66,79.77518767,7,7,6.80953885,,75,75
Aaron Jones Sr.,69,68,70,78.83042185,6,6,6.776373973,,79,77
Isiah Pacheco,70,72,72,77.40641723,6,6,7.750473784,,81,81
Tony Pollard,71,70,68,83.89189564,6,6,6.18888187,,77,79
RJ Harvey,72,71,71,86.51572522,6,6,7.199305117,,80,80
Travis Kelce,73,83,84,64.2648804,4,4,7.116829807,,95,94
Jakobi Meyers,74,74,75,95.33419671,5,5,3.867972205,,85,83
Matthew Golden,75,76,73,97.57071832,6,5,4.024005054,,82,87
Chris Godwin,76,73,74,101.9966622,5,6,3.426089703,,83,82
Cooper Kupp,77,78,77,92.69836209,5,4,4.258054327,,88,89
Mark Andrews,78,85,83,79.96415353,4,4,4.235554152,,94,97
David Njoku,79,84,85,79.52923741,4,4,3.719292706,,97,95
Chris Olave,80,75,76,99.88764873,5,5,3.495578016,,87,86
Bo Nix,81,87,87,77.22007646,3,3,6.134938232,,99,99
Tyrone Tracy Jr.,82,80,80,96.25169294,4,4,4.168982944,,91,91
Evan Engram,83,86,86,90.81287952,4,4,3.49163246,,98,98
Kaleb Johnson,84,82,82,105.3722811,4,4,3.981048642,,93,93
Kyler Murray,85,88,88,90.25880579,3,3,4.445042762,,101,101
Joe Mixon,86,90,81,100.7774413,4,3,4.299431459,,92,105
Brock Purdy,87,89,89,92.28687372,3,3,3.818498575,,103,103
Jaylen Warren,88,81,90,102.4574521,3,4,2.965571699,,105,92
Stefon Diggs,89,79,97,97.47309732,2,4,3.834807328,,113,90
Jordan Addison,90,96,78,114.1936161,4,2,2.645925458,,89,112
Michael Pittman Jr.,91,77,96,116.8430165,2,5,2.034744157,,112,88
Quinshon Judkins,92,91,91,107.5845211,3,3,2.947252053,,106,106
Emeka Egbuka,93,98,79,119.0208488,4,2,3.452937461,,90,114
J.K. Dobbins,94,92,92,112.4166711,3,3,2.355653822,,107,107
Rhamondre Stevenson,95,93,93,121.3306471,3,3,1.638029059,,108,108
Javonte Williams,96,94,94,119.7772473,3,3,1.949463045,,109,109
Deebo Samuel,97,100,98,108.0633535,2,2,3.12539482,,114,116
Justin Herbert,98,103,104,104.7432392,2,2,3.018055116,,120,120
Khalil Shakir,99,97,102,117.9542804,2,2,1.735628553,,118,113
Jauan Jennings,100,99,100,122.2796727,2,2,1.684775742,,116,115
Ricky Pearsall,101,101,103,116.8410271,2,2,2.765319015,,119,118
Keon Coleman,102,102,99,122.0770936,2,2,1.634870499,,115,119
Caleb Williams,103,104,105,121.5668878,2,2,2.290782388,,122,122
Dak Prescott,104,105,106,113.8874441,2,2,3.46911625,,126,126
Austin Ekeler,105,95,114,127.9499218,2,3,1.456727732,,139,110
Cam Skattebo,106,114,95,128.8873449,3,2,1.7460518,,111,139
Justin Fields,107,106,107,124.0863314,2,2,2.142540386,,128,128
Jayden Reed,108,107,102,132.9947878,2,2,1.207201516,,118,130
Tyler Warren,109,113,113,114.2504753,2,2,2.708241238,,138,138
Keenan Allen,110,108,109,128.2949944,2,2,1.407770057,,132,131
Brian Robinson Jr.,111,117,115,114.4046986,2,2,2.753632344,,142,144
Darnell Mooney,112,109,108,139.6660418,2,2,1.009159823,,131,132
Rashid Shaheed,113,111,111,137.8799152,2,2,1.08622868,,136,136
Josh Downs,114,110,110,141.0997415,2,2,1.034112445,,135,135
Jayden Higgins,115,112,112,141.0311714,2,2,1.092545799,,137,137
Travis Etienne Jr.,116,115,119,127.7118107,2,2,1.919772584,,146,142
Tank Bigsby,117,118,117,140.1644628,2,2,1.427353127,,144,145
Jordan Mason,118,119,118,138.9708088,2,2,1.85660139,,145,146
Tucker Kraft,119,126,126,113.1394087,1,1,1.808020208,,159,159
Tyjae Spears,120,116,116,145.8116328,2,2,0.954832596,,143,143
Jared Goff,121,123,123,126.2183216,1,1,2.344947735,,153,153
Drake Maye,122,121,121,138.2084957,1,1,1.982895154,,149,149
Colston Loveland,123,125,125,122.0201975,1,1,1.700978844,,158,158
Jordan Love,124,122,122,141.0636027,1,1,1.879949319,,151,151
J.J. McCarthy,125,124,124,139.4210428,1,1,1.906873614,,155,155
Dallas Goedert,126,127,127,130.4338357,1,1,1.12503947,,160,160
Jacory Croskey-Merritt,127,120,120,158.6034307,2,2,0.89576753,,148,148
Dalton Kincaid,128,129,129,136.9357256,1,1,1.127249763,,162,162
Zach Charbonnet,129,132,132,147.5057304,1,1,1.420404296,,166,166
Kyle Pitts Sr.,130,142,128,138.6740331,1,1,1.234291127,,161,180
Rachaad White,131,130,131,151.2847965,1,1,0.907770057,,165,164
Jake Ferguson,132,128,142,143.2794612,1,1,0.964951058,,180,161
Trey Benson,133,131,130,155.9824885,1,1,0.904295641,,164,165
Jaydon Blue,134,133,133,158.6517455,1,1,0.884080859,,167,167
Adam Thielen,135,136,136,153.7513231,1,1,0.662349968,,172,172
Tyler Allgeier,136,134,134,161.9133609,1,1,0.668035376,,168,168
Xavier Legette,137,137,137,158.6445485,1,1,0.528111181,,173,173
Jaylen Wright,138,135,135,164.7361161,1,1,0.536323437,,171,171
Cedric Tillman,139,138,138,162.5715354,1,1,0.451674037,,174,174
Brandon Aiyuk,140,140,140,159.8000876,1,1,0.608654454,,177,177
Hollywood Brown,141,139,139,164.3505688,1,1,0.431143399,,175,175
Hunter Henry,142,141,141,157.6792403,1,1,0.406378276,,179,179
C.J. Stroud,143,145,145,142.227674,1,1,1.87012987,,188,188
Tua Tagovailoa,144,143,143,161.4545085,1,1,0.813430472,,181,181
Matthew Stafford,145,144,144,163.3136669,1,1,0.572062084,,183,183
Braelon Allen,146,146,146,161.410384,1,1,0.680353759,,190,190
Najee Harris,147,148,147,164.3418711,1,1,0.466835123,,191,192
Jerome Ford,148,147,148,165.1905034,1,1,0.432722678,,192,191
Texans D/ST,149,169,169,102.6797972,0,0,2.17016317,,223,223
Steelers D/ST,150,170,170,99.27106626,0,0,2.67032967,,226,226
Bhayshul Tuten,151,149,149,168.985725,1,1,0.310170562,,193,193
Broncos D/ST,152,171,171,103.10395,0,0,3.023643024,,227,227
Isaac Guerendo,153,150,150,166.875518,1,1,0.4576753,,196,196
Marvin Mims Jr.,154,153,153,163.8704914,1,1,0.468098547,,199,199
Wan'Dale Robinson,155,152,152,166.8335363,1,1,0.237207833,,198,198
Ray Davis,156,151,151,168.9782479,1,1,0.277321541,,197,197
Christian Kirk,157,154,154,166.7820603,1,1,0.280164245,,200,200
Rashod Bateman,158,155,155,166.4276208,1,1,0.292166772,,203,203
Luther Burden III,159,157,157,167.2775413,1,1,0.274794694,,205,205
DeMario Douglas,160,156,156,170.1408598,1,1,0.162665824,,204,204
Vikings D/ST,161,172,172,122.3058052,0,0,1.627039627,,228,228
Nick Chubb,162,161,161,155.383348,0,0,0.875868604,,212,212
Ravens D/ST,163,174,174,120.6772838,0,0,1.975690976,,230,230
Tre Harris,164,158,158,170.1633343,1,1,0.180037903,,206,206
Michael Wilson,165,159,159,171.2851719,1,1,0.081806696,,207,207
Jake Bates,166,181,181,109.347243,0,0,2.049356969,,240,240
Will Shipley,167,160,160,170.086559,1,1,0.169614656,,211,211
Zach Ertz,168,165,165,159.3996475,0,0,0.323650142,,217,217
Justice Hill,169,162,162,170.2234239,0,0,0.14497789,,213,213
Seahawks D/ST,170,173,173,139.1239959,0,0,1.065934066,,229,229
Jack Bech,171,163,163,170.6919943,0,0,0.168667088,,214,214
Brandon Aubrey,172,184,184,113.5315481,0,0,2.539103233,,243,243
Chase McLaughlin,173,182,182,118.1839635,0,0,1.580465763,,241,241
Kyle Williams,174,164,164,170.4398594,0,0,0.113392293,,215,215
Eagles D/ST,175,177,177,131.5179486,0,0,1.568098568,,236,236
Jonnu Smith,176,166,166,166.780921,0,0,0.175244711,,220,220
Cameron Dicker,177,183,183,123.2014908,0,0,1.725060827,,242,242
Lions D/ST,178,176,176,138.9534101,0,0,1.12953713,,235,235
Darren Waller,179,167,167,168.6025453,0,0,0.162930218,,221,221
Patriots D/ST,180,175,175,149.9544115,0,0,0.914418914,,233,233
Bills D/ST,181,178,178,151.2022285,0,0,0.899100899,,237,237
Jason Sanders,182,185,185,148.8290273,0,0,0.909280501,,245,245
Jake Elliott,183,187,187,142.8653461,0,0,1.109836635,,249,249
Colts D/ST,184,179,179,166.0643688,0,0,0.440892441,,238,238
Jets D/ST,185,180,180,167.5688053,0,0,0.306360306,,239,239
Chris Boswell,186,188,188,146.270872,0,0,1.001737921,,250,250
Tyler Bass,187,186,186,152.6671585,0,0,0.899200556,,248,248
Harrison Butker,188,189,189,149.9007487,0,0,1.010079944,,252,252
Cairo Santos,189,190,190,166.9291229,0,0,0.419881821,,255,255
Tyler Loop,190,191,191,165.6492614,0,0,0.473409802,,256,256
Matt Gay,191,192,192,165.7141846,0,0,0.365658672,,257,257
Cade Otton,192,206,168,168.6737233,0,0,0.101673508,,222,295
Brenton Strange,193,168,206,169.521464,0,0,0.114303757,,296,222
Romeo Doubs,194,193,193,170.5732062,0,0,0.10265319,,260,260
Tyler Lockett,195,194,194,170.2092817,0,0,0.088123816,,261,261
MarShawn Lloyd,196,195,195,171.1947043,0,0,0.076753001,,266,266
Roschon Johnson,197,196,196,171.0401126,0,0,0.079279848,,269,269
Trevor Lawrence,198,198,198,164.018558,0,0,0.814380741,,273,273
Nick Westbrook-Ikhine,199,197,197,171.0928817,0,0,0.029690461,,270,270
Cam Ward,200,199,199,163.3303001,0,0,0.627811213,,276,276
Michael Penix Jr.,201,200,200,166.3266306,0,0,0.621159328,,281,281
Joshua Palmer,202,201,201,170.7410254,0,0,0.073910297,,283,283
Diontae Johnson,203,202,202,171.0044059,0,0,0.031585597,,285,285
Brandin Cooks,204,203,203,170.9169724,0,0,0.026216045,,287,287
Darius Slayton,205,204,204,170.9425637,0,0,0.031269741,,289,289
DeAndre Hopkins,206,205,205,169.8780447,0,0,0.117814277,,293,293
Chig Okonkwo,207,207,207,168.1972667,0,0,0.131038838,,297,297
Pat Bryant,208,208,208,170.7626099,0,0,0.035691725,,300,300
Quentin Johnston,209,209,209,170.8350387,0,0,0.028111181,,302,302
Dont'e Thornton Jr.,210,210,210,170.4636184,0,0,0.03916614,,304,304
Adonai Mitchell,211,211,211,170.5564984,0,0,0.028742893,,305,305
Dylan Sampson,212,212,212,170.4528894,0,0,0.155716993,,306,306
Woody Marks,213,213,213,170.8125621,0,0,0.070435881,,307,307
Kareem Hunt,214,214,214,170.2239205,0,0,0.101705622,,308,308
Mason Taylor,215,215,215,170.4122799,0,0,0.052099779,,310,310
Pat Freiermuth,216,216,216,168.5469548,0,0,0.083675403,,311,311
Bryce Young,217,218,218,167.5984923,0,0,0.410833069,,313,313
Geno Smith,218,219,219,169.231009,0,0,0.301868863,,315,315
Sam Darnold,219,220,220,168.7080081,0,0,0.34273044,,317,317
Blake Corum,220,221,221,170.5541154,0,0,0.095704359,,319,319
Kendre Miller,221,222,222,170.5713775,0,0,0.032217309,,320,320
Rico Dowdle,222,223,223,170.4368081,0,0,0.053063803,,321,321
Amari Cooper,223,224,224,170.3738304,0,0,0.014845231,,322,322
Miles Sanders,224,225,225,170.5528259,0,0,0.032217309,,324,324
DJ Giddens,225,226,226,170.5641519,0,0,0.025584334,,325,325
Gabe Davis,226,227,227,170.5421551,0,0,0.006632975,,326,326
Ray-Ray McCloud III,227,228,228,170.5379945,0,0,0.033796589,,327,327
Josh Reynolds,228,229,229,170.6257977,0,0,0.010423247,,328,328
Dyami Brown,229,230,230,170.5164512,0,0,0.011370815,,329,329
Tutu Atwell,230,231,231,170.5242721,0,0,0.005685407,,330,330
Calvin Austin III,231,232,232,170.4131322,0,0,0.011054959,,331,331
Christian Watson,232,233,233,170.3461004,0,0,0.011686671,,332,332
Tre Tucker,233,234,234,170.3083738,0,0,0.007580543,,333,333
Giants D/ST,234,235,235,167.1128318,0,0,0.163503164,,335,335
Ka'imi Fairbairn,235,237,237,166.5672756,0,0,0.29092805,,338,338
Buccaneers D/ST,236,236,236,168.605484,0,0,0.144522145,,337,337
Dalton Schultz,237,217,259,169.6488894,0,0,0.053362804,,366,312
Joshua Karty,238,238,238,170.2615514,0,0,0.052485228,,339,339
Samaje Perine,239,239,239,170.4842265,0,0,0.012318383,,340,340
Kenneth Gainwell,240,240,240,170.4415184,0,0,0.009791535,,342,342
Ty Johnson,241,241,241,170.3745627,0,0,0.006001263,,343,343
Elijah Mitchell,242,242,242,170.2738002,0,0,0.008212255,,344,344
Raheem Mostert,243,243,243,170.3353574,0,0,0.024005054,,345,345
Clyde Edwards-Helaire,244,244,244,170.3421879,0,0,0.00473784,,346,346
Kyle Monangai,245,245,245,170.3208848,0,0,0.032849021,,349,349
Ollie Gordon II,246,246,246,170.100384,0,0,0.077068857,,350,350
Sean Tucker,247,247,247,170.2504593,0,0,0.016108654,,351,351
Isaiah Davis,248,248,248,170.2855472,0,0,0.004421984,,352,352
Keaton Mitchell,249,249,249,170.1124439,0,0,0.029058749,,353,353
Devin Neal,250,250,250,170.2435928,0,0,0.005369551,,355,355
Kyle Juszczyk,251,251,251,170.0542866,0,0,0.00473784,,356,356
Noah Brown,252,252,252,170.2602015,0,0,0.002210992,,357,357
Allen Lazard,253,253,253,170.2587197,0,0,0.002842704,,358,358
Cardinals D/ST,254,254,254,169.2821771,0,0,0.198135198,,359,359
Packers D/ST,255,255,255,168.4883674,0,0,0.143856144,,361,361
Isaiah Likely,256,290,217,168.5682051,0,0,0.096937165,,312,413
Brandon McManus,257,256,256,169.3283258,0,0,0.070907195,,363,363
Evan McPherson,258,257,257,167.7854521,0,0,0.184567258,,364,364
Elijah Arroyo,259,258,258,170.0132017,0,0,0.033154405,,365,365
Mike Gesicki,260,259,260,169.9189716,0,0,0.027155036,,367,366
KaVontae Turpin,261,261,261,170.0283363,0,0,0.040429564,,369,369
Jalen Tolbert,262,262,262,170.2173702,0,0,0.00315856,,370,370
Andrei Iosivas,263,263,263,170.1510654,0,0,0.009791535,,371,371
Jalen McMillan,264,264,264,170.3861855,0,0,0.095388503,,372,372
Emari Demercado,265,265,265,170.2213749,0,0,0.002210992,,376,376
Jarquez Hunter,266,266,266,170.3059283,0,0,0.009475679,,378,378
Daniel Jones,267,267,267,170.08307,0,0,0.07950586,,380,380
Aaron Rodgers,268,268,268,168.3116813,0,0,0.227747862,,382,382
Russell Wilson,269,269,269,169.814394,0,0,0.097877732,,385,385
Joe Flacco,270,270,270,169.8345488,0,0,0.058599937,,387,387
Tyler Higbee,271,260,289,169.9116131,0,0,0.025892011,,412,367
Alec Pierce,272,271,271,170.241506,0,0,0.007896399,,390,390
Jamari Thrash,273,272,272,170.0519573,0,0,0.000947568,,391,391
Jalen Coker,274,273,273,170.1837208,0,0,0.005685407,,392,392
Van Jefferson,275,274,274,170.143942,0,0,0.002526848,,393,393
Greg Dortch,276,275,275,170.2190429,0,0,0.002526848,,395,395
Chris Brooks,277,276,276,170.1725048,0,0,0.001895136,,396,396
Pierre Strong Jr.,278,277,277,170.1509458,0,0,0.002210992,,397,397
Alec Ingold,279,278,278,170.168106,0,0,0.002210992,,398,398
Trevor Etienne,280,279,279,170.1879563,0,0,0.014213519,,399,399
Sincere McCormick,281,280,280,170.1723401,0,0,0.00315856,,402,402
Dare Ogunbowale,282,281,281,170.1490934,0,0,0.002210992,,403,403
Tahj Brooks,283,282,282,170.1407881,0,0,0.016108654,,404,404
Brashard Smith,284,283,283,170.113074,0,0,0.012318383,,405,405
Jordan Whittington,285,284,284,170.1898971,0,0,0.005053696,,406,406
Chiefs D/ST,286,285,285,166.8134534,0,0,0.224775225,,408,408
Bears D/ST,287,286,286,168.89538,0,0,0.066933067,,409,409
Jason Myers,288,287,287,169.8410888,0,0,0.047966632,,410,410
Wil Lutz,289,288,288,169.1520133,0,0,0.138338547,,411,411
Theo Johnson,290,289,290,170.031237,0,0,0.011367225,,415,412
Juwan Johnson,291,291,291,170.0715693,0,0,0.006630881,,416,416
Ja'Tavion Sanders,292,292,292,169.9487946,0,0,0.0050521,,417,417
Michael Mayer,293,293,293,170.0621702,0,0,0.00252605,,418,418
Jalen Nailor,294,294,294,170.1283137,0,0,0.008528111,,419,419
Devaughn Vele,295,295,295,170.1540306,0,0,0.003790272,,421,421
Tyler Shough,296,296,296,170.1365773,0,0,0.038961039,,422,422
49ers D/ST,297,298,298,166.952706,0,0,0.198135198,,425,425
Rams D/ST,298,297,297,169.5130572,0,0,0.058275058,,424,424
Dolphins D/ST,299,299,299,169.9239307,0,0,0.021312021,,426,426
Chargers D/ST,300,300,300,169.6025633,0,0,0.052947053,,428,428
Jaxson Dart,301,301,301,168.8804273,0,0,0.200190054,,429,429
Anthony Richardson Sr.,302,302,302,169.8571711,0,0,0.136838771,,430,430
Jordan James,303,303,303,170.1238765,0,0,0.006632975,,431,431
Devin Singletary,304,304,304,170.0750399,0,0,0.002526848,,432,432
Jaleel McLaughlin,305,305,305,170.0795723,0,0,0.005053696,,434,434
Hunter Luepke,306,306,306,170.1032214,0,0,0.00157928,,435,435
AJ Dillon,307,307,307,169.9901253,0,0,0.004421984,,436,436
Emanuel Wilson,308,308,308,170.0712138,0,0,0.004106128,,437,437
Antonio Gibson,309,309,309,169.9415849,0,0,0.004421984,,438,438
Dillon Gabriel,310,310,310,170.0656134,0,0,0.006018372,,440,440
Noah Fant,311,311,311,169.9912948,0,0,0.00252605,,441,441
Ben Sinnott,312,312,312,170.0335434,0,0,0.001578781,,442,442
Terrance Ferguson,313,313,313,169.9592145,0,0,0.003789075,,443,443
AJ Barner,314,314,314,169.9558876,0,0,0.002210294,,445,445
Shedeur Sanders,315,315,315,168.1676522,0,0,0.174849541,,449,449
Kenny Pickett,316,316,316,170.0507231,0,0,0.006018372,,450,450
Spencer Rattler,317,317,317,169.9717489,0,0,0.010452962,,453,453
Kirk Cousins,318,318,318,169.7605274,0,0,0.0123535,,454,454
Jalen Milroe,319,319,319,169.8422994,0,0,0.010769718,,455,455
Khalil Herbert,320,320,320,170.0222435,0,0,0.002210992,,456,456
Kalel Mullings,321,321,321,169.9897621,0,0,0.001263424,,457,457
Jashaun Corbin,322,322,322,169.9912042,0,0,0.000631712,,458,458
Will Dissly,323,323,323,169.9440887,0,0,0.001263025,,459,459
Dawson Knox,324,325,324,169.6850029,0,0,0.015787812,,460,463
Noah Gray,325,324,325,169.8152294,0,0,0.011682981,,463,460
Oronde Gadsden II,326,326,326,169.9669581,0,0,0.002210294,,465,465
Cole Kmet,327,327,327,169.6311964,0,0,0.02683928,,466,466
Austin Hooper,328,328,328,169.9135882,0,0,0.000947269,,467,467
Gunnar Helm,329,329,329,169.9230646,0,0,0.003473319,,468,468
Harold Fannin Jr.,330,330,330,169.9296819,0,0,0.008209662,,469,469
Luke Musgrave,331,331,331,169.8741816,0,0,0.002210294,,470,470
Foster Moreau,332,332,332,169.9846404,0,0,0,,471,471
Tyler Conklin,333,333,333,169.9474266,0,0,0.000947269,,472,472
Tommy Tremble,334,334,334,169.9480363,0,0,0,,473,473
Tyrod Taylor,335,335,335,169.9749457,0,0,0.001267026,,475,475
Mason Rudolph,336,336,336,169.9122299,0,0,0.003167564,,477,477
Gardner Minshew,337,337,337,169.9342366,0,0,0.001267026,,478,478
Jameis Winston,338,338,338,169.8798413,0,0,0.005701615,,479,479
Jake Browning,339,339,339,169.9482821,0,0,0.001583782,,480,480
Cam Little,340,345,345,154.8548514,0,0,0.624956552,,488,488
Jimmy Garoppolo,341,340,340,169.9258592,0,0,0.004751346,,482,482
Marcus Mariota,342,341,341,169.9683804,0,0,0.001267026,,483,483
Sam Howell,343,342,342,169.9569443,0,0,0.000950269,,484,484
Joe Milton III,344,343,343,169.936435,0,0,0.008235667,,485,485
Kyle Trask,345,344,344,169.96552,0,0,0.000633513,,486,486
Will Reichard,346,346,346,169.2669963,0,0,0.122002086,,489,489
Spencer Shrader,347,347,347,169.9733036,0,0,0.008342023,,490,490
Ryan Fitzgerald,348,348,348,169.8216903,0,0,0.005908933,,491,491
Daniel Carlson,349,349,349,169.2594049,0,0,0.049704553,,492,492
Chad Ryland,350,350,350,169.8991598,0,0,0.010427529,,494,494
Younghoe Koo,351,351,351,167.9283062,0,0,0.192909281,,495,495
Andy Borregales,352,352,352,169.7724031,0,0,0.008689607,,496,496
Jake Moody,353,353,353,169.160277,0,0,0.027111575,,497,497
Blake Grupe,354,354,354,169.8216022,0,0,0.002780674,,498,498
Joey Slye,355,355,355,169.9190275,0,0,0.002085506,,500,500
Graham Gano,356,356,356,169.6873666,0,0,0.006951686,,502,502
Nick Folk,357,357,357,169.7662247,0,0,0.008689607,,503,503
Dustin Hopkins,358,358,358,169.7589665,0,0,0.00973236,,504,504
Jaguars D/ST,359,359,359,169.8734724,0,0,0.025308025,,505,505
Cowboys D/ST,360,360,360,168.4642789,0,0,0.074925075,,507,507
Browns D/ST,361,361,361,169.1236187,0,0,0.027306027,,510,510
Titans D/ST,362,362,362,169.752313,0,0,0.007992008,,511,511
Falcons D/ST,363,363,363,169.6734106,0,0,0.023976024,,513,513
Saints D/ST,364,364,364,169.7539204,0,0,0.015984016,,515,515
Commanders D/ST,365,365,365,169.232933,0,0,0.043290043,,516,516
Raiders D/ST,366,366,366,169.6577559,0,0,0.013653014,,517,517
Bengals D/ST,367,367,367,169.4432906,0,0,0.027639028,,518,518
Panthers D/ST,368,368,368,169.5650422,0,0,0.130536131,,519,519
Jaylin Noel,369,369,369,170.1149995,0,0,0.008843967,,1042,1042
Malik Washington,370,370,370,169.9921656,0,0,0.004106128,,1045,1045
Troy Franklin,371,371,371,169.8986489,0,0,0.026847757,,1047,1047
Parker Washington,372,372,372,169.9759947,0,0,0.000631712,,1059,1059
Elic Ayomanor,373,373,373,170.0001068,0,0,0.010423247,,1063,1063
Roman Wilson,374,374,374,169.9125234,0,0,0.012318383,,1066,1066
Kayshon Boutte,375,375,375,169.9559947,0,0,0.001895136,,1070,1070
Jermaine Burton,376,376,376,169.9735381,0,0,0.003474416,,1071,1071
Tim Patrick,377,377,377,169.9150659,0,0,0.004421984,,1075,1075
Curtis Samuel,378,378,378,169.9539063,0,0,0.00157928,,1079,1079
Chimere Dike,379,379,379,169.9771322,0,0,0.00157928,,1081,1081
Tory Horton,380,380,380,169.8950095,0,0,0.022109918,,1089,1089
Josh Oliver,381,381,381,169.9256001,0,0,0.003157562,,1092,1092
Demarcus Robinson,382,382,382,169.960358,0,0,0.002210992,,1096,1096
Robert Woods,383,383,383,169.9523469,0,0,0.000947568,,1099,1099
Luke McCaffrey,384,384,384,169.8486425,0,0,0.014213519,,1102,1102
JuJu Smith-Schuster,385,385,385,169.8698257,0,0,0.006317119,,1107,1107
Cade Stover,386,386,386,169.9436244,0,0,0.001263025,,1108,1108
Tai Felton,387,387,387,169.9580567,0,0,0.00157928,,1110,1110
Elijah Higgins,388,388,388,169.9357957,0,0,0,,1112,1112
Scott Matlock,389,389,389,169.8643793,0,0,0.003474416,,1114,1114
Jaylin Lane,390,390,390,169.9729513,0,0,0.002210992,,1141,1141
KhaDarel Hodge,391,391,391,169.9679895,0,0,0.000315856,,1144,1144
Zay Jones,392,392,392,169.9754394,0,0,0.000631712,,1146,1146
Elijah Moore,393,393,393,169.9013992,0,0,0.002210992,,1147,1147
Adam Trautman,394,394,394,169.9574083,0,0,0,,1150,1150
Luke Schoonmaker,395,395,395,169.9342042,0,0,0.012630249,,1156,1156
Marquez Valdes-Scantling,396,396,396,169.953832,0,0,0.001263424,,1158,1158
Kalif Raymond,397,397,397,169.9426492,0,0,0.002842704,,1165,1165
Mack Hollins,398,398,398,169.9423014,0,0,0.000947568,,1166,1166
Olamide Zaccheaus,399,399,399,169.9209884,0,0,0.003474416,,1167,1167
Malachi Corley,400,400,400,169.9804275,0,0,0.000315856,,1171,1171
Julian Hill,401,401,401,169.9350473,0,0,0.001894537,,1174,1174
Dontayvion Wicks,402,402,402,169.955365,0,0,0.001895136,,1175,1175
Sterling Shepard,403,403,403,169.9708146,0,0,0.000315856,,1176,1176
Savion Williams,404,404,404,169.9627668,0,0,0.001895136,,1184,1184
Johnny Mundt,405,405,405,169.982691,0,0,0.221345122,,1189,1189
Jahan Dotson,406,406,406,169.777547,0,0,0.012950095,,1193,1193
Charlie Woerner,407,407,407,169.9726828,0,0,0,,1200,1200
Jake Bobo,408,408,408,169.8811495,0,0,0.006001263,,1204,1204
Derius Davis,409,409,409,169.9650467,0,0,0.007264687,,1209,1209
Grant Calcaterra,410,410,410,169.9302793,0,0,0.000947269,,1210,1210
Josh Whyle,411,411,411,169.9903495,0,0,0.000315756,,1218,1218
Arian Smith,412,412,412,169.9723418,0,0,0.000631712,,1220,1220
Tim Jones,413,413,413,169.9772125,0,0,0.000315856,,1225,1225
Jeremy Ruckert,414,414,414,169.9630162,0,0,0.000631512,,1227,1227
Tyquan Thornton,415,415,415,169.9702109,0,0,0.002210992,,1229,1229
Dante Pettis,416,416,416,169.9863178,0,0,0.000315856,,1231,1231
Daniel Bellinger,417,417,417,169.9431336,0,0,0,,1233,1233
Kendrick Bourne,418,418,418,169.9602241,0,0,0.000315856,,1241,1241
Drew Sample,419,419,419,169.9747013,0,0,0.000315756,,1246,1246
Colby Parkinson,420,420,420,169.9842987,0,0,0.000631512,,1255,1255
Tez Johnson,421,421,421,169.9537209,0,0,0.002210992,,1259,1259
Justin Watson,422,422,422,169.971877,0,0,0.000631712,,1261,1261
Darnell Washington,423,423,423,169.861838,0,0,0.00252605,,1262,1262
Mo Alie-Cox,424,424,424,169.9621668,0,0,0,,1263,1263
Jonathan Mingo,425,425,425,169.9718828,0,0,0.000947568,,1264,1264
Tommy Mellott,426,426,426,169.9626605,0,0,0.00157928,,1268,1268
Hunter Renfrow,427,427,427,169.823077,0,0,0.014529375,,1272,1272
Payne Durham,428,428,428,169.9733292,0,0,0.000315756,,1280,1280
Jamal Agnew,429,429,429,169.9865795,0,0,0,,1281,1281
Michael Burton,430,430,430,169.975759,0,0,0,,1283,1283
Jordan Watkins,431,431,431,169.9746385,0,0,0.000315856,,1288,1288
Brevyn Spann-Ford,432,432,432,169.9863014,0,0,0,,1290,1290
Jalen Royals,433,433,433,169.9504152,0,0,0.010423247,,1292,1292
Brock Wright,434,434,434,169.9083291,0,0,0.001578781,,1295,1295
Pharaoh Brown,435,435,435,169.9810782,0,0,0.002841806,,1299,1299
Isaac TeSlaa,436,436,436,169.5909846,0,0,0.059696778,,1302,1302
C.J. Ham,437,437,437,169.9507495,0,0,0.001263424,,1303,1303
Ian Thomas,438,438,438,169.98291,0,0,0.000631512,,1306,1306
John Bates,439,439,439,169.9505781,0,0,0,,1308,1308
Tip Reiman,440,440,440,169.9874126,0,0,0.000631512,,1309,1309
Luke Farrell,441,441,441,169.9663649,0,0,0,,1310,1310
Damien Martinez,442,442,442,169.96964,0,0,0.00157928,,1312,1312
Eric Saubert,443,443,443,169.9855964,0,0,0.016419324,,1314,1314
Ty Chandler,444,444,444,169.9276948,0,0,0.009791535,,1315,1315
Austin Trammell,445,445,445,169.9868465,0,0,0,,1316,1316
Michael Gallup,446,446,446,169.9753486,0,0,0,,1317,1317
Ihmir Smith-Marsette,447,447,447,169.9685182,0,0,0.002526848,,1318,1318
Bryce Oliver,448,448,448,169.9897997,0,0,0,,1320,1320
Charlie Kolar,449,449,449,169.9740339,0,0,0.000631512,,1322,1322
Durham Smythe,450,450,450,169.981559,0,0,0.000315756,,1323,1323
DeeJay Dallas,451,451,451,169.9794336,0,0,0.001263424,,1326,1326
Scotty Miller,452,452,452,169.9647742,0,0,0,,1327,1327
Jalin Hyatt,453,453,453,169.9265551,0,0,0.002210992,,1329,1329
Craig Reynolds,454,454,454,169.9500395,0,0,0.002842704,,1331,1331
John Metchie III,455,455,455,169.9403751,0,0,0.001263424,,1332,1332
Devin Duvernay,456,456,456,169.9700829,0,0,0.00315856,,1333,1333
Rasheen Ali,457,457,457,169.9726142,0,0,0.000947568,,1334,1334
Patrick Ricard,458,458,458,169.9579214,0,0,0.000947568,,1335,1335
Jacob Cowing,459,459,459,169.9844757,0,0,0.000315856,,1337,1337
Jeremy McNichols,460,460,460,169.9850732,0,0,0.000631712,,1338,1338
Kimani Vidal,461,461,461,169.9844109,0,0,0.000947568,,1340,1340
Carson Steele,462,462,462,169.9433221,0,0,0.00157928,,1341,1341
Britain Covey,463,463,463,169.9871937,0,0,0,,1342,1342
Ryan Flournoy,464,464,464,169.9870712,0,0,0,,1349,1349
Malik Heath,465,465,465,169.9800914,0,0,0,,1352,1352
Xavier Gipson,466,466,466,169.9812817,0,0,0.001895136,,1353,1353
Dee Eskridge,467,467,467,169.9838824,0,0,0.000315856,,1354,1354
Mitchell Tinsley,468,468,468,169.9196012,0,0,0.002210992,,1355,1355
Audric Estime,469,469,469,169.9605496,0,0,0.000947568,,1356,1356
Jared Wiley,470,470,470,169.9681004,0,0,0.000315756,,1357,1357
Tanner Conner,471,471,471,169.9813718,0,0,0,,1358,1358
Tanner Hudson,472,472,472,169.9779271,0,0,0.000947269,,1359,1359
Nate Adkins,473,473,473,169.9890517,0,0,0,,1361,1361
Gavin Bartholomew,474,474,474,169.9633059,0,0,0,,1362,1362
Davis Allen,475,475,475,169.9776177,0,0,0,,1363,1363
Tylan Wallace,476,476,476,169.9573672,0,0,0.000631712,,1365,1365
Tucker Fisk,477,477,477,169.9894095,0,0,0,,1366,1366
Lucas Krull,478,478,478,169.9964325,0,0,0,,1367,1367
KeAndre Lambert-Smith,479,479,479,169.9165928,0,0,0.006948831,,1368,1368
Mitchell Evans,480,480,480,169.9042879,0,0,0.001578781,,1369,1369
Hunter Long,481,481,481,169.9863654,0,0,0.000315756,,1370,1370
Laviska Shenault Jr.,482,482,482,169.9856823,0,0,0,,1371,1371
Trent Sherfield Sr.,483,483,483,169.9867877,0,0,0,,1372,1372
David Martin-Robinson,484,484,484,169.9907767,0,0,0.000315756,,1373,1373
Blake Whiteheart,485,485,485,169.9923255,0,0,0,,1374,1374
Brenden Bates,486,486,486,169.9974258,0,0,0,,1375,1375
Jackson Hawes,487,487,487,169.9844322,0,0,0,,1376,1376
Connor Heyward,488,488,488,169.9783705,0,0,0.000631512,,1377,1377
Feleipe Franks,489,489,489,169.9832679,0,0,0,,1378,1378
Jaheim Bell,490,490,490,169.9850783,0,0,0,,1379,1379
Chris Manhertz,491,491,491,169.9852279,0,0,0.000315756,,1380,1380
Devontez Walker,492,492,492,169.9614109,0,0,0,,1382,1382
Xavier Hutchinson,493,493,493,169.9844329,0,0,0.000631712,,1383,1383
Jack Stoll,494,494,494,169.990467,0,0,0,,1384,1384
Simi Fehoko,495,495,495,169.9886089,0,0,0.000315856,,1385,1385
Drew Ogletree,496,496,496,169.9863818,0,0,0,,1386,1386
Cedrick Wilson Jr.,497,497,497,169.9857357,0,0,0.001895136,,1387,1387
Anthony Gould,498,498,498,169.9864726,0,0,0,,1388,1388
David Moore,499,499,499,169.9530203,0,0,0.000315856,,1389,1389
Ashton Dulin,500,500,500,169.9802562,0,0,0,,1390,1390
Robbie Ouzts,501,501,501,169.9748841,0,0,0,,1391,1391
Kylen Granson,502,502,502,169.9852172,0,0,0.001894537,,1392,1392
Johnny Wilson,503,503,503,169.9658863,0,0,0.000315856,,1393,1393
Kevin Austin Jr.,504,504,504,169.9884327,0,0,0.001263424,,1394,1394
Stone Smartt,505,505,505,169.9843092,0,0,0,,1395,1395
Steven Sims,506,506,506,169.9887103,0,0,0.00315856,,1396,1396
Nikko Remigio,507,507,507,169.9644913,0,0,0.006948831,,1397,1397
DeAndre Carter,508,508,508,169.9856075,0,0,0.001895136,,1399,1399
Travis Homer,509,509,509,169.9756738,0,0,0.000315856,,1400,1400
Nick Mullens,510,510,510,169.9809661,0,0,0,,1402,1402
Jarrett Stidham,511,511,511,169.9599324,0,0,0.000316756,,1403,1403
Taylor Heinicke,512,512,512,169.9820514,0,0,0.000316756,,1404,1404
Malik Willis,513,513,513,169.9426584,0,0,0.000633513,,1405,1405
Zach Wilson,514,514,514,169.9524367,0,0,0.000633513,,1406,1406
Andy Dalton,515,515,515,169.9615208,0,0,0.000316756,,1407,1407
Cooper Rush,516,516,516,169.9502176,0,0,0.000633513,,1408,1408
LeQuint Allen Jr.,517,517,517,169.9729134,0,0,0,,1409,1409
Jacoby Brissett,518,518,518,169.9801482,0,0,0.000633513,,1410,1410
Aidan O'Connell,519,519,519,169.974315,0,0,0.000316756,,1411,1411
Hendon Hooker,520,520,520,169.9441872,0,0,0.000633513,,1412,1412
Davis Mills,521,521,521,169.9824257,0,0,0,,1413,1413
Drew Lock,522,522,522,169.9585855,0,0,0.000316756,,1414,1414
Case Keenum,523,523,523,169.9788276,0,0,0.000316756,,1415,1415
Joshua Dobbs,524,524,524,169.9102302,0,0,0.000633513,,1416,1416
Charlie Jones,525,525,525,169.9620561,0,0,0.00315856,,1417,1417
Mitchell Trubisky,526,526,526,169.9490895,0,0,0.000950269,,1418,1418
Mac Jones,527,527,527,169.9445564,0,0,0.002217295,,1419,1419
Tanner McKee,528,528,528,169.9195038,0,0,0.000633513,,1420,1420
Brandon Allen,529,529,529,169.967728,0,0,0.001583782,,1421,1421
Raheem Blackshear,530,530,530,169.9545896,0,0,0.008528111,,1423,1423
Braxton Berrios,531,531,531,169.9071878,0,0,0.001895136,,1424,1424
Avery Williams,532,532,532,169.9719301,0,0,0.000947568,,1425,1425
Tyler Goodson,533,533,533,169.9750008,0,0,0.00157928,,1426,1426
Dylan Laube,534,534,534,169.978611,0,0,0.000947568,,1427,1427
Xavier Smith,535,535,535,169.9901737,0,0,0,,1428,1428
Dameon Pierce,536,536,536,169.9581139,0,0,0.005369551,,1429,1429
Tom Kennedy,537,537,537,169.9800749,0,0,0.000315856,,1430,1430
Eric Gray,538,538,538,169.9781308,0,0,0,,1431,1431
Mason Kinsey,539,539,539,169.9854258,0,0,0,,1432,1432
Trey Palmer,540,540,540,169.9810736,0,0,0.001263424,,1433,1433
Julius Chestnut,541,541,541,169.9460923,0,0,0.001895136,,1434,1434
LaJohntay Wester,542,542,542,169.9560009,0,0,0.00157928,,1435,1435
Isaiah Williams,543,543,543,169.9877812,0,0,0,,1436,1436
Jimmy Horn Jr.,544,544,544,169.8924686,0,0,0.02116235,,1437,1437
Tyler Scott,545,545,545,169.9791459,0,0,0,,1438,1438
Jha'Quan Jackson,546,546,546,169.9690948,0,0,0,,1439,1439
Chris Moore,547,547,547,169.9887264,0,0,0,,1459,1459
Zach Pascal,548,548,548,169.977896,0,0,0.000631712,,1460,1460
Robert Tonyan,549,549,549,169.978146,0,0,0.000631512,,1461,1461
Laquon Treadwell,550,550,550,169.9828891,0,0,0,,1462,1462
Nick Vannett,551,551,551,169.9932441,0,0,0,,1463,1463
River Cracraft,552,552,552,169.9829801,0,0,0,,1464,1464
Trent Taylor,553,553,553,169.9747024,0,0,0.000315856,,1465,1465
Keith Kirkwood,554,554,554,169.9736874,0,0,0.000315856,,1466,1466
Kyle Allen,555,555,555,169.9677602,0,0,0.000316756,,1467,1467
Mike White,556,556,556,169.9853449,0,0,0,,1476,1476
Phillip Dorsett,557,557,557,169.9701736,0,0,0.002526848,,1481,1481
Taysom Hill,558,558,558,169.8007477,0,0,0.0101042,,1482,1482
Trayveon Williams,559,559,559,169.9823333,0,0,0.000631712,,1483,1483
Trevor Siemian,560,560,560,169.9893816,0,0,0,,1484,1484
Ameer Abdullah,561,561,561,169.9794068,0,0,0,,1485,1485
Brett Rypien,562,562,562,169.9931778,0,0,0,,1490,1490
Easton Stick,563,563,563,169.9846447,0,0,0,,1491,1491
Jeff Wilson Jr.,564,564,564,169.9786859,0,0,0.001263424,,1493,1493
Logan Woodside,565,565,565,169.9893923,0,0,0.000316756,,1494,1494
Mecole Hardman,566,566,566,169.954318,0,0,0.000315856,,1497,1497
Equanimeous St. Brown,567,567,567,169.9122136,0,0,0.00157928,,1498,1498
Myles Gaskin,568,568,568,169.9877487,0,0,0.000315856,,1499,1499
Nyheim Miller-Hines,569,569,569,169.9919838,0,0,0.005053696,,1500,1500
Miles Boykin,570,570,570,169.98392,0,0,0,,1501,1501
Irv Smith Jr.,571,571,571,169.9814038,0,0,0.000947269,,1502,1502
Alexander Mattison,572,572,572,169.9838233,0,0,0,,1503,1503
Mike Boone,573,573,573,169.9879196,0,0,0,,1504,1504
Deshaun Watson,574,574,574,169.8683662,0,0,0.003167564,,1505,1505
Robbie Chosen,575,575,576,169.9668894,0,0,0,,1507,1506
Teddy Bridgewater,576,576,577,169.9557518,0,0,0.000316756,,1508,1507
Josh Johnson,577,577,578,169.9786619,0,0,0,,1509,1508
Tyree Jackson,578,578,579,169.9917968,0,0,0,,1510,1509
Lil'Jordan Humphrey,579,579,580,169.9510764,0,0,0.000631712,,1511,1510
Gunner Olszewski,580,580,581,169.973015,0,0,0.000315856,,1512,1511
D'Ernest Johnson,581,581,582,169.9902908,0,0,0.000631712,,1513,1512
Andrew Beck,582,582,583,169.983599,0,0,0,,1516,1515
Stephen Carlson,583,583,584,169.9928276,0,0,0,,1517,1516
Jakob Johnson,584,584,585,169.9895485,0,0,0.000315856,,1518,1517
Trenton Irwin,585,585,586,169.9837382,0,0,0.000315856,,1523,1522
Donald Parham Jr.,586,586,587,169.9928489,0,0,0,,1524,1523
Cam Akers,587,587,588,169.9678553,0,0,0.001895136,,1525,1524
Jalen Reagor,588,588,589,169.9699065,0,0,0,,1526,1525
Ke'Shawn Vaughn,589,589,590,169.9927102,0,0,0,,1527,1526
Darrynton Evans,590,590,591,169.9890731,0,0,0,,1528,1527
KJ Hamler,591,591,592,169.9719464,0,0,0.000315856,,1529,1528
Tyler Johnson,592,592,593,169.9800908,0,0,0,,1530,1529
Quintez Cephus,593,593,594,169.9788625,0,0,0.000315856,,1537,1536
Josiah Deguara,594,594,595,169.9969025,0,0,0,,1538,1537
Harrison Bryant,595,595,596,169.9891906,0,0,0.000631512,,1539,1538
Donovan Peoples-Jones,596,596,597,169.9590336,0,0,0.000315856,,1540,1539
Dalton Keene,597,597,598,169.995877,0,0,0.000315756,,1541,1540
Albert Okwuegbunam,598,598,599,169.9808966,0,0,0,,1542,1541
Collin Johnson,599,599,600,169.9803417,0,0,0,,1543,1542
K.J. Osborn,600,600,601,169.9855915,0,0,0,,1544,1543
James Proche II,601,601,602,169.9871828,0,0,0,,1549,1548
Ben DiNucci,602,602,603,169.9436686,0,0,0.000316756,,1554,1553
Isaiah Hodgins,603,603,604,169.9885128,0,0,0,,1556,1555
Marquez Callaway,604,604,605,169.9919573,0,0,0,,1557,1556
JaMycal Hasty,605,605,606,169.9900077,0,0,0,,1558,1557
Salvon Ahmed,606,606,607,169.9954765,0,0,0,,1559,1558
Reggie Gilliam,607,607,608,169.9895324,0,0,0.000315856,,1560,1559
Malik Taylor,608,608,609,169.98737,0,0,0,,1561,1560
John Wolford,609,609,610,169.9875851,0,0,0,,1562,1561
Sean McKeon,610,610,611,169.9965232,0,0,0.000315756,,1563,1562
Trishton Jackson,611,611,612,169.9946169,0,0,0,,1564,1563
Jonathan Ward,612,613,613,169.9861253,0,0,0.000631712,,1575,1573
Lawrence Cager,613,614,614,169.9951721,0,0,0,,1576,1574
Matt Sokol,614,615,616,169.99561,0,0,0.000631512,,1578,1575
Tyler Huntley,615,612,617,169.9877776,0,0,0,,1583,1572
Kristian Wilkerson,616,616,618,169.9922082,0,0,0,,1584,1576
Michael Carter,617,617,620,169.9924485,0,0,0,,1591,1588
Trey Sermon,618,618,621,169.984491,0,0,0,,1592,1589
Terrace Marshall Jr.,619,619,622,169.9779281,0,0,0,,1593,1590
Rondale Moore,620,620,623,169.9877117,0,0,0,,1594,1591
Trey Lance,621,621,624,169.9613336,0,0,0.000950269,,1595,1592
Jermar Jefferson,622,622,625,169.6503584,0,0,0.009475679,,1603,1600
Dez Fitzpatrick,623,623,626,169.9918184,0,0,0,,1608,1605
Gary Brightwell,624,624,627,169.9900826,0,0,0.000315856,,1609,1606
Demetric Felton,625,625,628,169.9925286,0,0,0,,1610,1607
Jacob Harris,626,626,629,169.99294,0,0,0,,1611,1608
Brevin Jordan,627,627,630,169.9947288,0,0,0.000315756,,1612,1609
Tre' McKitty,628,628,631,169.9768589,0,0,0.000631512,,1613,1610
Kene Nwangwu,629,629,632,169.9870437,0,0,0,,1614,1611
Zach Davidson,630,630,633,169.9943818,0,0,0,,1629,1626
Sam Ehlinger,631,631,634,169.9863555,0,0,0,,1631,1628
Ben Skowronek,632,632,635,169.983797,0,0,0,,1635,1632
Jaret Patterson,633,633,636,169.9949532,0,0,0,,1636,1633
Kenny Yeboah,634,634,637,169.9934364,0,0,0.000315756,,1637,1634
Cody White,635,635,638,169.9896717,0,0,0,,1639,1636
Deon Jackson,636,636,639,169.9771104,0,0,0.000315856,,1640,1637
Adam Prentice,637,637,640,169.9886406,0,0,0.002526848,,1641,1638
Giovanni Ricci,638,638,641,169.990953,0,0,0,,1642,1639
Shane Zylstra,639,639,642,169.9836421,0,0,0,,1643,1640
Michael Bandy,640,640,643,169.9923097,0,0,0.000315856,,1644,1641
Patrick Taylor Jr.,641,641,644,169.9749742,0,0,0.000315856,,1646,1643
Tarik Black,642,642,645,169.9914446,0,0,0.000315856,,1655,1652
Tyler Mabry,643,643,646,169.994136,0,0,0,,1659,1656
D.J. Montgomery,644,644,647,169.9609186,0,0,0.000631712,,1661,1658
David Sills V,645,645,648,169.9972817,0,0,0,,1663,1660
Treylon Burks,646,646,649,169.9884113,0,0,0.001263424,,1664,1661
Skyy Moore,647,647,650,169.9503399,0,0,0.001263424,,1666,1663
Velus Jones Jr.,648,648,651,169.9934365,0,0,0.000947568,,1667,1664
Hassan Haskins,649,649,652,169.9842186,0,0,0,,1668,1665
Zamir White,650,650,653,169.8024577,0,0,0.01642451,,1669,1666
Desmond Ridder,651,651,654,169.9799074,0,0,0,,1670,1667
Tyrion Davis-Price,652,652,655,169.993052,0,0,0,,1671,1668
Jelani Woods,653,653,656,169.9937835,0,0,0,,1672,1669
Greg Dulcich,654,654,657,169.9819382,0,0,0.000315756,,1673,1670
David Bell,655,655,658,169.9883633,0,0,0.000631712,,1678,1675
Ko Kieft,656,656,659,169.9922188,0,0,0,,1679,1676
Erik Ezukanma,657,657,660,169.9933672,0,0,0.000315856,,1680,1677
Keaontay Ingram,658,658,661,169.9841439,0,0,0.000315856,,1681,1678
Teagan Quitoriano,659,659,662,169.9891319,0,0,0,,1682,1679
Cole Turner,660,660,663,169.9922936,0,0,0,,1683,1680
John FitzPatrick,661,661,664,169.9824242,0,0,0.000315756,,1684,1681
Bailey Zappe,662,662,665,169.975272,0,0,0.000316756,,1688,1685
Bam Knight,663,663,666,169.9874391,0,0,0,,1690,1687
Nick Muse,664,664,667,169.9966301,0,0,0,,1692,1689
James Mitchell,665,665,668,169.9907822,0,0,0,,1694,1691
Tyler Badie,666,666,669,169.9812706,0,0,0,,1695,1692
Montrell Washington,667,667,670,169.989175,0,0,0.000315856,,1702,1699
Samori Toure,668,668,671,169.993004,0,0,0,,1707,1704
Skylar Thompson,669,669,672,169.9844895,0,0,0,,1710,1707
Dareke Young,670,670,673,169.9922244,0,0,0.000315856,,1714,1711
Chris Oladokun,671,671,674,169.990622,0,0,0.000950269,,1716,1713
Brittain Brown,672,672,675,169.9714068,0,0,0,,1719,1716
Brandon Smith,673,673,676,169.9947663,0,0,0,,1720,1717
Lance McCutcheon,674,674,677,169.9948465,0,0,0,,1721,1718
Jake Tonges,675,675,678,169.9957329,0,0,0,,1722,1719
Jalen Virgil,676,676,679,169.9983391,0,0,0.000315856,,1723,1720
Quintin Morris,677,677,680,169.993148,0,0,0,,1724,1721
Shane Buechele,678,678,681,169.9948566,0,0,0,,1725,1722
Kendric Pryor,679,679,682,169.9981308,0,0,0,,1726,1723
Malik Davis,680,680,683,169.9859704,0,0,0,,1727,1724
Ronnie Rivers,681,681,684,169.9870065,0,0,0.000315856,,1728,1725
Nikola Kalinic,682,683,685,169.9964219,0,0,0,,1738,1736
Dennis Houston,683,684,686,169.9956636,0,0,0,,1741,1739
Brandon Johnson,684,685,687,169.9919519,0,0,0,,1742,1740
Anthony Miller,685,782,575,169.9936875,0,0,0,,1506,1977
Tay Martin,686,686,688,169.9978692,0,0,0,,1744,1742
Andre Baccellia,687,682,691,169.9976556,0,0,0,,1755,1732
Braylon Sanders,688,687,689,169.9939921,0,0,0,,1748,1746
Maurice Alexander,689,688,690,169.9947076,0,0,0,,1752,1750
Deuce Vaughn,690,689,692,169.9553159,0,0,0,,1757,1754
Will Levis,691,690,693,169.9561472,0,0,0.000316756,,1758,1755
Stetson Bennett IV,692,691,694,169.9350556,0,0,0.000950269,,1759,1756
Tank Dell,693,692,695,169.8478985,0,0,0.014845231,,1762,1759
Alex Bachman,694,766,619,169.9927049,0,0,0,,1585,1937
Cameron Latu,695,693,696,169.9900772,0,0,0,,1763,1760
Sean Clifford,696,694,697,169.9840085,0,0,0,,1765,1762
Justin Shorter,697,695,698,169.9923095,0,0,0,,1766,1763
Evan Hull,698,696,699,169.9835779,0,0,0,,1767,1764
Israel Abanikanda,699,697,700,169.9813296,0,0,0.000947568,,1768,1765
Lew Nichols,700,698,701,169.9967102,0,0,0.000315856,,1769,1766
Will Mallory,701,699,702,169.9935272,0,0,0,,1770,1767
Zack Kuntz,702,700,703,169.9892066,0,0,0,,1771,1768
Kenny McIntosh,703,701,704,169.9927262,0,0,0,,1778,1775
Jake Haener,704,702,705,169.9896812,0,0,0,,1783,1780
Chris Rodriguez Jr.,705,703,706,169.9592412,0,0,0.009475679,,1786,1783
Dorian Thompson-Robinson,706,704,707,169.9842865,0,0,0.000316756,,1789,1786
Ronnie Bell,707,705,708,169.983888,0,0,0,,1790,1787
Clayton Tune,708,706,709,169.9899806,0,0,0,,1791,1788
Brayden Willis,709,707,710,169.9938263,0,0,0,,1792,1789
Jalen Brooks,710,708,711,169.9903128,0,0,0,,1801,1798
A.T. Perry,711,709,712,169.9943979,0,0,0,,1808,1805
Dominique Dafney,712,810,615,169.9962189,0,0,0,,1577,2037
Deneric Prince,713,710,713,169.9941895,0,0,0,,1811,1808
Jason Brownlee,714,711,714,169.9892392,0,0,0,,1812,1809
Elijah Dotson,715,712,715,169.9933244,0,0,0,,1813,1810
Rakim Jarrett,716,713,716,169.9982003,0,0,0,,1814,1811
Tyson Bagent,717,714,717,169.9627562,0,0,0.000316756,,1815,1812
Malik Cunningham,718,715,718,169.9940988,0,0,0,,1816,1813
Irvin Charles,719,716,719,169.9953484,0,0,0.000315856,,1817,1814
Elijah Cooks,720,717,720,169.9903713,0,0,0,,1818,1815
Ben Sims,721,718,721,169.9901947,0,0,0,,1819,1816
Ben VanSumeren,722,719,722,169.9872849,0,0,0.000315856,,1822,1819
Brady Russell,723,722,723,169.9754017,0,0,0,,1826,1825
Shedrick Jackson,724,721,726,169.9993111,0,0,0,,1829,1824
Tommy DeVito,725,725,725,169.919871,0,0,0.000633513,,1828,1837
Ryan Miller,726,723,730,169.995952,0,0,0,,1844,1826
Princeton Fant,727,720,733,169.9962509,0,0,0,,1847,1823
Jordan Mims,728,724,732,169.9866434,0,0,0.000315856,,1846,1827
Cole Fotheringham,729,728,727,169.9935485,0,0,0.002841806,,1830,1847
Chris Blair,730,730,724,169.9981042,0,0,0.000315856,,1827,1855
Lucky Jackson,731,726,731,169.955039,0,0,0.000315856,,1845,1839
Travis Vokolek,732,727,728,169.9904617,0,0,0,,1839,1845
Owen Wright,733,729,729,169.9912042,0,0,0.000315856,,1843,1849
Dylan Drummond,734,731,734,169.9986489,0,0,0,,1855,1856
Jonathon Brooks,735,732,735,169.9838986,0,0,0.000947568,,1860,1857
Ja'Lynn Polk,736,733,736,169.9841228,0,0,0.000315856,,1861,1858
Jase McClellan,737,734,737,169.9886621,0,0,0,,1865,1862
Javon Baker,738,735,738,169.9856078,0,0,0.000315856,,1866,1863
Brenden Rice,739,736,739,169.9787401,0,0,0,,1867,1864
Erick All Jr.,740,737,740,169.9939598,0,0,0,,1868,1865
Bub Means,741,738,741,169.9945208,0,0,0.003474416,,1869,1866
Casey Washington,742,739,742,169.9876957,0,0,0.000315856,,1870,1867
Jawhar Jordan,743,740,743,169.9932068,0,0,0.000315856,,1871,1868
Cornelius Johnson,744,741,744,169.9868252,0,0,0,,1872,1869
Ainias Smith,745,742,745,169.9604704,0,0,0.000947568,,1873,1870
Devin Culp,746,743,746,169.9939385,0,0,0,,1874,1871
Keilan Robinson,747,744,747,169.9829158,0,0,0,,1875,1872
Sione Vaki,748,745,748,169.9827292,0,0,0.000631712,,1883,1880
Tahj Washington,749,746,749,169.994446,0,0,0,,1884,1881
Tejhaun Palmer,750,747,750,169.9980668,0,0,0,,1889,1886
Devin Leary,751,748,751,169.9913332,0,0,0,,1899,1896
Michael Pratt,752,749,752,169.9205143,0,0,0.000633513,,1907,1904
Tanner McLachlan,753,750,753,169.9906753,0,0,0,,1911,1908
Dante Miller,754,751,754,169.9870706,0,0,0.000315856,,1917,1914
Blake Watson,755,752,755,169.992112,0,0,0.000315856,,1918,1915
Jacob Saylors,756,753,756,169.9931695,0,0,0.000631712,,1919,1916
John Stephens Jr.,757,754,757,169.9960426,0,0,0.000315756,,1920,1917
Michael Wiley,758,755,758,169.996,0,0,0.000315856,,1921,1918
Bryce Ford-Wheaton,759,756,759,169.996721,0,0,0.000315856,,1922,1919
Mason Tipton,760,757,760,169.9760326,0,0,0.00157928,,1923,1920
Kameron Johnson,761,758,761,169.9975702,0,0,0,,1924,1921
British Brooks,762,759,762,169.9933083,0,0,0.000631712,,1925,1922
Colson Yankoff,763,760,763,169.9862961,0,0,0.002210294,,1926,1923
Xavier Weaver,764,761,764,169.9915248,0,0,0,,1927,1924
Cody Schrader,765,762,765,169.9917275,0,0,0,,1933,1930
Thomas Odukoya,766,763,766,169.992411,0,0,0.000315756,,1934,1931
Terrell Jennings,767,764,767,169.9848809,0,0,0.000631712,,1935,1932
Aaron Shampklin,768,765,768,169.9885018,0,0,0.000315856,,1936,1933
Kaden Davis,769,767,769,169.9945636,0,0,0,,1940,1938
Joshua Cephus,770,768,770,169.9921976,0,0,0,,1941,1939
Kendall Milton,771,769,771,169.989917,0,0,0.000631712,,1942,1940
Carlos Washington Jr.,772,770,772,169.9853617,0,0,0,,1943,1941
Cam Grandy,773,771,773,169.9931588,0,0,0,,1944,1942
Chris Collier,774,778,774,169.9902217,0,0,0.000315856,,1945,1960
George Holani,775,779,775,169.9680477,0,0,0.000315856,,1956,1962
Jaylen Johnson,776,773,778,169.9955781,0,0,0.000315856,,1971,1953
Jalen Cropper,777,772,780,169.9983605,0,0,0,,1973,1952
Frank Gore Jr.,778,774,779,169.9591019,0,0,0.002526848,,1972,1954
Brycen Tremayne,779,780,776,169.9971429,0,0,0.000631712,,1957,1971
E.J. Jenkins,780,775,783,169.9903282,0,0,0,,1976,1955
Baylor Cupp,781,776,782,169.9858901,0,0,0,,1975,1957
Tyrell Shavers,782,777,781,169.9886622,0,0,0.004421984,,1974,1958
Jack Westover,783,781,777,169.9980293,0,0,0,,1960,1972
Quinn Ewers,784,783,784,169.9526251,0,0,0.001583782,,1984,1983
Phil Mafah,785,784,785,169.9894472,0,0,0.000315856,,1986,1985
Luke Lachey,786,785,786,169.9938583,0,0,0.000315756,,1992,1991
Graham Mertz,787,786,787,169.9865052,0,0,0,,1995,1994
Thomas Fidone II,788,787,788,169.9827022,0,0,0.001263025,,1996,1995
Kurtis Rourke,789,788,789,169.9887937,0,0,0,,2000,1999
Cam Miller,790,789,790,169.984228,0,0,0,,2003,2002
Ricky White III,791,790,791,169.9909694,0,0,0,,2005,2004
Kaden Prather,792,791,792,169.997239,0,0,0,,2008,2007
Caleb Lohner,793,792,793,169.994841,0,0,0,,2010,2009
Konata Mumpfield,794,793,794,169.9927533,0,0,0.000315856,,2011,2010
Dominic Lovett,795,794,795,169.9844704,0,0,0,,2012,2011
Moliki Matavao,796,795,796,169.9957062,0,0,0.000315756,,2016,2015
Junior Bergen,797,796,797,169.9906866,0,0,0.000315856,,2017,2016
Kyle McCord,798,797,798,169.9804532,0,0,0.000633513,,2020,2019
Riley Leonard,799,798,799,169.9680386,0,0,0.000316756,,2024,2023
Will Howard,800,799,800,169.9403213,0,0,0.002850808,,2026,2025
Nick Nash,801,800,801,169.9951937,0,0,0,,2028,2027
Xavier Restrepo,802,801,803,169.9824085,0,0,0.001263424,,2030,2028
Isaiah Neyor,803,802,802,169.9973672,0,0,0.000631712,,2029,2029
Donovan Edwards,804,803,804,169.970002,0,0,0.000947568,,2031,2030
Corey Kiner,805,804,805,169.9903497,0,0,0.000631712,,2032,2031
Efton Chism III,806,805,806,169.7066407,0,0,0.024952622,,2033,2032
Theo Wease Jr.,807,806,807,169.9962083,0,0,0,,2034,2033
Chandler Brayboy,808,808,808,169.9942911,0,0,0.000315856,,2035,2035
Raheim Sanders,809,807,810,169.9797436,0,0,0.000631712,,2037,2034
Lan Larison,810,809,809,169.98494,0,0,0,,2036,2036
Ja'Corey Brooks,811,811,811,169.9412717,0,0,0.002210992,,2038,2038
Logan Thomas,812,812,812,169.9919836,0,0,0,,2065,2065
AJ McCarron,813,813,813,169.9859598,0,0,0,,2066,2066
Keith Smith,814,814,814,169.9855696,0,0,0,,2067,2067
Blaine Gabbert,815,815,815,169.9826501,0,0,0.000633513,,2068,2068
Matthew Slater,816,816,816,169.9933458,0,0,0.000631712,,2069,2069
Matt Barkley,817,817,817,169.8807376,0,0,0.000316756,,2070,2070
Brian Hoyer,818,818,818,169.9916593,0,0,0,,2072,2072
Jason Cabinda,819,819,819,169.9801275,0,0,0,,2102,2102
Isaiah McKenzie,820,820,820,169.996048,0,0,0,,2160,2160
Dwayne Washington,821,821,821,169.98244,0,0,0,,2161,2161
Brandon Powell,822,822,822,169.9950654,0,0,0,,2162,2162
Richie James,823,823,823,169.9959572,0,0,0,,2163,2163
Jordan Akins,824,824,824,169.9944724,0,0,0.000315756,,2164,2164
Eric Tomlinson,825,825,825,169.9906859,0,0,0,,2165,2165
Anthony Firkser,826,826,826,169.993447,0,0,0,,2166,2166
Alex Erickson,827,827,827,169.997773,0,0,0,,2167,2167
Ross Dwelley,828,828,828,169.9902,0,0,0,,2168,2168
Damiere Byrd,829,829,829,169.9965073,0,0,0,,2169,2169
Alex Armah,830,830,830,169.9805975,0,0,0.000315856,,2170,2170
Boston Scott,831,831,831,169.9577183,0,0,0,,2171,2171
Jeff Driskel,832,832,832,169.9917555,0,0,0,,2172,2172
Nathan Peterman,833,833,833,169.9807841,0,0,0.000316756,,2181,2181
MyCole Pruitt,834,834,834,169.9908568,0,0,0,,2182,2182
Nick Bawden,835,835,835,169.9825629,0,0,0.000315856,,2184,2184
Byron Pringle,836,836,836,169.9843042,0,0,0,,2185,2185
Jonathan Williams,837,837,837,169.986109,0,0,0,,2190,2190
C.J. Beathard,838,838,838,169.9893388,0,0,0.021856193,,2191,2191
Darrell Daniels,839,839,839,169.9801647,0,0,0,,2193,2193
Stephen Anderson,840,840,840,169.9965179,0,0,0,,2194,2194
Tyler Kroft,841,841,841,169.9955619,0,0,0,,2227,2227
C.J. Uzomah,842,842,842,169.9953269,0,0,0,,2228,2228
Cordarrelle Patterson,843,843,843,169.9713529,0,0,0,,2229,2229
Blake Bell,844,844,844,169.9961173,0,0,0,,2230,2230
Zach Gentry,845,845,845,169.9917433,0,0,0,,2231,2231
Marcedes Lewis,846,846,846,169.9881064,0,0,0.000315756,,2232,2232
Trevon Wesco,847,847,847,169.9966674,0,0,0,,2233,2233
Devine Ozigbo,848,848,848,169.9903068,0,0,0,,2234,2234
Ryan Griffin,849,849,849,169.9851203,0,0,0.036743744,,2235,2235
Juwann Winfree,850,850,850,169.9964646,0,0,0.000315856,,2240,2240
John Kelly Jr.,851,851,851,169.9858473,0,0,0,,2242,2242
Tim Boyle,852,852,852,169.9845483,0,0,0,,2248,2248
Brandon Bolden,853,853,853,169.9854254,0,0,0,,2251,2251
Jordan Matthews,854,854,854,169.994921,0,0,0,,2256,2256
Eddy Pineiro,855,855,855,169.9515398,0,0,0.000347584,,2258,2258
Austin Seibert,856,856,856,169.9656477,0,0,0,,2259,2259
Gerald Everett,857,857,857,169.9913588,0,0,0,,2260,2260
Hayden Hurst,858,858,858,169.986659,0,0,0,,2261,2261
N'Keal Harry,859,859,859,169.9942801,0,0,0,,2262,2262
Andy Isabella,860,860,860,169.9968171,0,0,0,,2263,2263
Parris Campbell,861,861,861,169.9900827,0,0,0,,2264,2264
Qadree Ollison,862,862,862,169.9891799,0,0,0.000315856,,2265,2265
Darrell Henderson Jr.,863,863,863,169.9521961,0,0,0.000315856,,2266,2266
Greg Joseph,864,864,864,169.9560265,0,0,0.000347584,,2267,2267
Damien Harris,865,865,865,169.987519,0,0,0,,2268,2268
Tre'Quan Smith,866,866,866,169.9971108,0,0,0,,2269,2269
Dalvin Cook,867,867,867,169.9365484,0,0,0.001263424,,2270,2270
Rashaad Penny,868,868,868,169.9865096,0,0,0,,2271,2271
Chase Edmonds,869,869,869,169.9888328,0,0,0.000315856,,2272,2272
Leonard Fournette,870,870,870,169.9586048,0,0,0.000315856,,2273,2273
DJ Chark,871,871,872,169.9839893,0,0,0,,2275,2274
D'Onta Foreman,872,872,873,169.9915618,0,0,0,,2276,2275
Royce Freeman,873,873,874,169.9912202,0,0,0.000315856,,2277,2276
Michael Badgley,874,874,875,169.9601538,0,0,0.000695169,,2278,2277
Matt Breida,875,875,876,169.9938583,0,0,0,,2279,2278
Geoff Swaim,876,876,877,169.9966888,0,0,0,,2280,2279
Ezekiel Elliott,877,877,879,169.9223531,0,0,0.006632975,,2282,2280
Gus Edwards,878,878,880,169.9745466,0,0,0.000315856,,2283,2281
Mike Williams,879,879,881,169.9871455,0,0,0.00157928,,2284,2282
Kenyan Drake,880,880,882,169.9810141,0,0,0.000315856,,2285,2283
Tyler Boyd,881,881,883,169.995797,0,0,0,,2286,2284
Corey Clement,882,882,884,169.9935699,0,0,0,,2287,2285
Jamaal Williams,883,883,885,169.9843788,0,0,0,,2288,2286
Ty Montgomery II,884,884,886,169.9879355,0,0,0,,2289,2287
Chris Conley,885,885,887,169.9992737,0,0,0,,2290,2288
DeVante Parker,886,886,888,169.9889507,0,0,0.000631712,,2291,2289
Melvin Gordon III,887,887,889,169.9821196,0,0,0.000315856,,2292,2290
Michael Thomas,888,888,890,169.964256,0,0,0,,2293,2291
Nelson Agholor,889,889,891,169.992769,0,0,0,,2294,2292
Jamison Crowder,890,890,892,169.9980294,0,0,0,,2295,2293
Willie Snead IV,891,891,893,169.9973725,0,0,0,,2296,2294
Damien Williams,892,892,894,169.995829,0,0,0,,2297,2295
Carson Wentz,893,893,895,169.9582213,0,0,0,,2298,2296
Derek Carr,894,894,896,169.9522017,0,0,0.018055116,,2299,2297
Allen Robinson,895,895,897,169.9926676,0,0,0.000315856,,2300,2298
Odell Beckham Jr.,896,896,898,169.8565752,0,0,0.014529375,,2301,2299
Marquise Goodwin,897,897,899,169.9919625,0,0,0,,2302,2300
Justin Tucker,898,898,900,169.244589,0,0,0.035801182,,2303,2301
Jerick McKinnon,899,899,901,169.9932601,0,0,0.000315856,,2304,2303
Latavius Murray,900,900,902,169.9853079,0,0,0.000315856,,2306,2305
Brett Maher,901,901,903,169.959119,0,0,0,,2307,2306
Greg Zuerlein,902,902,904,169.9773597,0,0,0,,2308,2307
Julio Jones,903,903,905,169.9503706,0,0,0.000947568,,2309,2308
Ryan Tannehill,904,904,906,169.9677971,0,0,0.000316756,,2310,2309
Randall Cobb,905,905,907,169.9959305,0,0,0.000315856,,2311,2310
Marvin Jones Jr.,906,906,908,169.9968758,0,0,0,,2312,2311
Taiwan Jones,907,907,909,169.9964698,0,0,0,,2313,2312
Randy Bullock,908,908,910,169.9489314,0,0,0,,2314,2313
Jimmy Graham,909,909,911,169.9785572,0,0,0.000315756,,2315,2314
Mason Crosby,910,910,912,169.8936539,0,0,0.001390337,,2316,2315
Matt Prater,911,911,913,169.9584549,0,0,0.000347584,,2317,2316
Keelan Doss,912,912,914,169.9993324,0,0,0,,2319,2318
Deonte Harty,913,913,915,169.9986649,0,0,0,,2321,2320
Nsimba Webster,914,914,916,169.9998878,0,0,0,,2322,2321
Jesper Horsted,915,915,917,169.9965446,0,0,0,,2329,2327
J.P. Holtz,916,916,918,169.994905,0,0,0,,2330,2328
Khari Blasingame,917,917,919,169.9925071,0,0,0.000315856,,2331,2329
Stanley Morgan Jr.,918,918,920,169.997506,0,0,0,,2332,2330
Jalen Guyton,919,919,921,169.9997917,0,0,0,,2336,2334
PJ Walker,920,920,922,169.9867136,0,0,0,,2343,2341
Zack Moss,921,921,923,169.9232503,0,0,0.000947568,,2344,2342
Joshua Kelley,922,923,924,169.9927688,0,0,0.000315856,,2345,2344
Chase Claypool,923,925,925,169.9918344,0,0,0.000315856,,2346,2346
Lynn Bowden Jr.,924,926,926,169.997271,0,0,0,,2347,2347
Brycen Hopkins,925,927,927,169.99616,0,0,0,,2356,2356
La'Mical Perine,926,922,933,169.9973404,0,0,0,,2369,2343
Anthony McFarland Jr.,927,924,932,169.9963257,0,0,0,,2368,2345
Quez Watkins,928,928,928,169.9976609,0,0,0,,2357,2357
Stephen Sullivan,929,929,929,169.9941092,0,0,0,,2363,2363
Jake Fromm,930,930,930,169.9858475,0,0,0,,2366,2366
Tyler Davis,931,931,931,169.996112,0,0,0,,2367,2367
J.J. Taylor,932,932,934,169.8721461,0,0,0.005685407,,2370,2368
James Robinson,933,933,935,169.986595,0,0,0,,2371,2369
Kirk Merritt,934,934,936,169.9926139,0,0,0.000315856,,2372,2370
Noah Togiai,935,935,937,169.9988731,0,0,0.000315756,,2374,2372
Dan Chisena,936,936,938,169.998275,0,0,0.000315856,,2375,2373
Tony Jones Jr.,937,937,940,169.9965446,0,0,0.02432091,,2381,2377
Kevin Rader,938,938,939,169.9989479,0,0,0.000315756,,2380,2378
Tony Brown,939,939,941,169.9959466,0,0,0.000315856,,2385,2380
Matthew Wright,940,940,942,169.9513602,0,0,0.000347584,,2388,2383
Kadarius Toney,941,941,943,169.9599088,0,0,0.008843967,,2389,2387
Amari Rodgers,942,942,944,169.9866754,0,0,0.000315856,,2390,2388
Chris Evans,943,943,945,169.9886725,0,0,0.000315856,,2391,2389
Frank Darby,944,944,946,169.9967156,0,0,0.000315856,,2397,2395
Anthony Schwartz,945,945,947,169.9988144,0,0,0.000315856,,2398,2396
Jaelon Darden,946,946,948,169.9979973,0,0,0.000315856,,2399,2397
Ben Mason,947,947,949,169.9979759,0,0,0.000315856,,2400,2398
Seth Williams,948,948,950,170.000785,0,0,0.000315856,,2401,2399
Ian Book,949,949,951,169.9825967,0,0,0,,2405,2403
Michael Strachan,950,950,952,169.9991722,0,0,0.000315856,,2407,2405
Jake Funk,951,951,953,169.9926353,0,0,0.000315856,,2408,2406
Dax Milne,952,952,954,169.9984619,0,0,0,,2410,2408
Matt Ammendola,953,953,955,169.9668781,0,0,0.000347584,,2411,2409
Jody Fortson,954,954,956,169.9952735,0,0,0,,2413,2411
Godwin Igwebuike,955,955,957,169.9908141,0,0,0.000947568,,2414,2412
Derrick Gore,956,956,958,169.9929344,0,0,0.000315856,,2415,2413
Riley Patterson,957,957,959,169.9772782,0,0,0.000347584,,2416,2414
Parker Hesse,958,958,960,169.9963737,0,0,0,,2418,2416
David Wells,959,959,961,169.9952361,0,0,0.000947269,,2419,2417
Mitchell Wilcox,960,960,962,169.9942374,0,0,0,,2420,2418
Easop Winston Jr.,961,961,963,169.9979065,0,0,0.000631712,,2421,2419
Hunter Kampmoyer,962,962,964,169.9912253,0,0,0,,2425,2423
Matt Bushman,963,963,965,169.9894896,0,0,0.000315756,,2427,2425
Josh Johnson,964,964,966,169.9933243,0,0,0,,2428,2426
Cody Thompson,965,965,967,169.997757,0,0,0,,2430,2428
Isaiah Spiller,966,966,968,169.9972282,0,0,0,,2432,2430
Cade York,967,967,969,169.9701398,0,0,0.000347584,,2433,2431
Snoop Conner,968,968,970,169.9877808,0,0,0.000631712,,2434,2432
Zane Gonzalez,969,998,878,169.9579592,0,0,0.000347584,,2281,2586
Matt Corral,970,969,971,169.9790145,0,0,0,,2435,2433
John Ross,971,999,871,169.9437858,0,0,0.000315856,,2274,2601
Danny Gray,972,970,972,170.0005127,0,0,0,,2439,2437
Kyle Philips,973,971,973,169.9985741,0,0,0,,2440,2438
Trestan Ebner,974,972,974,169.9988411,0,0,0.000315856,,2441,2439
Kevin Harris,975,973,975,169.9966515,0,0,0,,2442,2440
Michael Woods II,976,974,976,169.9995941,0,0,0,,2443,2441
Zander Horvath,977,975,977,169.9940025,0,0,0,,2452,2450
Carson Strong,978,976,978,169.9815167,0,0,0.000316756,,2454,2452
Justyn Ross,979,977,979,169.9976075,0,0,0.000315856,,2461,2459
Jonathan Garibay,980,978,980,169.9804964,0,0,0,,2462,2460
Jalen Wydermyer,981,979,981,169.9935164,0,0,0,,2463,2461
Abram Smith,982,980,982,169.9982696,0,0,0,,2464,2462
Mataeo Durant,983,981,983,169.995343,0,0,0,,2465,2463
Deven Thompkins,984,982,984,169.9995033,0,0,0,,2466,2464
Devon Allen,985,983,985,169.9961869,0,0,0,,2467,2465
James McCourt,986,984,986,169.9846778,0,0,0.002085506,,2468,2466
DJ Turner,987,985,987,169.9982376,0,0,0,,2471,2469
Peyton Hendershot,988,986,988,169.9922667,0,0,0.000315756,,2472,2470
Armani Rogers,989,987,989,169.9758014,0,0,0,,2473,2471
Jared Bernhardt,990,988,990,169.9982964,0,0,0,,2474,2472
Troy Hairston,991,989,991,169.9953857,0,0,0,,2475,2473
Caleb Shudak,992,990,992,169.9835235,0,0,0.035801182,,2476,2474
Raleigh Webb,993,991,993,169.9983551,0,0,0,,2481,2479
Kaylon Geiger,994,992,994,169.9995247,0,0,0,,2482,2480
Daylen Baldwin,995,993,995,169.9977036,0,0,0,,2485,2483
Anthony Brown Jr.,996,994,996,169.9643967,0,0,0,,2489,2487
Chase Allen,997,995,997,169.9846028,0,0,0,,2490,2488
Ethan Fernea,998,996,998,169.997773,0,0,0,,2491,2489
Josh Ali,999,997,999,169.9982056,0,0,0,,2496,2494
