Aug 12,index,PPR,STD,ADP,Std auction,ppr auction,aav,,STD,PPR
Christian McCaffrey,1,1,1,1.534541826,57,57,62.11636107,,1,1
Breece Hall,2,3,2,5.624162173,56,56,53.75669958,,2,3
Bijan Robinson,3,4,3,6.896510121,55,55,53.4922426,,3,4
CeeDee Lamb,4,2,4,3.914951294,55,55,54.98449612,,4,2
Tyreek Hill,5,5,5,3.782760881,54,54,57.44326991,,5,5
Ja'Marr Chase,6,6,6,6.992642131,53,53,52.5179704,,6,6
Amon-Ra St. Brown,7,7,7,7.448032411,53,53,52.91402396,,7,7
Justin Jefferson,8,8,8,7.610831422,52,52,52.54474982,,8,8
Jonathan Taylor,9,9,9,12.19577586,51,51,47.57122708,,9,9
Saquon Barkley,10,11,10,11.97628694,50,50,48.10860367,,10,11
A.J. Brown,11,10,11,11.6347523,48,48,45.32628612,,11,10
Garrett Wilson,12,12,12,15.67185987,46,45,41.70119803,,12,12
Puka Nacua,13,13,13,16.73998332,45,46,41.26215645,,13,13
Jahmyr Gibbs,14,14,14,15.58729166,43,43,41.93088858,,14,14
Kyren Williams,15,15,15,18.81930977,42,42,38.86530324,,15,15
Derrick Henry,16,18,16,18.9417013,40,32,33.27503526,,16,18
Travis Etienne Jr.,17,19,17,23.44700468,38,38,35.08110014,,17,19
Chris Olave,18,17,18,24.14072507,37,37,31.81183932,,18,17
Davante Adams,19,22,19,24.39448598,36,36,33.09866103,,19,22
Mike Evans,20,28,20,33.60771259,35,34,28.84707541,,20,28
Deebo Samuel Sr.,21,46,21,47.88434097,34,25,22.40591966,,21,48
DK Metcalf,22,32,22,37.91863028,33,30,24.68357999,,22,32
Brandon Aiyuk,23,36,23,44.61878519,32,26,21.21564482,,23,37
Isiah Pacheco,24,16,24,19.81996783,32,40,35.89351199,,24,16
Rachaad White,25,30,25,40.90830689,31,31,26.51692525,,25,30
Nico Collins,26,27,26,38.20092644,30,30,24.22551092,,26,27
Marvin Harrison Jr.,27,21,27,25.9750216,30,33,29.9675828,,27,21
Kenneth Walker III,28,40,28,49.39690484,29,20,18.57263752,,28,42
Joe Mixon,29,24,29,36.05542398,28,27,23.05500705,,29,24
James Cook,30,25,30,34.67814055,27,28,24.93159379,,30,25
Drake London,31,23,31,36.99642527,26,32,25.87455955,,31,23
DJ Moore,32,38,32,50.42624782,25,24,18.69767442,,32,39
Michael Pittman Jr.,33,20,33,29.79568948,24,35,28.7427766,,33,20
Cooper Kupp,34,41,34,49.43336759,23,17,17.21071177,,34,43
Josh Allen,35,42,35,30.29702262,22,22,22.96042403,,35,44
Sam LaPorta,36,31,36,31.42900338,22,22,21.96124031,,37,31
Travis Kelce,37,29,37,23.34560674,22,22,24.53488372,,38,29
Jalen Hurts,38,43,38,32.30089709,21,21,20.72367491,,39,45
Josh Jacobs,39,35,39,41.35942387,21,21,20.74047955,,41,35
Alvin Kamara,40,33,40,37.88599261,20,29,25.41396333,,42,33
De'Von Achane,41,26,41,35.0339748,19,19,19.27574048,,43,26
Tee Higgins,42,56,42,73.68466912,19,14,10.2832981,,44,60
DeVonta Smith,43,37,43,48.73143376,18,19,15.55109232,,45,38
Calvin Ridley,44,54,44,74.40532932,17,15,10.15221987,,46,58
Zay Flowers,45,52,45,64.27203265,17,17,12.69274137,,47,56
Stefon Diggs,46,34,46,35.97683875,15,23,20,,48,34
Jaylen Waddle,47,39,47,53.95586768,15,18,15.14940099,,49,41
George Pickens,48,57,48,74.82516868,14,11,8.847075405,,50,61
Lamar Jackson,49,50,49,35.29471284,13,13,16.54982332,,51,53
Patrick Mahomes,50,45,50,28.53962388,13,13,19.76890459,,53,47
Mark Andrews,51,49,51,42.10989469,12,12,12.87033122,,55,51
Tank Dell,52,55,52,69.93854541,11,10,7.878083157,,56,59
Malik Nabers,53,47,53,63.68566237,11,15,12.15856237,,57,49
Amari Cooper,54,67,54,83.12356639,10,10,7.627202255,,58,77
Diontae Johnson,55,77,55,103.4739641,10,7,4.30584919,,59,89
George Kittle,56,73,56,56.18042481,10,6,8.167019027,,60,83
Trey McBride,57,53,57,55.02911956,10,10,9.320648344,,61,57
Anthony Richardson,58,44,58,50.9044809,9,9,9.146289753,,62,46
C.J. Stroud,59,61,59,46.25727569,9,9,11.86996466,,64,69
Joe Burrow,60,75,60,60.60298632,9,9,8.954770318,,66,87
Dak Prescott,61,80,61,77.07068028,8,8,6.778798587,,69,92
Rhamondre Stevenson,62,48,62,67.64589353,8,8,7.557827927,,71,50
D'Andre Swift,63,63,63,74.96231586,8,8,8.032440056,,72,72
James Conner,64,64,64,85.2282531,7,7,6.738363893,,73,73
Aaron Jones,65,51,65,64.24459306,7,7,8.761636107,,75,55
Najee Harris,66,78,66,96.95912896,7,4,3.949929478,,76,90
Chris Godwin,67,66,67,89.49372179,7,11,6.901338971,,77,76
Rashee Rice,68,79,68,98.66949165,6,6,4.03030303,,78,91
DeAndre Hopkins,69,85,69,112.7716196,6,6,3.216349542,,79,98
Christian Watson,70,84,70,109.067041,6,4,2.594080338,,80,96
Christian Kirk,71,76,71,99.80547529,6,6,4.108527132,,81,88
Keenan Allen,72,69,72,85.88508743,6,6,5.051444679,,82,79
Kyle Pitts,73,68,73,71.75783845,6,5,5.055673009,,83,78
Evan Engram,74,65,74,66.67949119,5,10,7.71106413,,84,75
David Njoku,75,91,75,86.37217928,5,2,2.474982382,,87,105
Jonathon Brooks,76,60,76,93.82849993,5,5,3.696050776,,88,67
David Montgomery,77,62,77,76.69397939,5,4,5.456276446,,89,71
Zamir White,78,59,78,80.89408383,4,7,6.480959097,,90,64
Brian Robinson Jr.,79,71,79,95.4389085,4,5,3.563469676,,91,81
Tony Pollard,80,88,80,107.0508959,4,3,2.657263752,,92,101
Jordan Addison,81,92,81,114.5264679,4,4,2.393234672,,93,107
Terry McLaurin,82,72,82,94.87439117,4,6,4.335447498,,94,82
Marquise Brown,83,87,83,115.5817185,4,4,2.402396054,,95,100
Jayden Reed,84,74,84,101.2761327,4,4,2.589852008,,96,84
Courtland Sutton,85,98,85,124.7024487,4,4,1.662438337,,98,116
Jaxon Smith-Njigba,86,89,86,111.5965474,4,4,2.288231149,,99,102
Devin Singletary,87,95,87,121.6410081,3,2,1.514809591,,100,113
Javonte Williams,88,82,88,108.7020614,3,3,2.203102962,,101,94
Raheem Mostert,89,96,89,104.8363793,3,2,3.12764457,,102,114
Jaylen Warren,90,70,90,96.63668861,3,4,3.037376587,,104,80
Kyler Murray,91,83,91,90.01676477,3,3,3.6,,105,95
Jordan Love,92,99,92,85.33392445,3,3,4.732155477,,107,117
Brock Purdy,93,140,93,106.3543498,3,3,3.408480565,,109,179
Xavier Worthy,94,104,94,117.4926645,3,3,2.205778717,,111,124
Rome Odunze,95,97,95,123.089115,3,3,1.730091614,,113,115
Keon Coleman,96,100,96,120.4025678,2,2,1.715292459,,114,120
Ladd McConkey,97,94,97,124.0215076,2,2,1.36222692,,115,111
Mike Williams,98,112,98,144.5080282,2,2,0.9859055673,,116,136
Jayden Daniels,99,114,99,121.778142,2,2,2.067137809,,117,138
Jake Ferguson,100,102,100,100.2072777,2,2,2.182522903,,120,122
Dalton Kincaid,101,58,101,63.88344902,2,5,5.798449612,,121,62
Ezekiel Elliott,102,90,102,113.6655644,2,2,1.806770099,,122,103
Zack Moss,103,86,103,115.2802776,2,2,1.822990127,,123,99
Tyjae Spears,104,81,104,110.0278084,2,3,1.944287729,,124,93
Austin Ekeler,105,93,105,110.5869044,2,3,2.638928068,,126,109
Gus Edwards,106,110,106,137.6087254,2,2,1.212976023,,128,134
Brian Thomas Jr.,107,113,107,143.864922,2,2,1.0260747,,129,137
Tyler Lockett,108,109,108,133.3299373,2,2,1.083861875,,130,131
Jakobi Meyers,109,125,109,150.4897078,2,2,0.9577167019,,131,155
Dallas Goedert,110,139,110,123.8616391,2,2,1.310782241,,134,176
Brock Bowers,111,119,111,114.1751616,2,2,1.972515856,,135,146
Pat Freiermuth,112,164,112,149.10255,2,1,0.7519379845,,136,214
Nick Chubb,113,106,113,112.2535711,2,2,3.437235543,,137,128
J.K. Dobbins,114,115,114,140.6798981,2,2,1.095909732,,138,141
Chase Brown,115,111,115,138.4061038,2,2,1.24471086,,141,135
Jerome Ford,116,108,116,135.1731359,2,2,1.389985896,,142,130
Chuba Hubbard,117,173,117,166.0620373,2,2,0.898448519,,143,229
Aaron Rodgers,118,136,118,126.8056359,2,2,1.949823322,,144,173
Justin Herbert,119,189,119,156.0827944,2,2,1.462190813,,146,252
Kirk Cousins,120,162,120,150.7668728,2,2,1.382332155,,149,211
Zach Charbonnet,121,107,121,140.5979713,1,1,0.8970380818,,151,129
Tyler Allgeier,122,122,122,152.8529276,1,1,0.7799717913,,152,152
Ty Chandler,123,126,123,160.8076024,1,1,0.6354019746,,153,157
Trey Benson,124,105,124,137.8013465,1,1,1.024682652,,154,127
Darnell Mooney,125,124,125,153.1276475,1,1,0.7117688513,,155,154
Jerry Jeudy,126,116,126,145.8052995,1,1,0.9076814658,,157,142
Gabe Davis,127,153,127,163.6713832,1,1,0.2226920366,,158,197
Adam Thielen,128,155,128,159.4253392,1,1,0.4143763214,,159,200
Curtis Samuel,129,120,129,148.1429593,1,1,0.8724453841,,160,149
Jameson Williams,130,103,130,131.3816468,1,1,1.124031008,,162,123
Rashid Shaheed,131,117,131,153.3893978,1,1,0.8308668076,,163,143
Caleb Williams,132,132,132,125.4322415,1,1,1.855830389,,164,164
Deshaun Watson,133,183,133,160.0166304,1,1,1.667844523,,166,242
Trevor Lawrence,134,188,134,154.3883947,1,1,0.8141342756,,168,251
T.J. Hockenson,135,121,135,126.233526,1,2,1.593375617,,172,151
Taysom Hill,136,204,136,163.6423677,1,0,0.1543340381,,173,290
Dalton Schultz,137,172,137,143.9689888,1,1,0.6476391825,,174,228
DeMario Douglas,138,127,138,164.6484756,1,1,0.451726568,,175,158
Khalil Shakir,139,129,139,160.4655267,1,1,0.5010570825,,176,160
Ja'Lynn Polk,140,181,140,169.4789318,1,1,0.09584214235,,179,240
Adonai Mitchell,141,135,141,164.5992195,1,1,0.2389006342,,180,172
Antonio Gibson,142,128,142,162.1268432,1,1,0.466854725,,181,159
Blake Corum,143,101,143,131.3891595,1,1,1.083215797,,182,121
Kendre Miller,144,118,144,158.0704083,1,1,0.6840620592,,183,144
MarShawn Lloyd,145,123,145,161.2629697,1,1,0.6269393512,,187,153
Jaleel McLaughlin,146,138,146,166.1970866,1,1,0.2630465444,,188,175
Xavier Legette,147,131,147,163.4996425,1,1,0.3467230444,,189,163
Joshua Palmer,148,187,148,169.1524449,1,1,0.1282593376,,190,249
Kendrick Bourne,149,170,149,170.7353362,1,1,0.04369274137,,191,225
Marvin Mims Jr.,150,152,150,169.493156,1,1,0.1099365751,,194,196
Romeo Doubs,151,146,151,162.6926033,1,1,0.2931642001,,195,188
Dontayvion Wicks,152,159,152,168.9742322,1,1,0.1522198732,,196,205
Rico Dowdle,153,141,153,165.0849172,1,1,0.2940761636,,197,180
Miles Sanders,154,199,154,170.2877996,1,1,0.04724964739,,198,277
Khalil Herbert,155,200,155,170.108943,1,1,0.07263751763,,200,280
Ray Davis,156,178,156,170.5764396,1,1,0.06558533145,,202,237
Jaylen Wright,157,145,157,168.594194,1,1,0.1389280677,,203,187
Alexander Mattison,158,182,158,170.5081474,1,1,0.05782792666,,204,241
Elijah Mitchell,159,158,159,169.6198073,1,1,0.1001410437,,205,204
Brandin Cooks,160,151,160,163.8261763,1,1,0.2114164905,,208,195
Josh Downs,161,177,161,170.1901279,0,0,0.04651162791,,210,236
Ricky Pearsall,162,186,162,169.7329381,0,0,0.07117688513,,211,248
Tua Tagovailoa,163,201,163,136.6486954,0,0,1.416254417,,212,284
Jared Goff,164,202,164,149.6567171,0,0,1.034628975,,214,286
Cole Kmet,165,184,165,152.0437911,0,1,0.4630021142,,219,243
Tyler Conklin,166,203,166,167.4172066,0,0,0.1155743481,,220,288
Chigoziem Okonkwo,167,205,167,169.5736394,0,0,0.03735024665,,221,294
Juwan Johnson,168,207,168,170.5128992,0,0,0.01127554616,,222,298
Browns D/ST,169,130,169,85.15029092,0,0,2.587939698,,223,162
Cowboys D/ST,170,143,170,99.06650871,0,0,2.134242642,,225,182
Jets D/ST,171,144,171,111.0338612,0,0,1.743000718,,227,183
Ravens D/ST,172,137,172,94.96454922,0,0,2.187365398,,228,174
49ers D/ST,173,134,173,87.35277357,0,0,2.860732233,,229,168
Steelers D/ST,174,147,174,122.9205357,0,0,1.259152907,,230,189
Dolphins D/ST,175,163,175,147.3400366,0,0,0.8786791098,,232,212
Jaguars D/ST,176,179,176,165.2400126,0,0,0.1737257717,,235,238
Saints D/ST,177,149,177,143.8143305,0,0,0.9002153625,,236,191
Bengals D/ST,178,174,178,162.7645462,0,0,0.3632447954,,237,230
Chiefs D/ST,179,168,179,145.3367824,0,0,0.7322325915,,238,222
Lions D/ST,180,154,180,141.9505121,0,0,0.9447236181,,239,198
Harrison Butker,181,161,181,111.6943098,0,0,2.204888569,,240,210
Brandon Aubrey,182,133,182,98.76045091,0,0,2.287562904,,241,166
Justin Tucker,183,142,183,91.33171727,0,0,3.456506111,,242,181
Jake Elliott,184,148,184,108.1252458,0,0,1.57225018,,243,190
Greg Zuerlein,185,166,185,151.1307657,0,0,0.8655643422,,246,220
Ka'imi Fairbairn,186,150,186,129.2994762,0,0,1.217109993,,248,194
Evan McPherson,187,156,187,135.8089577,0,0,1.032350827,,249,202
Jake Moody,188,175,188,155.391117,0,0,0.5248023005,,251,234
Cameron Dicker,189,193,189,163.0581772,0,0,0.3429187635,,252,260
Cairo Santos,190,196,190,166.5727173,0,0,0.1595974119,,254,269
Younghoe Koo,191,160,191,139.6404437,0,0,1.01581596,,256,208
Jake Bates,192,171,192,162.7058029,0,0,0.5190510424,,259,227
Hunter Henry,193,206,193,169.3291628,0,0,0.04087385483,,260,296
Quentin Johnston,194,208,194,170.4301077,0,0,0.02114164905,,263,301
Clyde Edwards-Helaire,195,209,195,169.7961214,0,0,0.07404795487,,265,302
Braelon Allen,196,210,196,170.1883434,0,0,0.0317348378,,269,305
Matthew Stafford,197,211,197,163.0322778,0,0,0.3745583039,,270,306
Bryce Young,198,212,198,169.0589217,0,0,0.1137809187,,275,307
Daniel Jones,199,213,199,169.6930482,0,0,0.09469964664,,277,308
Baker Mayfield,200,214,200,164.4040981,0,0,0.3067137809,,280,309
Demarcus Robinson,201,215,201,170.476116,0,0,0.02748414376,,284,311
Wan'Dale Robinson,202,216,202,170.3715333,0,0,0.01057082452,,286,312
Tyler Boyd,203,217,203,170.3491167,0,0,0.01268498943,,288,313
Darius Slayton,204,218,204,170.4120232,0,0,0.00563777308,,290,314
Jalin Hyatt,205,219,205,170.2316274,0,0,0.02184637068,,294,316
Tucker Kraft,206,220,206,170.0175909,0,0,0.03312191684,,297,318
Luke Musgrave,207,221,207,169.5433368,0,0,0.04651162791,,298,320
Jahan Dotson,208,165,208,169.8204147,0,0,0.06412966878,,301,219
Jermaine Burton,209,222,209,170.2891166,0,0,0.0162085976,,303,321
DJ Chark Jr.,210,223,210,170.4075337,0,0,0.01761804087,,304,322
Zay Jones,211,224,211,170.4523072,0,0,0.00704721635,,306,323
Keaton Mitchell,212,180,212,170.5440883,0,0,0.023977433,,307,239
Jamaal Williams,213,225,213,170.3653777,0,0,0.01551480959,,308,325
Tank Bigsby,214,226,214,170.3171825,0,0,0.03808180536,,309,326
Cade Otton,215,227,215,169.9610647,0,0,0.02114164905,,311,327
Noah Fant,216,190,216,169.107245,0,0,0.07963354475,,312,254
Hayden Hurst,217,228,217,170.1698467,0,0,0.00563777308,,313,328
Geno Smith,218,229,218,169.3373668,0,0,0.1180212014,,314,329
Will Levis,219,230,219,169.2044645,0,0,0.1286219081,,316,330
Russell Wilson,220,231,220,169.4331952,0,0,0.08268551237,,318,331
Kenneth Gainwell,221,232,221,170.1841012,0,0,0.01551480959,,320,332
Roschon Johnson,222,233,222,170.3177235,0,0,0.01269393512,,321,333
Tyrone Tracy Jr.,223,157,223,169.9038086,0,0,0.06276445698,,322,203
Rashod Bateman,224,234,224,170.1694991,0,0,0.008456659619,,323,334
Justice Hill,225,235,225,170.1987578,0,0,0.01339915374,,325,337
Bucky Irving,226,236,226,170.1567839,0,0,0.01551480959,,326,338
Jalen Tolbert,227,176,227,170.6410677,0,0,0.02748414376,,327,235
Michael Wilson,228,237,228,170.4329888,0,0,0.01902748414,,328,339
Luke McCaffrey,229,238,229,169.769311,0,0,0.02677942213,,329,340
Rondale Moore,230,239,230,170.3191039,0,0,0.00281888654,,330,341
Jalen McMillan,231,240,231,170.3303196,0,0,0.01268498943,,331,343
Odell Beckham Jr.,232,241,232,169.1924543,0,0,0.05355884426,,332,344
Trey Palmer,233,242,233,170.3074563,0,0,0.004933051445,,333,345
Malachi Corley,234,243,234,170.2870314,0,0,0.01198026779,,334,346
Bears D/ST,235,192,235,165.7946853,0,0,0.1191672649,,337,258
Bills D/ST,236,185,236,164.7417072,0,0,0.2340272793,,338,246
Dustin Hopkins,237,194,237,166.928313,0,0,0.1617541337,,339,262
Matt Gay,238,167,238,156.9635717,0,0,0.6937455068,,340,221
D'Onta Foreman,239,244,239,170.3317545,0,0,0.01057827927,,341,347
Dameon Pierce,240,245,240,170.1202747,0,0,0.01692524683,,343,350
Ty Johnson,241,246,241,170.2875613,0,0,0.002820874471,,344,351
Audric Estime,242,247,242,170.1689058,0,0,0.01339915374,,345,352
Chase Edmonds,243,248,243,170.2918553,0,0,0.003526093089,,346,353
Eric Gray,244,249,244,170.0903079,0,0,0.01339915374,,347,354
Ameer Abdullah,245,250,245,170.2165423,0,0,0.003526093089,,350,355
Isaiah Davis,246,251,246,170.2271441,0,0,0.002820874471,,351,357
Michael Carter,247,252,247,170.2315231,0,0,0.002820874471,,352,358
Nyheim Hines,248,253,248,170.2218598,0,0,0.002820874471,,353,359
Trey Sermon,249,254,249,170.1676547,0,0,0.008462623413,,354,360
D'Ernest Johnson,250,255,250,170.1754025,0,0,0.002115655853,,355,363
Deuce Vaughn,251,256,251,170.0563475,0,0,0.01128349788,,357,364
Kalif Raymond,252,257,252,170.0704976,0,0,0.008456659619,,358,365
Nelson Agholor,253,258,253,170.0885639,0,0,0.00422832981,,359,366
Colts D/ST,254,259,254,169.7640513,0,0,0.02297200287,,360,367
Seahawks D/ST,255,260,255,167.816145,0,0,0.1320890165,,363,368
Eddy Pineiro,256,261,256,170.2133111,0,0,0.007907979871,,364,370
Chase McLaughlin,257,262,257,169.9362363,0,0,0.01078360891,,365,371
Dawson Knox,258,264,258,169.4016861,0,0,0.02184637068,,366,373
Jonnu Smith,259,263,259,169.9082175,0,0,0.01691331924,,367,372
Jelani Woods,260,265,260,170.1284221,0,0,0.00422832981,,369,377
Van Jefferson,261,266,261,170.0806399,0,0,0.00422832981,,370,379
Elijah Moore,262,267,262,170.1839765,0,0,0.003523608175,,371,381
Roman Wilson,263,268,263,170.0292676,0,0,0.0303030303,,372,384
Tim Patrick,264,269,264,170.1487682,0,0,0.00281888654,,373,386
Evan Hull,265,270,265,170.1625011,0,0,0.002115655853,,377,389
Trayveon Williams,266,271,266,170.1428274,0,0,0.001410437236,,378,391
Bo Nix,267,272,267,169.0889773,0,0,0.06501766784,,381,392
Derek Carr,268,273,268,169.7794054,0,0,0.05371024735,,383,393
J.J. McCarthy,269,274,269,167.4773642,0,0,0.2134275618,,386,394
Drake Maye,270,275,270,169.59274,0,0,0.04734982332,,389,396
Tre Tucker,271,276,271,170.1647031,0,0,0.00140944327,,391,397
Cedric Tillman,272,277,272,170.1625434,0,0,0.00140944327,,392,398
Josh Reynolds,273,278,273,170.1606244,0,0,0.002114164905,,393,399
Jonathan Mingo,274,279,274,170.1566475,0,0,0.002114164905,,394,400
KaVontae Turpin,275,280,275,170.0647482,0,0,0.00140944327,,396,403
Chris Rodriguez Jr.,276,281,276,170.1593458,0,0,0.0007052186178,,397,404
Kimani Vidal,277,191,277,170.4455003,0,0,0.03808180536,,398,256
Dare Ogunbowale,278,282,278,170.0900993,0,0,0.0007052186178,,399,405
Cordarrelle Patterson,279,283,279,170.0627225,0,0,0.001410437236,,400,406
Kenny McIntosh,280,284,280,170.1225554,0,0,0.0007052186178,,403,407
Julius Chestnut,281,285,281,170.1135572,0,0,0.002115655853,,404,409
Will Shipley,282,286,282,169.9999255,0,0,0.009167842031,,405,410
Jordan Mason,283,287,283,170.0655078,0,0,0.007757404795,,406,411
Andrei Iosivas,284,288,284,170.0573288,0,0,0.00563777308,,407,412
Texans D/ST,285,289,285,166.8504889,0,0,0.09547738693,,409,413
Panthers D/ST,286,290,286,170.0020995,0,0,0.003589375449,,410,414
Jason Sanders,287,291,287,168.7522327,0,0,0.05679367362,,411,417
Nick Folk,288,292,288,169.8922444,0,0,0.01150251618,,412,418
Ben Sinnott,289,195,289,169.7605344,0,0,0.04580690627,,413,266
Colby Parkinson,290,294,290,170.1080924,0,0,0.002114164905,,415,420
Greg Dulcich,291,295,291,170.0616491,0,0,0.00422832981,,417,422
Zach Ertz,292,296,292,169.8301358,0,0,0.02889358703,,418,423
Isaiah Likely,293,314,293,169.5652388,0,0,0.02959830867,,419,446
Troy Franklin,294,297,294,170.0496582,0,0,0.00281888654,,420,425
Tutu Atwell,295,298,295,170.1177128,0,0,0.000704721635,,422,426
Gardner Minshew,296,299,296,170.0152296,0,0,0.02402826855,,423,427
Eagles D/ST,297,300,297,165.0289279,0,0,0.1335247667,,425,429
Raiders D/ST,298,301,298,168.7728241,0,0,0.04379038047,,426,430
Packers D/ST,299,302,299,168.3781923,0,0,0.04809763101,,427,431
Patriots D/ST,300,303,300,169.3293144,0,0,0.03302225413,,429,432
Aidan O'Connell,301,304,301,170.0729134,0,0,0.009893992933,,430,433
Sam Darnold,302,305,302,169.9591238,0,0,0.02473498233,,431,435
Craig Reynolds,303,306,303,170.0272428,0,0,0.002115655853,,432,436
Jase McClellan,304,307,304,170.0978,0,0,0.0007052186178,,433,437
JaMycal Hasty,305,308,305,170.1070796,0,0,0.0007052186178,,435,438
Kyle Juszczyk,306,309,306,169.8922188,0,0,0.007757404795,,436,439
Samaje Perine,307,310,307,170.0972638,0,0,0.002115655853,,437,441
Isaac Guerendo,308,311,308,170.0716892,0,0,0.009167842031,,438,442
Royce Freeman,309,312,309,170.0526543,0,0,0.002115655853,,439,443
Jacoby Brissett,310,313,310,170.0078085,0,0,0.003533568905,,441,444
Daniel Bellinger,311,293,311,169.9697931,0,0,0.00422832981,,442,419
Mike Gesicki,312,316,312,169.8779808,0,0,0.01127554616,,443,451
Michael Mayer,313,315,313,169.9379487,0,0,0.004933051445,,444,450
Johnny Mundt,314,317,314,169.9822003,0,0,0.002114164905,,446,453
Justin Fields,315,318,315,169.157003,0,0,0.074204947,,449,455
Michael Penix Jr.,316,319,316,169.73141,0,0,0.01272084806,,452,456
Sam Howell,317,320,317,169.9221828,0,0,0.0007067137809,,454,457
Tyrod Taylor,318,321,318,169.9568742,0,0,0.002826855124,,455,458
Joe Flacco,319,322,319,169.883766,0,0,0.009893992933,,456,459
AJ Dillon,320,323,320,169.7867048,0,0,0.02820874471,,457,460
Israel Abanikanda,321,324,321,169.9720278,0,0,0.002115655853,,458,461
Ronnie Rivers,322,325,322,169.9759,0,0,0.0007052186178,,459,465
Noah Gray,323,327,323,169.8477911,0,0,0.003523608175,,460,467
Tyler Higbee,324,326,324,169.949863,0,0,0.00140944327,,461,466
Will Dissly,325,328,325,169.9886501,0,0,0.00140944327,,463,468
Tommy Tremble,326,330,326,169.9538555,0,0,0.002114164905,,466,470
Jeremy Ruckert,327,329,327,169.95898,0,0,0.002114164905,,467,469
Theo Johnson,328,332,328,169.8823302,0,0,0.00422832981,,468,472
Austin Hooper,329,331,329,169.955777,0,0,0.002114164905,,469,471
Connor Heyward,330,333,330,169.9246477,0,0,0.00140944327,,470,473
Kylen Granson,331,334,331,169.9604689,0,0,0.002114164905,,471,474
Gerald Everett,332,336,332,169.9057897,0,0,0.002114164905,,472,478
Adam Trautman,333,337,333,169.9768086,0,0,0.002114164905,,473,479
Tanner Hudson,334,335,334,169.9467358,0,0,0.00140944327,,474,476
Jake Browning,335,338,335,169.9397073,0,0,0.0007067137809,,477,480
Jameis Winston,336,339,336,169.9576044,0,0,0.007067137809,,478,481
Jarrett Stidham,337,340,337,169.9701517,0,0,0.001413427562,,479,483
Drew Lock,338,341,338,169.9194397,0,0,0.0007067137809,,480,484
Mason Rudolph,339,342,339,169.9580067,0,0,0.002826855124,,481,485
Carson Wentz,340,343,340,169.892871,0,0,0.002826855124,,483,486
Jimmy Garoppolo,341,344,341,169.944461,0,0,0.001413427562,,484,487
Kenny Pickett,342,345,342,169.8514164,0,0,0.008480565371,,485,489
Marcus Mariota,343,346,343,169.9731913,0,0,0.0007067137809,,486,490
Mitchell Trubisky,344,347,344,169.9376509,0,0,0.001413427562,,487,491
Jason Myers,345,348,345,169.4758109,0,0,0.02516175413,,489,492
Matt Prater,346,349,346,169.8590535,0,0,0.007907979871,,490,493
Chris Boswell,347,350,347,168.9507828,0,0,0.02731847592,,491,495
Tyler Bass,348,197,348,167.6545487,0,0,0.07117181884,,492,270
Daniel Carlson,349,351,349,169.0162707,0,0,0.02588066139,,493,496
Joshua Karty,350,352,350,169.9243493,0,0,0.01078360891,,495,497
Anders Carlson,351,353,351,169.6890667,0,0,0.01006470165,,496,498
Will Reichard,352,354,352,169.4515475,0,0,0.02875629044,,497,499
Cam Little,353,355,353,169.6978416,0,0,0.005751258088,,498,502
Blake Grupe,354,356,354,169.8506649,0,0,0.003594536305,,499,503
Graham Gano,355,357,355,169.614671,0,0,0.005032350827,,502,504
Wil Lutz,356,358,356,169.7836783,0,0,0.002875629044,,503,505
Chad Ryland,357,359,357,169.8224514,0,0,0.007907979871,,504,506
Ramiz Ahmed,358,360,358,169.9235088,0,0,0.001437814522,,505,509
Vikings D/ST,359,361,359,169.334643,0,0,0.03374012922,,506,511
Falcons D/ST,360,362,360,169.7938305,0,0,0.001435750179,,509,512
Commanders D/ST,361,363,361,169.759144,0,0,0.01651112706,,511,515
Chargers D/ST,362,169,362,166.1666517,0,0,0.3187365398,,512,223
Buccaneers D/ST,363,364,363,169.6721803,0,0,0.01435750179,,515,516
Giants D/ST,364,198,364,169.5026169,0,0,0.02512562814,,516,274
Titans D/ST,365,365,365,169.6278418,0,0,0.01005025126,,517,517
Rams D/ST,366,366,366,169.5728447,0,0,0.01005025126,,518,518
Broncos D/ST,367,367,367,169.5352558,0,0,0.008614501077,,519,519
Cardinals D/ST,368,368,368,169.828607,0,0,0.135678392,,520,520
Xavier Gipson,369,369,369,169.9589061,0,0,0.000704721635,,980,980
Devontez Walker,370,370,370,169.9432372,0,0,0.00140944327,,981,981
Noah Brown,371,371,371,169.9250797,0,0,0.000704721635,,982,982
Jauan Jennings,372,372,372,169.8485932,0,0,0.007751937984,,983,983
KhaDarel Hodge,373,373,373,169.9584879,0,0,0.00140944327,,984,984
Bub Means,374,374,374,169.9761685,0,0,0,,985,985
Treylon Burks,375,375,375,169.9598594,0,0,0.00140944327,,986,986
Brandon Powell,376,376,376,169.9393032,0,0,0.000704721635,,987,987
Greg Dortch,377,377,377,169.9862967,0,0,0.002114164905,,988,988
Calvin Austin III,378,378,378,169.8937875,0,0,0.002114164905,,989,989
Justin Watson,379,379,379,169.8857577,0,0,0.003523608175,,990,990
Ja'Tavion Sanders,380,380,380,169.9013212,0,0,0.00422832981,,991,991
Jake Bobo,381,381,381,169.90028,0,0,0.00281888654,,992,992
Josh Oliver,382,382,382,169.9464222,0,0,0.00140944327,,993,993
Foster Moreau,383,383,383,169.9931482,0,0,0.002114164905,,994,994
Jamison Crowder,384,384,384,169.9760639,0,0,0.00140944327,,995,995
Derius Davis,385,385,385,169.9650427,0,0,0,,996,996
Trenton Irwin,386,386,386,169.9489559,0,0,0.000704721635,,997,997
K.J. Osborn,387,387,387,169.9386041,0,0,0,,998,998
Josh Whyle,388,388,388,169.9744109,0,0,0.003523608175,,999,999
Parris Campbell,389,389,389,169.8751806,0,0,0.006342494715,,1000,1000
Brock Wright,390,390,390,169.8930694,0,0,0.00140944327,,1001,1001
Cedrick Wilson Jr.,391,391,391,169.9788942,0,0,0,,1002,1002
Marquez Valdes-Scantling,392,392,392,169.9279246,0,0,0.002114164905,,1003,1003
Allen Lazard,393,393,393,169.9157556,0,0,0.003523608175,,1004,1004
Durham Smythe,394,394,394,169.91708,0,0,0.003523608175,,1005,1005
Jordan Akins,395,395,395,169.9551216,0,0,0.003523608175,,1006,1006
Ryan Flournoy,396,396,396,169.9641336,0,0,0.02396053559,,1007,1007
Jalen Guyton,397,397,397,169.9820072,0,0,0,,1008,1008
Elijah Higgins,398,398,398,169.9627776,0,0,0.000704721635,,1009,1009
Cooper Rush,399,399,399,169.9493927,0,0,0.009187279152,,1010,1010
Darnell Washington,400,400,400,169.9228008,0,0,0.000704721635,,1011,1011
Joshua Dobbs,401,401,401,169.8769689,0,0,0,,1012,1012
Tyson Bagent,402,402,402,169.8962686,0,0,0,,1013,1013
Sean Clifford,403,403,403,169.9294847,0,0,0.001413427562,,1014,1014
Case Keenum,404,404,404,169.9559801,0,0,0.0007067137809,,1015,1015
Josh Johnson,405,405,405,169.9370846,0,0,0,,1016,1016
Kyle Trask,406,406,406,169.9713732,0,0,0,,1017,1017
Luke Schoonmaker,407,407,407,169.9123285,0,0,0.009866102889,,1018,1018
Devin Duvernay,408,408,408,169.9741577,0,0,0.004933051445,,1019,1019
Davis Allen,409,409,409,169.9687654,0,0,0.002114164905,,1020,1020
Mac Jones,410,410,410,169.9374134,0,0,0.0007067137809,,1021,1021
Desmond Ridder,411,411,411,169.9728787,0,0,0,,1022,1022
Hendon Hooker,412,412,412,169.8788037,0,0,0.001413427562,,1023,1023
Alec Pierce,413,413,413,169.9482417,0,0,0.003523608175,,1024,1024
Spencer Rattler,414,414,414,169.9053885,0,0,0.006360424028,,1025,1025
Brevin Jordan,415,415,415,169.9433257,0,0,0.000704721635,,1026,1026
Easton Stick,416,416,416,169.9533127,0,0,0,,1027,1027
Drew Sample,417,417,417,169.9702697,0,0,0.000704721635,,1028,1028
Andy Dalton,418,418,418,169.9400492,0,0,0,,1029,1029
Malik Washington,419,419,419,169.9304726,0,0,0.00281888654,,1030,1030
Brenton Strange,420,420,420,169.9770175,0,0,0.000704721635,,1031,1031
Ray-Ray McCloud III,421,421,421,169.9537364,0,0,0.006342494715,,1032,1032
Isaiah McKenzie,422,422,422,169.949224,0,0,0.00140944327,,1033,1033
Jordan Whittington,423,423,423,169.9606482,0,0,0,,1034,1034
Pharaoh Brown,424,424,424,169.9652502,0,0,0,,1035,1035
Bo Melton,425,425,425,169.9096041,0,0,0.00140944327,,1036,1036
Stone Smartt,426,426,426,169.9894248,0,0,0,,1037,1037
Jalen Nailor,427,427,427,169.9577735,0,0,0.000704721635,,1038,1038
Ian Thomas,428,428,428,169.985686,0,0,0,,1039,1039
Mike White,429,429,429,169.9059101,0,0,0.001413427562,,1040,1040
David Moore,430,430,430,169.9736215,0,0,0.000704721635,,1041,1041
Ainias Smith,431,431,431,169.9230838,0,0,0.00140944327,,1042,1042
Stephen Sullivan,432,432,432,169.995174,0,0,0,,1043,1043
Drew Ogletree,433,433,433,169.9876374,0,0,0,,1044,1044
Dyami Brown,434,434,434,169.9679466,0,0,0.000704721635,,1045,1045
Alec Ingold,435,435,435,169.9545109,0,0,0.002115655853,,1046,1046
Javon Baker,436,436,436,169.9104395,0,0,0.00422832981,,1047,1047
Dylan Laube,437,437,437,169.9641932,0,0,0.004231311707,,1048,1048
Payne Durham,438,438,438,169.9916886,0,0,0,,1049,1049
AJ Barner,439,439,439,169.9826474,0,0,0,,1050,1050
Laviska Shenault Jr.,440,440,440,169.9757365,0,0,0,,1051,1051
Donovan Peoples-Jones,441,441,441,169.8962733,0,0,0.02114164905,,1052,1052
Peyton Hendershot,442,442,442,169.9563132,0,0,0.008456659619,,1053,1053
Jalen Reagor,443,443,443,169.9900505,0,0,0.00140944327,,1054,1054
Rasheen Ali,444,444,444,169.9625994,0,0,0.001410437236,,1055,1055
Keaontay Ingram,445,445,445,169.9251988,0,0,0.002115655853,,1056,1056
Skyy Moore,446,446,446,169.9132546,0,0,0.003523608175,,1057,1057
Ross Dwelley,447,447,447,169.9749911,0,0,0,,1058,1058
Erick All Jr.,448,448,448,169.9815753,0,0,0,,1059,1059
Irv Smith Jr.,449,449,449,169.9548691,0,0,0.000704721635,,1060,1060
Kadarius Toney,450,450,450,169.7511729,0,0,0.0140944327,,1061,1061
Luke Farrell,451,451,451,169.9933123,0,0,0.000704721635,,1062,1062
Mo Alie-Cox,452,452,452,169.9681994,0,0,0.00140944327,,1063,1063
Ko Kieft,453,453,453,169.9821258,0,0,0,,1064,1064
Lucas Krull,454,454,454,169.9939825,0,0,0,,1065,1065
C.J. Uzomah,455,455,455,169.9409119,0,0,0.00140944327,,1066,1066
Mack Hollins,456,456,456,169.9661295,0,0,0.000704721635,,1067,1067
Giovanni Ricci,457,457,457,169.9987637,0,0,0,,1068,1068
Myles Gaskin,458,458,458,169.9705523,0,0,0,,1069,1069
Tip Reiman,459,459,459,169.9941463,0,0,0,,1070,1070
John Bates,460,460,460,169.98016,0,0,0.000704721635,,1071,1071
Anthony Gould,461,461,461,169.983914,0,0,0,,1072,1072
Johnny Wilson,462,462,462,169.9206262,0,0,0.00140944327,,1073,1073
Jaret Patterson,463,463,463,169.982603,0,0,0,,1074,1074
Tyler Scott,464,464,464,169.919524,0,0,0,,1075,1075
Scotty Miller,465,465,465,169.9656826,0,0,0.000704721635,,1076,1076
David Bell,466,466,466,169.9704643,0,0,0.000704721635,,1077,1077
Chris Evans,467,467,467,169.955867,0,0,0.001410437236,,1078,1078
Braxton Berrios,468,468,468,169.8327177,0,0,0.002114164905,,1079,1079
Trent Sherfield Sr.,469,469,469,169.9758706,0,0,0,,1080,1080
Chris Brooks,470,470,470,169.9704336,0,0,0,,1081,1081
Jalen Brooks,471,471,471,169.9530072,0,0,0,,1082,1082
Sean Tucker,472,472,472,169.9805174,0,0,0,,1083,1083
Cam Akers,473,473,473,169.9120021,0,0,0.01128349788,,1084,1084
La'Mical Perine,474,474,474,169.9782385,0,0,0,,1085,1085
Ihmir Smith-Marsette,475,475,475,169.9766898,0,0,0,,1086,1086
John Metchie III,476,476,476,169.9284023,0,0,0.000704721635,,1087,1087
DeeJay Dallas,477,477,477,169.9524107,0,0,0.002115655853,,1088,1088
Nick Westbrook-Ikhine,478,478,478,169.97313,0,0,0.000704721635,,1089,1089
Kene Nwangwu,479,479,479,169.9390789,0,0,0.001410437236,,1090,1090
Sterling Shepard,480,480,480,169.9729508,0,0,0,,1091,1091
Sione Vaki,481,481,481,169.9485827,0,0,0,,1092,1092
Raheem Blackshear,482,482,482,169.9720125,0,0,0.001410437236,,1093,1093
Logan Thomas,483,483,483,169.9701204,0,0,0.000704721635,,1094,1094
Darrynton Evans,484,484,484,169.9798919,0,0,0,,1095,1095
Michael Burton,485,485,485,169.9785066,0,0,0,,1096,1096
Avery Williams,486,486,486,169.9693165,0,0,0,,1097,1097
DJ Turner,487,487,487,169.9858798,0,0,0,,1098,1098
Jacob Saylors,488,488,488,169.9775087,0,0,0,,1099,1099
Charlie Jones,489,489,489,169.9683046,0,0,0,,1100,1100
Hunter Luepke,490,490,490,169.974634,0,0,0,,1101,1101
Kevin Harris,491,491,491,169.9694212,0,0,0.001410437236,,1102,1102
Louis Rees-Zammit,492,492,492,169.8203998,0,0,0.007052186178,,1103,1103
Andrew Beck,493,493,493,169.9770618,0,0,0,,1104,1104
Adam Prentice,494,494,494,169.9826323,0,0,0,,1105,1105
Travis Homer,495,495,495,169.9591873,0,0,0,,1106,1106
John Stephens Jr.,496,496,496,169.9854328,0,0,0,,1107,1107
Jared Wiley,497,497,497,169.9843606,0,0,0,,1108,1108
A.T. Perry,498,498,498,169.9646996,0,0,0,,1109,1109
Deonte Harty,499,499,499,169.9658619,0,0,0.000704721635,,1110,1110
Charlie Woerner,500,500,500,169.9670966,0,0,0,,1111,1111
Donald Parham Jr.,501,501,501,169.9989276,0,0,0.002114164905,,1112,1112
Casey Washington,502,502,502,169.9719682,0,0,0,,1113,1113
Dallin Holker,503,503,503,169.9942952,0,0,0,,1114,1114
Cade Stover,504,504,504,169.9292055,0,0,0,,1115,1115
Jason Brownlee,505,505,505,169.9842565,0,0,0,,1116,1116
Robert Tonyan,506,506,506,169.9915991,0,0,0,,1117,1117
Harrison Bryant,507,507,507,169.9836009,0,0,0,,1118,1118
Kenny Yeboah,508,508,508,169.9945783,0,0,0,,1119,1119
C.J. Ham,509,509,509,169.9477181,0,0,0.0007052186178,,1120,1120
Quintin Morris,510,510,510,169.9869076,0,0,0,,1121,1121
Tyler Goodson,511,511,511,169.9650719,0,0,0,,1122,1122
James Mitchell,512,512,512,169.9704038,0,0,0.00422832981,,1123,1123
Marcedes Lewis,513,513,513,169.9603194,0,0,0.000704721635,,1124,1124
Josiah Deguara,514,514,514,169.997021,0,0,0,,1125,1125
Julian Hill,515,515,515,169.9831243,0,0,0,,1126,1126
Tyler Johnson,516,516,516,169.9945783,0,0,0,,1127,1127
Dee Eskridge,517,517,517,169.973696,0,0,0,,1128,1128
Nick Vannett,518,518,518,169.9934313,0,0,0,,1129,1129
Malik Heath,519,519,519,169.9425363,0,0,0.003523608175,,1130,1130
Antoine Green,520,520,520,169.9416277,0,0,0.002114164905,,1131,1131
Equanimeous St. Brown,521,521,521,169.9504893,0,0,0.006342494715,,1132,1132
MyCole Pruitt,522,522,522,169.995889,0,0,0,,1133,1133
Britain Covey,523,523,523,169.9500722,0,0,0.01127554616,,1134,1134
Brenden Rice,524,524,524,169.9003113,0,0,0.00422832981,,1135,1135
Parker Washington,525,525,525,169.9749922,0,0,0,,1136,1136
Chase Claypool,526,526,526,169.9412413,0,0,0.00140944327,,1137,1137
Cameron Latu,527,527,527,169.9644607,0,0,0,,1138,1138
Isaiah Hodgins,528,528,528,169.9401978,0,0,0,,1139,1139
Blake Whiteheart,529,529,529,169.9977211,0,0,0,,1140,1140
Jacob Cowing,530,530,530,169.9730704,0,0,0,,1141,1141
Grant Calcaterra,531,531,531,169.9583836,0,0,0.000704721635,,1142,1142
Nick Bawden,532,532,532,169.9853877,0,0,0,,1143,1143
Mecole Hardman,533,533,533,169.9154279,0,0,0.00563777308,,1144,1144
Jamari Thrash,534,534,534,169.9812776,0,0,0,,1145,1145
Nate Adkins,535,535,535,169.9986148,0,0,0.000704721635,,1146,1146
Jaheim Bell,536,536,536,169.9930889,0,0,0,,1147,1147
Quez Watkins,537,537,537,169.9581316,0,0,0,,1148,1148
Chris Moore,538,538,538,169.9884119,0,0,0,,1149,1149
Charlie Kolar,539,539,539,169.9730704,0,0,0,,1150,1150
Tim Jones,540,540,540,169.9898718,0,0,0,,1151,1151
Brandon Johnson,541,541,541,169.9853287,0,0,0,,1152,1152
Olamide Zaccheaus,542,542,542,169.9744701,0,0,0.00140944327,,1153,1153
Will Mallory,543,543,543,169.996321,0,0,0.00140944327,,1154,1154
Ashton Dulin,544,544,544,169.9842268,0,0,0,,1155,1155
Patrick Ricard,545,545,545,169.9541088,0,0,0,,1156,1156
Tyquan Thornton,546,546,546,169.9780604,0,0,0.00140944327,,1157,1157
Velus Jones Jr.,547,547,547,169.9400331,0,0,0.00140944327,,1158,1158
Boston Scott,548,548,548,169.9682734,0,0,0.0007052186178,,1159,1159
Xavier Hutchinson,549,549,549,169.9715516,0,0,0,,1160,1160
Hassan Haskins,550,550,550,169.9663082,0,0,0.001410437236,,1161,1161
Lawrence Cager,551,551,551,169.9691969,0,0,0.00281888654,,1162,1162
Devin Culp,552,552,552,169.9833475,0,0,0,,1163,1163
Ben Sims,553,553,553,169.9724891,0,0,0,,1164,1164
Brady Russell,554,554,554,169.9850306,0,0,0,,1165,1165
River Cracraft,555,555,555,169.9564926,0,0,0.00140944327,,1166,1166
Rakim Jarrett,556,556,556,169.9907206,0,0,0,,1167,1167
Tyler Davis,557,557,557,169.9835707,0,0,0,,1168,1168
Chris Manhertz,558,558,558,169.98512,0,0,0,,1169,1169
Maurice Alexander,559,559,559,169.9773895,0,0,0,,1170,1170
Kyle Philips,560,560,560,169.9865056,0,0,0,,1171,1171
Cole Turner,561,561,561,169.9867882,0,0,0.000704721635,,1172,1172
Danny Gray,562,562,562,169.9750067,0,0,0,,1173,1173
Zach Gentry,563,563,563,169.9878011,0,0,0,,1174,1174
Kristian Wilkerson,564,564,564,169.9916888,0,0,0.000704721635,,1175,1175
Khari Blasingame,565,565,565,169.9753932,0,0,0.0007052186178,,1176,1176
Hunter Long,566,566,566,169.971223,0,0,0,,1177,1177
Tyrion Davis-Price,567,567,567,169.9615264,0,0,0,,1178,1178
Jordan Mims,568,568,568,169.9827517,0,0,0.001410437236,,1179,1179
Jeremy McNichols,569,569,569,169.9818279,0,0,0.0007052186178,,1180,1180
Jha'Quan Jackson,570,570,570,169.963866,0,0,0.00140944327,,1181,1181
Gunner Olszewski,571,571,571,169.9572075,0,0,0.000704721635,,1182,1182
Ronnie Bell,572,572,572,169.9353868,0,0,0.00140944327,,1183,1183
DeAndre Carter,573,573,573,169.9557925,0,0,0.000704721635,,1184,1184
James Proche II,574,574,574,169.9584736,0,0,0.000704721635,,1185,1185
Keilan Robinson,575,575,575,169.9808007,0,0,0.0007052186178,,1186,1186
Pierre Strong Jr.,576,576,576,169.9602312,0,0,0.0007052186178,,1187,1187
Zach Pascal,577,577,577,169.9704187,0,0,0,,1372,1372
Laquon Treadwell,578,578,578,169.9711788,0,0,0,,1373,1373
Eric Saubert,579,579,579,169.9809792,0,0,0.00140944327,,1374,1374
Trent Taylor,580,580,580,169.934656,0,0,0.00140944327,,1375,1375
Keith Kirkwood,581,581,581,169.9676487,0,0,0,,1376,1376
Eric Tomlinson,582,582,582,169.9925823,0,0,0,,1377,1377
Damiere Byrd,583,583,583,169.9682133,0,0,0.000704721635,,1378,1378
Malik Turner,584,584,584,169.9806068,0,0,0.000704721635,,1379,1379
Nate Sudfeld,585,585,585,169.9738768,0,0,0.0007067137809,,1380,1380
Brandon Allen,586,586,586,169.9826391,0,0,0,,1381,1381
Kyle Allen,587,587,587,169.9708968,0,0,0,,1382,1382
Jeff Driskel,588,588,588,169.992102,0,0,0,,1383,1383
Nathan Peterman,589,589,589,169.9773035,0,0,0.001413427562,,1392,1392
Taylor Heinicke,590,590,590,169.9841592,0,0,0,,1397,1397
C.J. Beathard,591,591,591,169.9840551,0,0,0.005653710247,,1398,1398
Phillip Dorsett,592,592,592,169.9789389,0,0,0,,1412,1412
Nick Mullens,593,593,593,169.9779748,0,0,0,,1413,1413
Juwann Winfree,594,594,594,169.9795347,0,0,0,,1424,1424
Brett Rypien,595,595,595,169.9811939,0,0,0,,1425,1425
Tommy Sweeney,596,596,596,169.9815896,0,0,0.00140944327,,1426,1426
John Kelly Jr.,597,597,597,169.9872202,0,0,0,,1427,1427
Jeff Wilson Jr.,598,598,598,169.9767937,0,0,0,,1429,1429
Logan Woodside,599,599,599,169.9801508,0,0,0,,1431,1431
Tim Boyle,600,600,600,169.9774685,0,0,0,,1432,1432
Jordan Matthews,601,601,601,169.9811874,0,0,0,,1435,1435
N'Keal Harry,602,602,602,169.9927015,0,0,0,,1437,1437
Andy Isabella,603,603,603,169.9830796,0,0,0,,1438,1438
Miles Boykin,604,604,604,169.9795198,0,0,0,,1439,1439
Will Grier,605,605,605,169.9863798,0,0,0,,1440,1440
Dante Pettis,606,606,606,169.966695,0,0,0,,1441,1441
Tre'Quan Smith,607,607,607,169.9759004,0,0,0,,1442,1442
Rashaad Penny,608,608,608,169.9851044,0,0,0,,1443,1443
JuJu Smith-Schuster,609,609,609,169.8854266,0,0,0.006342494715,,1444,1444
Mike Boone,610,610,610,169.9774786,0,0,0,,1445,1445
Cam Sims,611,611,611,169.9822748,0,0,0,,1446,1446
Chris Conley,612,612,612,169.9732338,0,0,0,,1447,1447
Allen Robinson II,613,613,613,169.9672913,0,0,0.000704721635,,1448,1448
Robert Woods,614,614,614,169.9667401,0,0,0,,1449,1449
Tyree Jackson,615,615,615,169.9756018,0,0,0,,1450,1450
Lil'Jordan Humphrey,616,616,616,169.9691531,0,0,0,,1451,1451
Keelan Doss,617,617,617,169.9869076,0,0,0,,1452,1452
Steven Sims,618,618,618,169.9879204,0,0,0,,1453,1453
Nsimba Webster,619,619,619,169.9870861,0,0,0,,1454,1454
Jesper Horsted,620,620,620,169.9997319,0,0,0,,1459,1459
Stephen Carlson,621,621,621,169.9962464,0,0,0,,1460,1460
Stanley Morgan Jr.,622,622,622,169.9922101,0,0,0,,1461,1461
Jeff Smith,623,623,623,169.9920908,0,0,0,,1467,1467
Davion Davis,624,624,624,169.9895289,0,0,0,,1472,1472
Tom Kennedy,625,625,625,169.9698378,0,0,0.00140944327,,1473,1473
PJ Walker,626,626,626,169.9787202,0,0,0,,1477,1477
Denzel Mims,627,627,627,169.9968274,0,0,0,,1478,1478
KJ Hamler,628,628,628,169.9956061,0,0,0.000704721635,,1479,1479
Quintez Cephus,629,629,629,169.9876672,0,0,0.000704721635,,1488,1488
Dalton Keene,630,630,630,169.9994936,0,0,0,,1489,1489
Albert Okwuegbunam Jr.,631,631,631,169.9628217,0,0,0,,1490,1490
Collin Johnson,632,632,632,169.9532746,0,0,0.000704721635,,1491,1491
Freddie Swain,633,633,633,169.9920014,0,0,0,,1496,1496
Jacob Eason,634,634,634,169.9931002,0,0,0,,1498,1498
Tyrie Cleveland,635,635,635,169.98798,0,0,0,,1504,1504
Marquez Callaway,636,636,636,169.9970062,0,0,0,,1511,1511
J.J. Taylor,637,637,637,169.83875,0,0,0.002820874471,,1512,1512
James Robinson,638,638,638,169.9845093,0,0,0.0007052186178,,1513,1513
Salvon Ahmed,639,639,639,169.9845393,0,0,0,,1514,1514
Reggie Gilliam,640,640,640,169.9839286,0,0,0,,1515,1515
Malik Taylor,641,641,641,169.9939528,0,0,0,,1516,1516
John Wolford,642,642,642,169.9869309,0,0,0,,1517,1517
Sean McKeon,643,643,643,169.9943696,0,0,0,,1518,1518
Trishton Jackson,644,644,644,169.9833924,0,0,0,,1519,1519
Dan Chisena,645,645,645,169.9955762,0,0,0,,1520,1520
Tyron Billy-Johnson,646,646,646,169.9851796,0,0,0,,1521,1524
Jonathan Ward,647,649,647,169.9754979,0,0,0,,1531,1535
Austin Mack,648,647,648,169.9885609,0,0,0,,1532,1533
Tony Jones Jr.,649,650,649,169.9920461,0,0,0,,1533,1536
Tyler Huntley,650,648,650,169.9818496,0,0,0,,1538,1534
Terrace Marshall Jr.,651,651,651,169.9929399,0,0,0,,1550,1550
Zach Wilson,652,652,652,169.9268333,0,0,0,,1551,1551
Trey Lance,653,653,653,169.9547134,0,0,0.008480565371,,1552,1552
Jermar Jefferson,654,654,654,169.8541043,0,0,0.007757404795,,1560,1560
Davis Mills,655,655,655,169.9463543,0,0,0,,1561,1561
Dez Fitzpatrick,656,656,656,169.9890822,0,0,0,,1566,1566
Frank Darby,657,657,657,169.9952337,0,0,0,,1567,1567
Anthony Schwartz,658,658,658,169.9985106,0,0,0,,1568,1568
Jaelon Darden,659,659,659,170.0001787,0,0,0,,1569,1569
Cornell Powell,660,660,660,169.9944294,0,0,0,,1570,1570
Jacob Harris,661,661,661,169.9871459,0,0,0,,1571,1571
Tylan Wallace,662,662,662,169.9737559,0,0,0,,1572,1572
Ben Mason,663,663,663,169.9839733,0,0,0,,1573,1573
Simi Fehoko,664,664,664,169.9973637,0,0,0,,1574,1574
Tre' McKitty,665,665,665,169.9882034,0,0,0,,1575,1575
Seth Williams,666,666,666,169.9992553,0,0,0,,1576,1576
Kawaan Baker,667,667,667,170.0001638,0,0,0,,1585,1585
Ian Book,668,668,668,169.9781394,0,0,0,,1592,1592
Mike Strachan,669,669,669,169.9937144,0,0,0,,1597,1597
Zach Davidson,670,670,670,169.9971849,0,0,0,,1598,1598
Sam Ehlinger,671,671,671,169.9829079,0,0,0,,1599,1599
Jake Funk,672,672,672,169.9811577,0,0,0,,1600,1600
Racey McMath,673,673,673,169.9916888,0,0,0,,1601,1601
Jalen Camp,674,674,674,169.9938185,0,0,0,,1605,1605
Dax Milne,675,675,675,169.9990319,0,0,0,,1609,1609
Ben Skowronek,676,676,676,169.9937442,0,0,0,,1612,1612
Feleipe Franks,677,677,677,169.9950101,0,0,0,,1613,1613
Jody Fortson Jr.,678,678,678,169.994057,0,0,0,,1614,1614
Sammis Reyes,679,679,679,169.9978551,0,0,0,,1615,1615
Tommy Hudson,680,680,680,169.9994787,0,0,0,,1616,1616
Cody White,681,681,681,169.9952635,0,0,0,,1620,1620
Miller Forristall,682,682,682,169.9930888,0,0,0,,1621,1621
Parker Hesse,683,683,683,169.9956506,0,0,0,,1622,1622
David Wells,684,684,684,169.994891,0,0,0,,1623,1623
Mitchell Wilcox,685,685,685,169.9933718,0,0,0,,1624,1624
Jack Stoll,686,686,686,169.996872,0,0,0,,1625,1625
Shane Zylstra,687,687,687,169.9959039,0,0,0,,1626,1626
Michael Bandy,688,688,688,169.9981828,0,0,0,,1627,1627
Easop Winston Jr.,689,689,689,169.9977509,0,0,0,,1630,1630
Patrick Taylor Jr.,690,690,690,169.9925226,0,0,0,,1631,1631
Mason Kinsey,691,691,691,169.9980488,0,0,0,,1641,1641
Tyler Mabry,692,692,692,169.9977359,0,0,0,,1644,1644
D.J. Montgomery,693,693,693,169.9898867,0,0,0,,1646,1646
David Sills V,694,694,694,169.9996723,0,0,0,,1648,1648
Cody Thompson,695,695,695,169.9976317,0,0,0,,1649,1649
Isaiah Spiller,696,696,696,169.989112,0,0,0,,1652,1652
Snoop Conner,697,697,697,169.986252,0,0,0,,1653,1653
Malik Willis,698,698,698,169.9838467,0,0,0.0007067137809,,1654,1654
Erik Ezukanma,699,699,699,169.9958295,0,0,0,,1656,1656
Teagan Quitoriano,700,700,700,169.9926569,0,0,0,,1657,1657
John FitzPatrick,701,701,701,169.9876521,0,0,0,,1658,1658
Michael Woods II,702,702,702,169.9922698,0,0,0,,1659,1659
Bailey Zappe,703,703,703,169.9724619,0,0,0,,1664,1664
Zonovan Knight,704,704,704,169.9781343,0,0,0,,1669,1669
Nick Muse,705,705,705,169.9964848,0,0,0,,1671,1671
Tyler Badie,706,706,706,169.9854181,0,0,0,,1676,1676
Montrell Washington,707,707,707,169.9886504,0,0,0.000704721635,,1692,1692
Zander Horvath,708,708,708,169.9866988,0,0,0,,1696,1696
Samori Toure,709,709,709,169.9796535,0,0,0.000704721635,,1700,1700
Skylar Thompson,710,710,710,169.9665157,0,0,0,,1704,1704
Dareke Young,711,711,711,169.9901099,0,0,0,,1711,1711
Chris Oladokun,712,712,712,169.9914912,0,0,0,,1714,1714
Brittain Brown,713,713,713,169.9893501,0,0,0,,1715,1715
Justyn Ross,714,714,714,169.9788498,0,0,0,,1718,1718
Deven Thompkins,715,715,715,170,0,0,0,,1719,1719
Lance McCutcheon,716,716,716,169.9947869,0,0,0,,1720,1720
Jake Tonges,717,717,717,169.9914503,0,0,0,,1721,1721
Armani Rogers,718,718,718,169.9335538,0,0,0,,1722,1722
Jalen Virgil,719,719,719,169.9991808,0,0,0,,1723,1723
Tanner Conner,720,720,720,169.9962465,0,0,0,,1724,1724
Shane Buechele,721,721,721,169.9913868,0,0,0,,1725,1725
Kendric Pryor,722,722,722,170.0009682,0,0,0,,1726,1726
Malik Davis,723,723,723,169.9846433,0,0,0,,1727,1727
Troy Hairston,724,724,724,169.9880842,0,0,0,,1728,1728
Raleigh Webb,725,725,725,170,0,0,0,,1736,1736
Nikola Kalinic,726,727,726,169.9977658,0,0,0,,1743,1744
Daylen Baldwin,727,728,727,169.989633,0,0,0,,1744,1745
Austin Trammell,728,729,728,170.0000447,0,0,0,,1747,1748
Anthony Brown Jr.,729,730,729,169.9736834,0,0,0,,1748,1749
Ethan Fernea,730,731,730,170.0015341,0,0,0,,1749,1750
Josh Ali,731,732,731,169.9950848,0,0,0,,1751,1752
Dennis Houston,732,733,732,169.999717,0,0,0,,1753,1754
Kyric McGowan,733,734,733,169.9958891,0,0,0,,1754,1755
Tay Martin,734,735,734,169.9949358,0,0,0,,1756,1757
Kwamie Lassiter II,735,736,735,169.9964551,0,0,0,,1759,1760
Johnny Johnson III,736,737,736,169.9936698,0,0,0,,1760,1761
Braylon Sanders,737,738,737,169.9952487,0,0,0,,1763,1764
Andre Baccellia,738,726,738,169.996038,0,0,0,,1775,1737
Scotty Washington,739,739,739,169.999285,0,0,0,,1776,1776
Zach Evans,740,740,740,169.9938037,0,0,0.001410437236,,1778,1778
Stetson Bennett,741,741,741,169.9666647,0,0,0.004946996466,,1779,1779
Justin Shorter,742,742,742,169.9973041,0,0,0,,1783,1783
Kayshon Boutte,743,743,743,169.9865652,0,0,0,,1784,1784
Lew Nichols,744,744,744,169.9911077,0,0,0,,1785,1785
Grant DuBose,745,745,745,169.9950252,0,0,0,,1786,1786
Zack Kuntz,746,746,746,169.9816348,0,0,0,,1787,1787
Tanner McKee,747,747,747,169.98635,0,0,0,,1800,1800
Jake Haener,748,748,748,169.9861711,0,0,0,,1802,1802
Dorian Thompson-Robinson,749,749,749,169.9720893,0,0,0,,1808,1808
Jaren Hall,750,750,750,169.9632075,0,0,0,,1811,1811
Clayton Tune,751,751,751,169.9983012,0,0,0,,1815,1815
Brayden Willis,752,752,752,169.9883522,0,0,0,,1816,1816
Max Duggan,753,753,753,169.9868121,0,0,0,,1817,1817
DeWayne McBride,754,754,754,169.9650416,0,0,0,,1821,1821
Colton Dowell,755,755,755,169.9993744,0,0,0.000704721635,,1839,1839
Deneric Prince,756,756,756,169.982454,0,0,0.001410437236,,1842,1842
Joseph Ngata,757,757,757,169.9934017,0,0,0,,1843,1843
Elijah Dotson,758,758,758,169.9970211,0,0,0.0007052186178,,1844,1844
Austin Watkins Jr.,759,759,759,169.9965743,0,0,0,,1845,1845
Emari Demercado,760,760,760,169.9855966,0,0,0,,1846,1846
Chase Cota,761,761,761,169.9977509,0,0,0,,1847,1847
Malik Cunningham,762,762,762,169.9862375,0,0,0,,1848,1848
Mitchell Tinsley,763,763,763,169.995904,0,0,0,,1849,1849
Emanuel Wilson,764,764,764,169.9732189,0,0,0,,1850,1850
Irvin Charles,765,765,765,169.9973785,0,0,0,,1851,1851
Elijah Cooks,766,766,766,169.9971254,0,0,0,,1852,1852
Kearis Jackson,767,767,767,169.9994936,0,0,0,,1853,1853
Xazavian Valladay,768,768,768,169.9885907,0,0,0.0007052186178,,1854,1854
Chris Blair,769,783,769,169.9972743,0,0,0,,1863,1920
Tommy DeVito,770,775,770,169.8871338,0,0,0.0007067137809,,1864,1883
Nathan Rourke,771,782,771,169.985158,0,0,0.01978798587,,1865,1913
Shedrick Jackson,772,771,772,170.0004617,0,0,0,,1866,1865
Cole Fotheringham,773,780,773,169.9938187,0,0,0,,1867,1906
Ellis Merriweather,774,776,774,169.9965295,0,0,0,,1879,1885
Travis Vokolek,775,779,775,169.9913163,0,0,0,,1881,1901
Owen Wright,776,781,776,169.9833328,0,0,0,,1885,1908
Ryan Miller,777,773,777,170,0,0,0,,1887,1867
Henry Pearson,778,777,778,169.9900052,0,0,0,,1892,1886
Lucky Jackson,779,778,779,169.9805026,0,0,0.000704721635,,1893,1888
Princeton Fant,780,770,780,169.9879798,0,0,0,,1894,1864
Rodney Williams,781,774,781,169.9987935,0,0,0,,1906,1868
Josh Pederson,782,772,782,169.9913011,0,0,0,,1907,1866
Dylan Drummond,783,784,783,169.998868,0,0,0,,1909,1922
Jashaun Corbin,784,769,784,169.9929397,0,0,0,,1910,1863
Jawhar Jordan,785,785,785,169.9884566,0,0,0,,1932,1932
Cornelius Johnson,786,786,786,169.99224,0,0,0.003523608175,,1933,1933
x,787,0,0,x,x,x,x,,x,x
Tahj Washington,788,787,787,169.9934911,0,0,0.000704721635,,1945,1945
Tejhaun Palmer,789,788,788,169.9978701,0,0,0,,1953,1953
Joe Milton III,790,789,789,169.8304201,0,0,0.003533568905,,1959,1959
Jordan Travis,791,790,790,169.9540435,0,0,0.0007067137809,,1960,1960
Devin Leary,792,791,791,169.9799723,0,0,0,,1966,1966
Devaughn Vele,793,792,792,169.9944593,0,0,0,,1975,1975
Michael Pratt,794,793,793,169.9777516,0,0,0.0007067137809,,1980,1980
Tanner McLachlan,795,794,794,169.9948464,0,0,0,,1988,1988
Dante Miller,796,795,795,169.989797,0,0,0,,1996,1996
Blake Watson,797,796,796,169.9853436,0,0,0.0007052186178,,1997,1997
Ryan Griffin,798,797,797,169.9876218,0,0,0,,2038,2038
Chase Daniel,799,798,798,169.985947,0,0,0.0007067137809,,2040,2040
Chad Henne,800,799,799,169.9906864,0,0,0.002120141343,,2041,2041
Colt McCoy,801,800,800,169.9872137,0,0,0,,2042,2042
AJ McCarron,802,801,801,169.9908801,0,0,0.0007067137809,,2043,2043
Keith Smith,803,802,802,169.9938779,0,0,0.009167842031,,2045,2045
Blaine Gabbert,804,803,803,169.9968705,0,0,0,,2047,2047
Matthew Slater,805,804,804,169.9967232,0,0,0,,2048,2048
Matt Barkley,806,805,805,169.974845,0,0,0,,2049,2049
Josh Gordon,807,806,806,169.9962464,0,0,0.000704721635,,2050,2050
Brian Hoyer,808,807,807,169.9897327,0,0,0,,2056,2056
Jason Cabinda,809,808,808,169.9911818,0,0,0,,2089,2089
Jamal Agnew,810,809,809,169.9978998,0,0,0,,2122,2122
Chester Rogers,811,810,810,169.9974827,0,0,0,,2146,2146
Rashard Higgins,812,811,811,169.99857,0,0,0,,2147,2147
Dwayne Washington,813,812,812,169.9940121,0,0,0,,2148,2148
Darren Waller,814,813,813,169.9006196,0,0,0.00422832981,,2149,2149
Mason Schreck,815,814,814,169.996008,0,0,0,,2150,2150
Jake Kumerow,816,815,815,169.9915245,0,0,0,,2151,2151
J.D. McKissic,817,816,816,169.9877111,0,0,0,,2152,2152
Richie James,818,817,817,170,0,0,0,,2153,2153
Malcolm Brown,819,818,818,169.9898561,0,0,0,,2154,2154
Dan Arnold,820,819,819,169.9902137,0,0,0,,2155,2155
Jacob Hollister,821,820,820,169.9962017,0,0,0,,2156,2156
Russell Gage,822,821,821,169.9906312,0,0,0,,2157,2157
Marcus Kemp,823,822,822,170,0,0,0,,2158,2158
Garrett Griffin,824,823,823,169.9892901,0,0,0,,2159,2159
Javon Wims,825,824,824,169.9970358,0,0,0,,2160,2160
Anthony Firkser,826,825,825,170.0029343,0,0,0,,2161,2161
Alex Erickson,827,826,826,169.9986445,0,0,0,,2162,2162
Marcus Johnson,828,827,827,169.994891,0,0,0,,2163,2163
Dontrell Hilliard,829,828,828,169.9954717,0,0,0,,2164,2164
Brandon Zylstra,830,829,829,170,0,0,0,,2165,2165
Alex Armah,831,830,830,169.9918671,0,0,0,,2166,2166
Derek Watt,832,831,831,169.9678553,0,0,0.0007052186178,,2167,2167
Davis Webb,833,832,832,169.994039,0,0,0,,2168,2168
Pharoh Cooper,834,833,833,169.9957697,0,0,0,,2169,2169
Cethan Carter,835,834,834,169.9970359,0,0,0,,2183,2183
Tanner Gentry,836,835,835,169.9937291,0,0,0,,2185,2185
Byron Pringle,837,836,836,169.9882926,0,0,0,,2188,2188
Mike Thomas,838,837,837,169.9990616,0,0,0,,2196,2196
Jonathan Williams,839,838,838,169.9914052,0,0,0,,2200,2200
Darrell Daniels,840,839,839,169.997721,0,0,0,,2202,2202
Stephen Anderson,841,840,840,169.9962315,0,0,0,,2203,2203
Breshad Perriman,842,841,841,169.9966039,0,0,0,,2236,2236
Hunter Renfrow,843,842,842,169.9906014,0,0,0.000704721635,,2237,2237
Tyler Kroft,844,843,843,169.9982721,0,0,0,,2238,2238
Keelan Cole Sr.,845,844,844,169.9977955,0,0,0,,2239,2239
Maxx Williams,846,845,845,169.9914946,0,0,0,,2240,2240
Jesse James,847,846,846,169.9992403,0,0,0.00140944327,,2241,2241
Nick Boyle,848,847,847,169.9979146,0,0,0,,2242,2242
Blake Bell,849,848,848,169.9914054,0,0,0,,2243,2243
Preston Williams,850,849,849,170,0,0,0,,2244,2244
Andre Roberts,851,850,850,170.0002532,0,0,0,,2245,2245
Trevon Wesco,852,851,851,169.9975423,0,0,0.000704721635,,2246,2246
Devine Ozigbo,853,852,852,169.9949802,0,0,0,,2247,2247
Richard Rodgers,854,853,853,169.9972443,0,0,0,,2248,2248
Trevor Siemian,855,854,854,169.9905371,0,0,0,,2249,2249
Ryan Griffin,856,855,855,169.9856191,0,0,0.0007067137809,,2250,2250
Darrel Williams,857,856,856,169.9943248,0,0,0.0007052186178,,2257,2257
Cullen Gillaspia,858,857,857,169.9933119,0,0,0,,2259,2259
Trace McSorley,859,858,858,169.8630464,0,0,0.003533568905,,2266,2266
Kevin White,860,859,859,170,0,0,0.000704721635,,2268,2268
Brandon Bolden,861,860,860,169.9964698,0,0,0,,2270,2270
Cameron Brate,862,861,861,169.9941162,0,0,0,,2277,2277
Nick Bellore,863,862,862,169.9951738,0,0,0,,2279,2279
Michael Gallup,864,863,863,169.9937293,0,0,0.000704721635,,2281,2281
Benny Snell Jr.,865,864,864,169.9887389,0,0,0,,2282,2282
Austin Seibert,866,865,865,169.972472,0,0,0.000718907261,,2283,2283
Ronald Jones,867,866,866,169.9931629,0,0,0,,2284,2284
Trenton Cannon,868,867,867,169.9965145,0,0,0,,2285,2285
Qadree Ollison,869,868,868,169.9895135,0,0,0,,2286,2286
Darrell Henderson Jr.,870,869,869,169.9842703,0,0,0,,2287,2287
Greg Joseph,871,870,870,169.9149818,0,0,0.001437814522,,2288,2288
Keke Coutee,872,871,871,169.9983913,0,0,0,,2289,2289
Damien Harris,873,872,872,169.9831687,0,0,0,,2290,2290
Justin Jackson,874,873,873,169.978551,0,0,0,,2291,2291
Dalvin Cook,875,874,874,169.8972667,0,0,0.004231311707,,2292,2292
Leonard Fournette,876,875,875,169.9460192,0,0,0.0007052186178,,2293,2293
Kareem Hunt,877,876,876,169.943055,0,0,0.0119887165,,2294,2294
Phillip Lindsay,878,877,877,169.9573688,0,0,0.0007052186178,,2295,2295
James Washington,879,878,878,169.9886799,0,0,0.000704721635,,2296,2296
Jordan Howard,880,879,879,169.9832276,0,0,0,,2297,2297
Sony Michel,881,880,880,169.9739931,0,0,0,,2298,2298
Michael Badgley,882,881,881,169.9588118,0,0,0.000718907261,,2299,2299
Marlon Mack,883,882,882,169.9882623,0,0,0,,2300,2300
Corey Davis,884,883,883,170.0018916,0,0,0,,2301,2301
Jordan Wilkins,885,884,884,169.9862961,0,0,0,,2302,2302
O.J. Howard,886,885,885,169.9932374,0,0,0,,2303,2303
Matt Breida,887,886,886,169.9750953,0,0,0.001410437236,,2304,2304
Geoff Swaim,888,887,887,169.9960229,0,0,0,,2305,2305
Kenyan Drake,889,888,888,169.9719516,0,0,0.001410437236,,2306,2306
Josh Lambo,890,889,889,169.9512459,0,0,0.000718907261,,2307,2307
Mike Davis,891,890,890,169.9897816,0,0,0,,2308,2308
Corey Clement,892,891,891,169.9859386,0,0,0,,2309,2309
Tevin Coleman,893,892,892,169.9909733,0,0,0,,2310,2310
Ty Montgomery II,894,893,893,169.981306,0,0,0.0007052186178,,2311,2311
Duke Johnson,895,894,894,169.9975422,0,0,0,,2312,2312
DeVante Parker,896,895,895,169.9940868,0,0,0,,2313,2313
Melvin Gordon III,897,896,896,169.9655172,0,0,0,,2314,2314
Kenny Golladay,898,897,897,169.9935652,0,0,0,,2316,2316
Michael Thomas,899,898,898,169.9817239,0,0,0.000704721635,,2317,2317
Robbie Chosen,900,899,899,169.9912866,0,0,0,,2318,2318
Willie Snead IV,901,900,900,169.9984063,0,0,0,,2319,2319
Damien Williams,902,901,901,169.9941907,0,0,0,,2320,2320
Martavis Bryant,903,902,902,169.9929545,0,0,0.000704721635,,2321,2321
David Johnson,904,903,903,169.9897667,0,0,0,,2322,2322
Jarvis Landry,905,904,904,169.9934311,0,0,0.000704721635,,2323,2323
Giovani Bernard,906,905,905,169.9929842,0,0,0,,2324,2324
Sammy Watkins,907,906,906,169.9964847,0,0,0.000704721635,,2325,2325
John Brown,908,907,907,169.9993148,0,0,0,,2326,2326
Marquise Goodwin,909,908,908,169.9955315,0,0,0,,2327,2327
Jerick McKinnon,910,909,909,169.9865942,0,0,0,,2328,2329
Cole Beasley,911,910,910,169.9920757,0,0,0.000704721635,,2329,2330
Brandon McManus,912,911,911,169.964966,0,0,0.007907979871,,2331,2332
Latavius Murray,913,912,912,169.9767781,0,0,0,,2332,2333
Brett Maher,914,913,913,169.9507205,0,0,0.000718907261,,2333,2334
Teddy Bridgewater,915,914,914,169.9520751,0,0,0,,2334,2335
Rex Burkhead,916,915,915,169.9809634,0,0,0.002115655853,,2335,2336
Nick Foles,917,916,916,169.9474688,0,0,0.0007067137809,,2336,2337
Mark Ingram II,918,917,917,169.9823636,0,0,0.0007052186178,,2337,2338
Julio Jones,919,918,918,169.9468534,0,0,0.00140944327,,2338,2339
A.J. Green,920,919,919,169.990884,0,0,0.00140944327,,2339,2340
Ryan Tannehill,921,920,920,169.9785557,0,0,0,,2340,2341
T.Y. Hilton,922,921,921,169.9967379,0,0,0,,2342,2343
Randall Cobb,923,922,922,169.9942952,0,0,0.000704721635,,2343,2344
Kyle Rudolph,924,923,923,169.9921649,0,0,0,,2344,2345
Marvin Jones Jr.,925,924,924,169.9962315,0,0,0,,2345,2346
Taiwan Jones,926,925,925,169.9945482,0,0,0,,2346,2347
Randy Bullock,927,926,926,169.9727559,0,0,0.000718907261,,2347,2348
Jimmy Graham,928,927,927,169.9735454,0,0,0.00140944327,,2348,2349
Mason Crosby,929,928,928,169.8777844,0,0,0.003594536305,,2349,2350
DeSean Jackson,930,929,929,169.9915543,0,0,0.000704721635,,2350,2351
Tom Brady,931,930,930,169.1133448,0,0,0.08339222615,,2351,2352
Matt Ryan,932,931,931,169.9416718,0,0,0.001413427562,,2352,2353
Robbie Gould,933,932,932,169.9796908,0,0,0.000718907261,,2353,2354
Ryan Succop,934,933,933,169.9616482,0,0,0.002156721783,,2354,2355
Penny Hart,935,934,934,169.9897967,0,0,0,,2355,2356
Taylor Bertolet,936,938,935,169.9940558,0,0,0.001437814522,,2357,2362
Joey Slye,937,947,936,169.9669784,0,0,0.002875629044,,2358,2390
Reggie Bonnafon,938,935,937,169.9879644,0,0,0,,2359,2358
Patrick Laird,939,937,938,169.9938481,0,0,0,,2360,2361
C.J. Board,940,936,939,169.9972741,0,0,0,,2362,2360
David Blough,941,939,940,169.9919825,0,0,0,,2369,2368
J.P. Holtz,942,940,941,169.9968421,0,0,0,,2370,2369
Kendall Blanton,943,941,942,169.9993893,0,0,0,,2373,2372
Jason Moore,944,942,943,170,0,0,0,,2374,2373
Jakob Johnson,945,943,944,169.9960229,0,0,0,,2377,2376
Cody Hollister,946,944,945,169.9977955,0,0,0,,2384,2383
Brandon Dillon,947,945,946,169.998287,0,0,0,,2387,2386
Austin Walter,948,946,947,169.993446,0,0,0.005641748942,,2389,2388
Ke'Shawn Vaughn,949,948,948,169.9950251,0,0,0.0007052186178,,2391,2391
Joshua Kelley,950,949,949,169.987041,0,0,0,,2392,2392
Lynn Bowden Jr.,951,951,950,170,0,0,0,,2393,2394
Eno Benjamin,952,952,951,169.9948015,0,0,0,,2394,2395
Bryan Edwards,953,953,952,169.9972741,0,0,0,,2402,2403
Devin Asiasi,954,954,953,169.9973486,0,0,0,,2403,2404
Joe Reed,955,955,954,169.9876071,0,0,0,,2404,2405
Brycen Hopkins,956,956,955,169.9919117,0,0,0.000704721635,,2405,2406
Dezmon Patmon,957,957,956,170,0,0,0,,2414,2415
Ben DiNucci,958,958,957,169.9036868,0,0,0.001413427562,,2416,2417
Jake Fromm,959,959,958,169.9457707,0,0,0,,2418,2419
Anthony McFarland Jr.,960,950,959,169.9967231,0,0,0.004231311707,,2421,2393
Kirk Merritt,961,960,960,169.9945482,0,0,0,,2422,2422
Jared Pinkney,962,961,961,169.9936396,0,0,0,,2423,2423
Rodrigo Blankenship,963,962,962,169.9174722,0,0,0.002156721783,,2425,2425
Noah Togiai,964,963,963,169.9960974,0,0,0,,2426,2426
Ben Ellefson,965,965,964,169.9924035,0,0,0,,2436,2429
Antonio Williams,966,966,965,169.998004,0,0,0,,2437,2438
Kevin Rader,967,967,966,169.9937143,0,0,0,,2438,2439
Chris Streveler,968,964,967,169.972043,0,0,0,,2439,2427
Matt Sokol,969,968,968,169.9975274,0,0,0,,2440,2440
Chris Myarick,970,970,969,169.9971104,0,0,0,,2441,2443
Kendall Hinton,971,969,970,169.9955463,0,0,0,,2445,2442
Tony Brown,972,971,971,169.9980934,0,0,0,,2447,2444
Tristan Vizcaino,973,972,972,169.9973582,0,0,0.000718907261,,2455,2447
Matthew Wright,974,973,973,169.9803822,0,0,0.000718907261,,2456,2448
Amari Rodgers,975,974,974,169.9878605,0,0,0,,2460,2460
Javian Hawkins,976,975,975,169.989752,0,0,0,,2462,2462
Larry Rountree III,977,976,976,169.9934907,0,0,0,,2465,2465
Gary Brightwell,978,977,977,169.9964551,0,0,0,,2466,2466
Kellen Mond,979,978,978,169.9618056,0,0,0,,2467,2467
Demetric Felton,980,979,979,169.9933568,0,0,0.0007052186178,,2468,2468
Dazz Newsome,981,980,980,169.9979296,0,0,0,,2469,2469
Shi Smith,982,981,981,169.9936101,0,0,0,,2470,2470
Kylin Hill,983,982,982,169.9962762,0,0,0,,2471,2471
Tre Nixon,984,983,983,170,0,0,0,,2483,2483
Sage Surratt,985,984,984,169.994161,0,0,0,,2486,2486
Gerrid Doaks,986,985,985,170.0003426,0,0,0,,2489,2489
Marquez Stevenson,987,986,986,169.9921055,0,0,0,,2495,2495
Matt Ammendola,988,987,987,169.9875113,0,0,0.000718907261,,2497,2497
Ty'Son Williams,989,988,988,170,0,0,0,,2498,2498
Cade Johnson,990,989,989,169.9985403,0,0,0,,2499,2499
Quinn Nordin,991,990,990,169.9862356,0,0,0.002875629044,,2500,2500
Trinity Benson,992,991,991,169.9947271,0,0,0,,2502,2502
Nate McCrary,993,992,992,169.9988382,0,0,0,,2503,2503
Mekhi Sargent,994,993,993,169.994027,0,0,0,,2504,2504
Godwin Igwebuike,995,994,994,169.9906755,0,0,0.0007052186178,,2505,2505
Derrick Gore,996,995,995,169.9896923,0,0,0,,2506,2506
Tory Carter,997,996,996,169.999151,0,0,0,,2507,2507
Riley Patterson,998,997,997,169.9623553,0,0,0,,2508,2508
Deon Jackson,999,998,998,169.9975126,0,0,0,,2509,2509