Aug 12,index,PPR,STD,ADP,Std auction,ppr auction,aav,,STD,PPR
Ja'Marr Chase,1,1,1,1.600862799,57,57,58.73192771,,1,1
Bijan Robinson,2,2,2,3.226475543,56,56,55.74578313,,2,2
Justin Jefferson,3,3,3,4.699678644,55,55,54.06927711,,3,3
Saquon Barkley,4,4,4,3.556345435,55,55,56.69819277,,4,4
Jahmyr Gibbs,5,5,5,5.421916234,54,54,54.02891566,,5,5
CeeDee Lamb,6,6,6,7.024189779,53,53,51.18012048,,6,6
Christian McCaffrey,7,7,7,8.370621403,53,53,49.38433735,,7,7
Puka Nacua,8,8,8,10.06788392,52,52,47.1186747,,8,8
Malik Nabers,9,9,9,11.84929693,51,51,46.67590361,,9,9
Amon-Ra St. Brown,10,10,10,10.48685364,50,50,47.62168675,,10,10
Ashton Jeanty,11,11,12,13.67987107,46,48,44.2313253,,12,11
Nico Collins,12,13,13,16.06566429,45,45,40.93554217,,13,13
De'Von Achane,13,12,18,14.44629467,37,46,41.91325301,,18,12
Derrick Henry,14,19,11,15.44164305,48,36,39.07349398,,11,19
Brian Thomas Jr.,15,14,14,19.00281427,43,43,38.52168675,,14,14
A.J. Brown,16,15,15,18.87290628,42,42,37.55662651,,15,15
Jonathan Taylor,17,17,17,19.6801153,38,38,35.73975904,,17,17
Drake London,18,16,16,22.49975655,40,40,35.22650602,,16,16
Josh Jacobs,19,18,19,20.51056599,36,37,34.60120482,,19,18
Brock Bowers,20,20,20,20.77315,35,35,33.33614458,,20,20
Trey McBride,21,21,21,26.19186273,34,34,29.32349398,,21,21
Bucky Irving,22,22,23,25.17006193,32,33,30.85060241,,23,22
Tee Higgins,23,24,24,28.50128059,32,32,26.9873494,,24,24
Josh Allen,24,28,28,20.9028204,29,29,30.24366707,,28,28
Tyreek Hill,25,25,26,30.20277153,30,31,27.53674699,,26,25
Lamar Jackson,26,29,29,21.90071606,28,28,29.79372738,,30,30
Ladd McConkey,27,26,27,33.42968712,30,30,25.94638554,,27,26
Kyren Williams,28,32,22,28.45107166,33,25,29.28674699,,22,36
Davante Adams,29,27,25,35.87501948,31,30,24.55120482,,25,27
Jayden Daniels,30,30,30,27.87035305,27,27,25.60193004,,32,32
Chase Brown,31,23,32,33.42414475,25,32,25.68795181,,36,23
Jalen Hurts,32,31,31,29.55217933,26,26,24.18636912,,34,34
James Cook,33,33,33,35.60690045,24,24,21.87108434,,37,37
Jaxon Smith-Njigba,34,34,36,38.78994264,22,23,20.13192771,,40,38
Joe Burrow,35,39,39,33.69184081,21,21,20.49276236,,43,43
Terry McLaurin,36,35,34,47.5798438,23,22,17.49096386,,38,39
George Kittle,37,40,40,35.87319596,20,20,18.68614458,,45,45
Kenneth Walker III,38,37,38,43.22134149,21,22,19.28313253,,42,41
Omarion Hampton,39,38,37,47.79232844,22,21,19.06746988,,41,42
Mike Evans,40,45,35,46.87298419,22,17,15.8746988,,39,50
Garrett Wilson,41,36,48,44.47796788,14,22,18.09457831,,53,40
Alvin Kamara,42,41,43,44.00006817,18,19,17.58072289,,48,46
Chuba Hubbard,43,42,41,50.74318073,19,19,16.26084337,,46,47
James Conner,44,43,42,55.62315947,19,18,14.88975904,,47,48
DK Metcalf,45,47,46,48.90747612,15,15,13.43493976,,51,52
Breece Hall,46,44,45,54.20660441,17,17,15.14879518,,50,49
Marvin Harrison Jr.,47,46,47,50.43380205,15,15,14.51746988,,52,51
Xavier Worthy,48,50,50,57.74208061,13,13,10.69457831,,55,55
Ja'Corey Brooks,49,0,0,169.945019,0,0,0.004216867,,0,0
Joe Mixon,50,51,44,66.65200074,17,12,10.3373494,,49,56
DJ Moore,51,48,53,62.49494586,11,14,10.57048193,,58,53
Zay Flowers,52,53,49,63.87255818,13,11,9.13373494,,54,58
D'Andre Swift,53,52,52,66.70107119,11,11,9.153614458,,57,57
Sam LaPorta,54,61,61,48.11884428,8,8,9.508433735,,67,67
Rashee Rice,55,49,54,69.19115972,10,13,9.522891566,,59,54
Patrick Mahomes,56,62,62,50.98598081,8,8,10.31121834,,68,68
Courtland Sutton,57,54,55,70.10722876,10,10,8.696385542,,60,59
Calvin Ridley,58,55,51,75.07681596,12,10,7.410240964,,56,60
DeVonta Smith,59,56,58,71.77404371,9,10,7.877710843,,63,61
Baker Mayfield,60,63,63,60.26693685,8,8,7.993365501,,70,70
Jaylen Waddle,61,57,57,81.33732922,10,10,6.593975904,,62,62
Jameson Williams,62,59,56,80.49573956,10,9,6.730722892,,61,64
George Pickens,63,60,60,78.14966404,9,9,6.928313253,,66,66
Jerry Jeudy,64,58,65,81.45041729,7,9,6.003012048,,74,63
T.J. Hockenson,65,69,69,65.75307247,6,6,5.792771084,,78,78
Travis Hunter,66,66,66,72.80555934,7,7,6.459036145,,75,75
David Montgomery,67,68,67,73.98384427,7,6,6.389156627,,76,77
Rome Odunze,68,64,59,91.90139254,9,7,4.412048193,,64,72
TreVeyon Henderson,69,67,68,78.72566242,6,7,7.613855422,,77,76
Tetairoa McMillan,70,65,64,86.11831611,7,7,5.398795181,,72,74
Aaron Jones Sr.,71,70,80,83.74187831,4,6,5.880722892,,91,79
Travis Kelce,72,83,84,65.23403613,4,4,6.102409639,,95,94
RJ Harvey,73,72,72,95.65497463,6,6,4.971686747,,81,81
Tony Pollard,74,71,71,98.30967893,6,6,3.776506024,,80,80
Kaleb Johnson,75,80,70,92.86749827,6,4,5.195783133,,79,91
Cooper Kupp,76,76,75,94.19626632,5,5,3.989156627,,85,87
Chris Godwin,77,73,73,102.9461865,6,6,3.444578313,,82,82
Jakobi Meyers,78,74,76,99.75615219,5,5,3.157831325,,87,83
Mark Andrews,79,85,83,81.11033744,4,4,3.795783133,,94,97
Isiah Pacheco,80,81,81,88.79160377,4,4,4.723493976,,92,92
David Njoku,81,84,85,81.29877782,4,4,3.315060241,,97,95
Matthew Golden,82,78,74,101.6375375,5,4,2.859638554,,83,89
Bo Nix,83,87,87,79.79322338,3,3,4.878769602,,99,99
Chris Olave,84,75,78,103.860074,4,5,3.007831325,,89,86
Jordan Addison,85,79,79,112.0101859,4,4,2.289156627,,90,90
Kyler Murray,86,88,88,93.47738831,3,3,3.191797346,,101,101
Stefon Diggs,87,77,96,99.80829122,2,5,3.254216867,,112,88
Brock Purdy,88,89,89,95.96936101,3,3,2.766586248,,103,103
Brian Robinson Jr.,89,91,82,105.901936,4,3,2.886746988,,93,106
Tyrone Tracy Jr.,90,82,90,106.9100497,3,4,2.653614458,,105,93
Deebo Samuel,91,98,77,110.9550288,5,2,2.337951807,,88,114
Jaylen Warren,92,90,91,113.8530251,3,3,1.88313253,,106,105
Evan Engram,93,86,113,93.8824171,2,4,3.026506024,,138,98
Javonte Williams,94,92,92,116.9061341,3,3,1.813253012,,107,107
J.K. Dobbins,95,94,94,118.3223874,3,3,1.819277108,,109,109
Rhamondre Stevenson,96,93,93,121.0286977,3,3,1.510843373,,108,108
Cam Skattebo,97,95,95,116.0342773,3,3,1.786144578,,111,111
Justin Herbert,98,103,103,107.7411662,2,2,2.082629674,,120,120
Tucker Kraft,99,113,86,112.1136246,4,2,1.631325301,,98,138
Khalil Shakir,100,96,100,120.2666693,2,2,1.424698795,,116,112
Jauan Jennings,101,97,98,122.3987029,2,2,1.372289157,,114,113
Ricky Pearsall,102,99,99,122.2813057,2,2,1.537349398,,115,115
Keon Coleman,103,100,97,123.1032905,2,2,1.24939759,,113,117
Michael Pittman Jr.,104,101,102,126.2236116,2,2,1.18313253,,119,118
Jayden Reed,105,102,101,130.7925601,2,2,1.06626506,,118,119
Dak Prescott,106,105,105,117.6505952,2,2,2.234016888,,126,126
Caleb Williams,107,104,104,125.7887753,2,2,1.385404101,,122,122
Justin Fields,108,106,106,125.5384181,2,2,1.608564536,,128,128
Keenan Allen,109,107,107,133.6018873,2,2,1.092771084,,130,130
Darnell Mooney,110,108,108,138.0251441,2,2,0.929518072,,131,131
Emeka Egbuka,111,112,112,128.9568706,2,2,1.553614458,,137,137
Josh Downs,112,109,109,140.2723192,2,2,0.965060241,,132,132
Rashid Shaheed,113,110,110,138.495126,2,2,0.940963855,,135,135
Jayden Higgins,114,111,111,140.6422736,2,2,0.945180723,,136,136
Austin Ekeler,115,114,115,135.4171998,2,2,0.989759036,,141,139
Travis Etienne Jr.,116,115,117,129.7920185,2,2,1.33253012,,144,142
Tank Bigsby,117,117,114,141.7615347,2,2,1.062048193,,139,144
Tyjae Spears,118,116,116,144.103497,2,2,0.907228916,,143,143
Jared Goff,119,123,123,127.5907838,1,1,1.661640531,,153,153
Jordan Mason,120,120,118,143.6345762,2,2,1.195783133,,145,148
Jordan Love,121,122,122,134.8295777,1,1,1.31544029,,151,151
Jerome Ford,122,118,119,146.2564442,2,2,0.952409639,,146,145
Drake Maye,123,121,121,142.1487413,1,1,1.229191797,,149,149
Rachaad White,124,119,120,147.1495637,2,2,0.892771084,,148,146
Colston Loveland,125,125,125,126.8790741,1,1,1.337349398,,158,158
Dallas Goedert,126,126,126,124.9507231,1,1,1.108433735,,159,159
J.J. McCarthy,127,124,124,140.1411996,1,1,1.290711701,,155,155
Tyler Warren,128,129,129,133.1828549,1,1,1.527108434,,162,162
Dalton Kincaid,129,128,128,136.5768695,1,1,1.084939759,,161,161
Quinshon Judkins,130,131,131,148.0665297,1,1,0.903614458,,165,165
Kyle Pitts Sr.,131,142,127,139.7848121,1,1,1.028313253,,160,180
Jake Ferguson,132,127,142,143.6727305,1,1,0.918674699,,180,160
Trey Benson,133,130,130,157.94647,1,1,0.757228916,,164,164
Zach Charbonnet,134,133,134,155.0522544,1,1,0.858433735,,168,167
Dylan Sampson,135,132,132,161.6161082,1,1,0.657228916,,166,166
Tyler Allgeier,136,134,133,163.7228233,1,1,0.568072289,,167,168
Adam Thielen,137,136,136,155.6264279,1,1,0.553614458,,172,172
Xavier Legette,138,137,137,159.735651,1,1,0.437349398,,173,173
Cedric Tillman,139,138,138,164.4136081,1,1,0.31686747,,174,174
Brandon Aiyuk,140,140,140,161.1198851,1,1,0.423493976,,177,177
Hollywood Brown,141,139,139,165.1918159,1,1,0.295783133,,175,175
Hunter Henry,142,141,141,159.6593758,1,1,0.271084337,,179,179
C.J. Stroud,143,145,145,144.4800386,1,1,0.970446321,,188,188
Najee Harris,144,146,135,161.7724249,1,1,0.577108434,,171,190
Tua Tagovailoa,145,143,143,162.9555653,1,1,0.281664656,,181,181
Jaydon Blue,146,135,146,167.2153061,1,1,0.219277108,,190,171
Matthew Stafford,147,144,144,163.7465829,1,1,0.213510253,,183,183
Texans D/ST,148,169,169,95.67093702,0,0,2.096615385,,223,223
Steelers D/ST,149,170,170,96.96985226,0,0,2.412307692,,226,226
Jaylen Wright,150,147,147,168.5552288,1,1,0.109638554,,191,191
Braelon Allen,151,149,149,167.1348025,1,1,0.168674699,,193,193
Broncos D/ST,152,171,171,99.1974476,0,0,2.756923077,,227,227
Bhayshul Tuten,153,148,148,169.3481932,1,1,0.084337349,,192,192
Isaac Guerendo,154,150,150,167.7943714,1,1,0.203614458,,196,196
Jack Bech,155,152,152,166.5514699,1,1,0.181325301,,198,198
MarShawn Lloyd,156,151,151,170.3081021,1,1,0.056024096,,197,197
Marvin Mims Jr.,157,154,154,164.7331925,1,1,0.227108434,,200,200
Wan'Dale Robinson,158,153,153,167.788667,1,1,0.097590361,,199,199
Rashod Bateman,159,156,156,166.5027315,1,1,0.112048193,,204,204
Kyle Williams,160,155,155,168.995316,1,1,0.102409639,,203,203
Vikings D/ST,161,172,172,119.4341138,0,0,1.582153846,,228,228
Luther Burden III,162,157,157,166.9968546,1,1,0.152409639,,205,205
Ravens D/ST,163,174,174,117.6509498,0,0,1.664,,230,230
Jalen McMillan,164,158,158,169.4672996,1,1,0.080722892,,206,206
Tre Harris,165,159,159,169.078156,1,1,0.093373494,,207,207
Jake Bates,166,181,181,105.8791209,0,0,1.915222772,,240,240
Ray Davis,167,160,160,168.7814393,1,1,0.130722892,,211,211
Roschon Johnson,168,161,161,170.3447205,0,0,0.058433735,,212,212
Brandon Aubrey,169,184,184,109.2103945,0,0,2.451113861,,243,243
Will Shipley,170,162,162,170.0068653,0,0,0.043975904,,213,213
Seahawks D/ST,171,173,173,138.5823099,0,0,0.940307692,,229,229
Chase McLaughlin,172,182,182,116.2495384,0,0,1.413366337,,241,241
Michael Wilson,173,163,163,170.6796541,0,0,0.031325301,,214,214
Eagles D/ST,174,177,177,126.9500128,0,0,1.503384615,,236,236
Pat Bryant,175,164,164,170.5232007,0,0,0.036746988,,215,215
Zach Ertz,176,167,166,160.5444223,0,0,0.253614458,,220,221
Cameron Dicker,177,183,183,120.6229217,0,0,1.616336634,,242,242
Darren Waller,178,166,165,168.6807841,0,0,0.086144578,,217,220
Lions D/ST,179,176,176,136.3331337,0,0,1.046153846,,235,235
Chig Okonkwo,180,165,167,167.6067662,0,0,0.078313253,,221,218
Jonnu Smith,181,168,168,164.2076642,0,0,0.154819277,,222,222
Patriots D/ST,182,175,175,148.9780003,0,0,0.859692308,,233,233
Bills D/ST,183,178,178,149.5605851,0,0,0.795076923,,237,237
Jason Sanders,184,185,185,147.319142,0,0,0.891089109,,245,245
Jake Elliott,185,187,187,141.0208106,0,0,0.998762376,,249,249
Colts D/ST,186,179,179,164.1902322,0,0,0.433230769,,238,238
Chris Boswell,187,188,188,142.2784833,0,0,1.106435644,,250,250
Jets D/ST,188,180,180,165.736033,0,0,0.312615385,,239,239
Tyler Bass,189,186,186,150.8296161,0,0,0.82549505,,248,248
Harrison Butker,190,189,189,147.8411263,0,0,0.89480198,,252,252
Cairo Santos,191,190,190,165.3046463,0,0,0.456683168,,255,255
Tyler Loop,192,191,191,164.0070118,0,0,0.411509901,,256,256
Matt Gay,193,192,192,164.5461134,0,0,0.334777228,,257,257
Christian Kirk,194,193,193,169.7238209,0,0,0.057228916,,260,260
Romeo Doubs,195,194,194,169.6928493,0,0,0.052409639,,261,261
Justice Hill,196,195,195,169.9077975,0,0,0.042168675,,266,266
Kareem Hunt,197,196,196,169.0397908,0,0,0.106024096,,267,267
Tyler Lockett,198,197,197,169.6812839,0,0,0.035542169,,270,270
Trevor Lawrence,199,198,198,165.5776788,0,0,0.274427021,,273,273
Cameron Ward,200,199,199,162.3676961,0,0,0.279252111,,276,276
Michael Penix Jr.,201,200,200,166.4709733,0,0,0.2026538,,281,281
DeMario Douglas,202,201,201,170.2581192,0,0,0.03313253,,283,283
Nick Westbrook-Ikhine,203,202,202,170.6239543,0,0,0.015662651,,286,286
Joshua Palmer,204,203,203,170.3756464,0,0,0.025903614,,287,287
Diontae Johnson,205,204,204,170.5953626,0,0,0.014457831,,289,289
Brandin Cooks,206,205,205,170.4828654,0,0,0.015662651,,293,293
Brenton Strange,207,206,207,169.6397047,0,0,0.058433735,,297,296
Darius Slayton,208,208,208,170.5071041,0,0,0.013253012,,298,298
DeAndre Hopkins,209,209,209,169.0575633,0,0,0.068072289,,302,302
Cade Otton,210,215,206,169.464693,0,0,0.048795181,,295,310
Mason Taylor,211,207,215,170.2200485,0,0,0.018072289,,310,297
Quentin Johnston,212,210,210,170.2827637,0,0,0.03253012,,304,304
Nick Chubb,213,213,213,165.5977388,0,0,0.262048193,,307,307
Dont'e Thornton Jr.,214,211,211,170.201488,0,0,0.027108434,,305,305
Blake Corum,215,212,212,170.2270133,0,0,0.027710843,,306,306
Woody Marks,216,214,214,170.4674944,0,0,0.027108434,,308,308
Bryce Young,217,218,218,166.7307231,0,0,0.169481303,,313,313
Dalton Schultz,218,217,217,169.2373764,0,0,0.021686747,,312,312
Geno Smith,219,219,219,169.3040479,0,0,0.095295537,,315,315
Anthony Richardson Sr.,220,220,220,169.5594848,0,0,0.074185766,,317,317
Kendre Miller,221,221,221,170.4078254,0,0,0.012650602,,319,319
Rico Dowdle,222,222,222,170.1270645,0,0,0.027108434,,320,320
Raheem Mostert,223,223,223,170.2399038,0,0,0.009638554,,321,321
Adonai Mitchell,224,224,224,170.2246838,0,0,0.013855422,,322,322
Miles Sanders,225,225,225,170.2797823,0,0,0.011445783,,324,324
Jacory Croskey-Merritt,226,226,226,170.0067581,0,0,0.030722892,,325,325
Amari Cooper,227,227,227,170.1705702,0,0,0.007228916,,326,326
Gabe Davis,228,228,228,170.397431,0,0,0.005421687,,327,327
Dyami Brown,229,229,229,170.3833906,0,0,0.008433735,,328,328
Josh Reynolds,230,230,230,170.4055917,0,0,0.006024096,,329,329
Ray-Ray McCloud III,231,231,231,170.2811651,0,0,0.009036145,,330,330
Tutu Atwell,232,232,232,170.3068294,0,0,0.005421687,,331,331
Calvin Austin III,233,233,233,170.1912413,0,0,0.007228916,,332,332
Christian Watson,234,234,234,170.1627438,0,0,0.004216867,,333,333
Giants D/ST,235,235,235,166.5466353,0,0,0.115692308,,335,335
Ka'imi Fairbairn,236,237,237,165.1657582,0,0,0.259282178,,338,338
Buccaneers D/ST,237,236,236,167.6697983,0,0,0.102769231,,337,337
Pat Freiermuth,238,216,258,168.2979442,0,0,0.051807229,,365,311
Elijah Arroyo,239,258,216,169.6039498,0,0,0.054819277,,311,365
Joshua Karty,240,238,238,169.6815481,0,0,0.063118812,,339,339
DJ Giddens,241,239,239,170.3723136,0,0,0.009036145,,340,340
Trevor Etienne,242,240,240,170.1401096,0,0,0.006024096,,342,342
Jarquez Hunter,243,241,241,170.2674892,0,0,0.006626506,,343,343
Sincere McCormick,244,242,242,170.2848281,0,0,0.003614458,,344,344
Antonio Gibson,245,243,243,170.1635618,0,0,0.004819277,,345,345
Jaleel McLaughlin,246,244,244,170.1857673,0,0,0.003614458,,346,346
Devin Singletary,247,245,245,170.1349635,0,0,0.004216867,,348,348
Samaje Perine,248,246,246,170.1998306,0,0,0.009036145,,350,350
Ty Johnson,249,247,247,170.1836747,0,0,0.003614458,,351,351
Elijah Mitchell,250,248,248,170.1329769,0,0,0.004216867,,352,352
Kenneth Gainwell,251,249,249,170.1708265,0,0,0.003614458,,353,353
Clyde Edwards-Helaire,252,250,250,170.1689211,0,0,0.003012048,,355,355
Ollie Gordon II,253,251,251,170.1693998,0,0,0.006626506,,356,356
Noah Brown,254,252,252,170.1792632,0,0,0.003614458,,357,357
Allen Lazard,255,253,253,170.1482661,0,0,0.006024096,,358,358
Cardinals D/ST,256,254,254,168.850508,0,0,0.112615385,,359,359
Packers D/ST,257,255,255,167.5352326,0,0,0.091076923,,361,361
Brandon McManus,258,256,256,168.7594355,0,0,0.051980198,,363,363
Evan McPherson,259,257,257,166.8391358,0,0,0.15470297,,364,364
Mike Gesicki,260,259,260,169.5159176,0,0,0.045180723,,367,366
Alec Pierce,261,261,261,170.1470362,0,0,0.008433735,,369,369
KaVontae Turpin,262,262,262,169.9236417,0,0,0.010843373,,370,370
Andrei Iosivas,263,263,263,170.0566273,0,0,0.007228916,,371,371
Jalen Tolbert,264,264,264,170.117403,0,0,0.001807229,,372,372
Sean Tucker,265,265,265,170.173084,0,0,0.004216867,,376,376
Keaton Mitchell,266,266,266,170.0513872,0,0,0.008433735,,378,378
Sam Darnold,267,267,267,168.9408739,0,0,0.109167672,,379,379
Aaron Rodgers,268,268,268,168.2220761,0,0,0.111580217,,383,383
Russell Wilson,269,269,269,169.7750521,0,0,0.018697226,,385,385
Tyler Shough,270,270,270,170.0650579,0,0,0.013872135,,388,388
Isaiah Likely,271,290,259,167.7764663,0,0,0.080722892,,366,414
Tyler Higbee,272,260,289,169.6934119,0,0,0.025903614,,412,367
Jaylin Noel,273,271,271,170.1492633,0,0,0.003012048,,390,390
Jalen Coker,274,272,272,170.1103591,0,0,0.006626506,,391,391
Tre Tucker,275,273,273,170.12305,0,0,0.003012048,,392,392
Van Jefferson,276,274,274,170.1156037,0,0,0.002409639,,393,393
Greg Dortch,277,275,275,170.1443902,0,0,0.001807229,,395,395
Devin Neal,278,276,276,170.1378115,0,0,0.003012048,,396,396
Kyle Juszczyk,279,277,277,170.0197006,0,0,0.001807229,,397,397
Emari Demercado,280,278,278,170.1700669,0,0,0.002409639,,398,398
Kyle Monangai,281,279,279,170.0902124,0,0,0.009036145,,399,399
Chris Brooks,282,280,280,170.068811,0,0,0.001807229,,401,401
Alec Ingold,283,281,281,170.1339215,0,0,0.001807229,,403,403
Dare Ogunbowale,284,282,282,170.123521,0,0,0.002409639,,404,404
Tahj Brooks,285,283,283,170.0756451,0,0,0.006626506,,405,405
Chiefs D/ST,286,285,285,165.5389682,0,0,0.201846154,,408,408
Jordan Whittington,287,284,284,170.1072343,0,0,0.002409639,,406,406
Bears D/ST,288,286,286,168.5503166,0,0,0.035692308,,409,409
Jason Myers,289,287,287,169.6272944,0,0,0.017945545,,410,410
Wil Lutz,290,288,288,168.9045108,0,0,0.089108911,,411,411
Theo Johnson,291,289,290,169.955506,0,0,0.004819277,,415,412
Juwan Johnson,292,291,291,170.0564055,0,0,0.004819277,,416,416
Ja'Tavion Sanders,293,292,292,169.8262991,0,0,0.007228916,,417,417
Tyler Conklin,294,293,293,170.0419925,0,0,0.004216867,,418,418
Jalen Nailor,295,294,294,170.036927,0,0,0.007228916,,419,419
Malik Washington,296,295,295,169.9998734,0,0,0.003012048,,421,421
Daniel Jones,297,296,296,170.0641239,0,0,0.010253317,,422,422
49ers D/ST,298,298,298,166.013351,0,0,0.116307692,,425,425
Rams D/ST,299,297,297,168.9278653,0,0,0.035076923,,424,424
Dolphins D/ST,300,299,299,169.7407255,0,0,0.008,,426,426
Chargers D/ST,301,300,300,169.2030236,0,0,0.041846154,,427,427
Jaxson Dart,302,301,301,168.9750317,0,0,0.044028951,,429,429
Kenny Pickett,303,302,302,170.0394661,0,0,0.005428227,,430,430
Brashard Smith,304,303,303,170.0975743,0,0,0.007831325,,431,431
Isaiah Davis,305,304,304,170.1223951,0,0,0.001807229,,432,432
Jordan James,306,305,305,170.0907869,0,0,0.004819277,,434,434
Hunter Luepke,307,306,306,170.1085218,0,0,0.001807229,,435,435
Pierre Strong Jr.,308,307,307,170.1086679,0,0,0.001807229,,436,436
AJ Dillon,309,308,308,169.9780206,0,0,0.007228916,,437,437
Emanuel Wilson,310,309,309,170.0535577,0,0,0.001807229,,438,438
Dillon Gabriel,311,310,310,170.0493731,0,0,0.003015682,,440,440
Michael Mayer,312,311,311,169.9647671,0,0,0.003614458,,441,441
Noah Fant,313,312,312,169.9130164,0,0,0.007228916,,442,442
Ben Sinnott,314,313,313,170.0121823,0,0,0.001807229,,443,443
Shedeur Sanders,315,315,315,166.6590712,0,0,0.272014475,,449,449
Joe Flacco,316,316,316,169.8694432,0,0,0.008443908,,450,450
AJ Barner,317,323,314,169.8876218,0,0,0.004216867,,445,459
Terrance Ferguson,318,314,323,169.8968926,0,0,0.004819277,,459,445
Spencer Rattler,319,317,317,169.9546017,0,0,0.005428227,,453,453
Kirk Cousins,320,318,318,169.7877539,0,0,0.010253317,,454,454
Jalen Milroe,321,319,319,169.7234557,0,0,0.009047045,,455,455
Khalil Herbert,322,320,320,169.9484063,0,0,0.001204819,,456,456
Kalel Mullings,323,321,321,169.9960366,0,0,0.001204819,,457,457
Jashaun Corbin,324,322,322,169.9906027,0,0,0,,458,458
Will Dissly,325,324,324,169.9402834,0,0,0.00060241,,460,460
Noah Gray,326,325,325,169.777952,0,0,0.009036145,,463,463
Dawson Knox,327,326,326,169.6264498,0,0,0.008433735,,465,465
Cole Kmet,328,327,328,169.6673094,0,0,0.004819277,,467,466
Austin Hooper,329,328,327,169.9072309,0,0,0.001204819,,466,467
Harold Fannin Jr.,330,329,329,169.9208499,0,0,0.009036145,,468,468
Luke Musgrave,331,330,330,169.8500687,0,0,0.003614458,,469,469
Foster Moreau,332,331,331,169.9867459,0,0,0.001204819,,470,470
Tommy Tremble,333,332,332,169.9481044,0,0,0.003614458,,471,471
Josh Oliver,334,334,333,169.9256853,0,0,0.004819277,,472,473
Oronde Gadsden II,335,333,334,169.9927256,0,0,0.007831325,,473,472
Tyrod Taylor,336,335,335,169.9868771,0,0,0.000603136,,475,475
Mason Rudolph,337,336,336,169.9309854,0,0,0.001809409,,477,477
Gardner Minshew,338,337,337,169.9538117,0,0,0.001809409,,478,478
Jameis Winston,339,338,338,169.8626918,0,0,0.009650181,,479,479
Jake Browning,340,339,339,169.9589264,0,0,0.000603136,,480,480
Jimmy Garoppolo,341,340,340,169.9500317,0,0,0.001206273,,482,482
Marcus Mariota,342,341,341,169.9722247,0,0,0.000603136,,483,483
Cam Little,343,345,345,160.4365597,0,0,0.350247525,,488,488
Sam Howell,344,342,342,169.9584011,0,0,0.002412545,,484,484
Joe Milton III,345,343,343,169.906535,0,0,0.001206273,,485,485
Kyle Trask,346,344,344,169.9777096,0,0,0.000603136,,486,486
Will Reichard,347,346,346,169.1930136,0,0,0.069925743,,489,489
Spencer Shrader,348,347,347,169.9191766,0,0,0.015470297,,490,490
Ryan Fitzgerald,349,348,348,169.781443,0,0,0.065594059,,491,491
Daniel Carlson,350,349,349,169.1848698,0,0,0.02289604,,492,492
Younghoe Koo,351,351,351,167.2655661,0,0,0.086633663,,495,495
Chad Ryland,352,350,350,169.8966167,0,0,0.004331683,,494,494
Andy Borregales,353,352,352,169.7351783,0,0,0.00990099,,496,496
Jake Moody,354,353,353,169.1948225,0,0,0.021039604,,497,497
Blake Grupe,355,354,354,169.8353941,0,0,0.001856436,,498,498
Joey Slye,356,355,355,169.9126523,0,0,0.003094059,,500,500
Graham Gano,357,356,356,169.6606661,0,0,0.004950495,,502,502
Nick Folk,358,357,357,169.7994657,0,0,0.011138614,,503,503
Dustin Hopkins,359,358,358,169.7267219,0,0,0.003712871,,504,504
Jaguars D/ST,360,359,359,169.6952437,0,0,0.014769231,,505,505
Cowboys D/ST,361,360,360,167.7376626,0,0,0.097230769,,507,507
Browns D/ST,362,361,361,169.0430766,0,0,0.027692308,,510,510
Titans D/ST,363,362,362,169.7641094,0,0,0.009230769,,512,512
Falcons D/ST,364,363,363,169.4364852,0,0,0.012307692,,513,513
Saints D/ST,365,364,364,169.7128286,0,0,0.009846154,,515,515
Commanders D/ST,366,365,365,168.8850647,0,0,0.028923077,,516,516
Raiders D/ST,367,366,366,169.5643842,0,0,0.054153846,,517,517
Bengals D/ST,368,367,367,169.2628381,0,0,0.020307692,,518,518
Panthers D/ST,369,368,368,169.4442645,0,0,0.013538462,,519,519
Parker Washington,370,369,369,169.9903205,0,0,0.003012048,,1055,1055
Elic Ayomanor,371,370,370,169.9900091,0,0,0.003012048,,1059,1059
Jermaine Burton,372,371,371,169.957844,0,0,0.00060241,,1066,1066
Tim Patrick,373,372,372,169.8975333,0,0,0.003614458,,1069,1069
Robert Woods,374,373,373,169.9443065,0,0,0.00060241,,1073,1073
Demarcus Robinson,375,374,374,169.9679998,0,0,0,,1074,1074
Curtis Samuel,376,375,375,169.9495652,0,0,0.001204819,,1075,1075
Chimere Dike,377,376,376,169.9949362,0,0,0,,1078,1078
Troy Franklin,378,377,377,169.9145292,0,0,0.002409639,,1079,1079
Tory Horton,379,378,378,169.8704268,0,0,0.020481928,,1083,1083
Roman Wilson,380,379,379,169.932155,0,0,0.004819277,,1088,1088
Kendrick Bourne,381,380,380,169.9475591,0,0,0.00060241,,1098,1098
Luke McCaffrey,382,381,381,169.8682916,0,0,0.013855422,,1099,1099
Devaughn Vele,383,382,382,169.9654303,0,0,0.00060241,,1100,1100
JuJu Smith-Schuster,384,383,383,169.845404,0,0,0.007228916,,1105,1105
Cade Stover,385,384,384,169.9544051,0,0,0.00060241,,1106,1106
Tai Felton,386,385,385,169.950502,0,0,0.003614458,,1108,1108
Elijah Higgins,387,386,386,169.9384051,0,0,0.004819277,,1109,1109
Josh Whyle,388,387,387,169.9855386,0,0,0,,1110,1110
Mack Hollins,389,388,388,169.9195711,0,0,0.00060241,,1111,1111
Scott Matlock,390,389,389,169.8737489,0,0,0.005421687,,1113,1113
Jaylin Lane,391,390,390,169.9493627,0,0,0.001204819,,1138,1138
Zay Jones,392,391,391,169.983737,0,0,0,,1142,1142
Elijah Moore,393,392,392,169.9348421,0,0,0.001807229,,1143,1143
Adam Trautman,394,393,393,169.9492526,0,0,0,,1146,1146
Luke Schoonmaker,395,394,394,169.9180617,0,0,0.00060241,,1152,1152
Marquez Valdes-Scantling,396,395,395,170.0278614,0,0,0.009036145,,1153,1153
Kalif Raymond,397,396,396,169.9367982,0,0,0.00060241,,1163,1163
KhaDarel Hodge,398,397,397,169.9697527,0,0,0.00060241,,1167,1167
Jahan Dotson,399,398,398,169.7670637,0,0,0.006626506,,1168,1168
Malachi Corley,400,399,399,169.9794627,0,0,0,,1169,1169
Julian Hill,401,400,400,169.9182272,0,0,0,,1171,1171
Jalen Royals,402,401,401,169.9200919,0,0,0.008433735,,1172,1172
Dontayvion Wicks,403,402,402,169.9275197,0,0,0.001204819,,1173,1173
Savion Williams,404,403,403,169.9610089,0,0,0,,1179,1179
Gunnar Helm,405,404,404,169.9595384,0,0,0.006024096,,1185,1185
Johnny Mundt,406,405,405,169.9815552,0,0,0,,1186,1186
Jake Bobo,407,406,406,169.9004275,0,0,0.010843373,,1199,1199
Charlie Woerner,408,407,407,169.9746214,0,0,0.00060241,,1202,1202
Derius Davis,409,408,408,169.9798615,0,0,0.00060241,,1206,1206
Grant Calcaterra,410,409,409,169.9242733,0,0,0.002409639,,1207,1207
Tim Jones,411,410,410,169.987389,0,0,0.00060241,,1211,1211
Arian Smith,412,411,411,169.97435,0,0,0,,1215,1215
Jonathan Mingo,413,412,412,169.9735609,0,0,0,,1221,1221
Jeremy Ruckert,414,413,413,169.9606182,0,0,0.001204819,,1223,1223
Dante Pettis,415,414,414,169.9979355,0,0,0,,1226,1226
Daniel Bellinger,416,415,415,169.9353083,0,0,0.00060241,,1227,1227
Drew Sample,417,416,416,169.9705215,0,0,0,,1240,1240
Colby Parkinson,418,417,417,169.992141,0,0,0,,1249,1249
Olamide Zaccheaus,419,418,418,169.9491075,0,0,0,,1251,1251
Justin Watson,420,419,419,169.991664,0,0,0,,1255,1255
Darnell Washington,421,420,420,169.8477816,0,0,0.010843373,,1256,1256
Tommy Mellott,422,421,421,169.9738346,0,0,0.003012048,,1260,1260
Hunter Renfrow,423,422,422,169.705282,0,0,0.018072289,,1264,1264
Mo Alie-Cox,424,423,423,169.9619516,0,0,0.00060241,,1272,1272
Michael Burton,425,424,424,169.9897163,0,0,0,,1274,1274
Jordan Watkins,426,425,425,169.971672,0,0,0.00060241,,1278,1278
Jamal Agnew,427,426,426,169.987496,0,0,0,,1280,1280
Brevyn Spann-Ford,428,427,427,169.9889275,0,0,0,,1282,1282
Brock Wright,429,428,428,169.9246336,0,0,0.001204819,,1286,1286
Payne Durham,430,429,429,169.9783809,0,0,0,,1288,1288
Pharaoh Brown,431,430,430,169.9864342,0,0,0,,1290,1290
Isaac TeSlaa,432,431,431,169.7187442,0,0,0.024096386,,1293,1293
C.J. Ham,433,432,432,169.9502371,0,0,0.005421687,,1294,1294
Brevin Jordan,434,433,433,169.9867559,0,0,0,,1295,1295
Ian Thomas,435,434,434,169.9809515,0,0,0,,1298,1298
John Bates,436,435,435,169.9577835,0,0,0.007228916,,1300,1300
Tip Reiman,437,436,436,169.9899698,0,0,0,,1301,1301
Luke Farrell,438,437,437,169.9682135,0,0,0,,1302,1302
Eric Saubert,439,438,438,169.9889273,0,0,0,,1303,1303
Damien Martinez,440,439,439,169.9720331,0,0,0.00060241,,1305,1305
Ty Chandler,441,440,440,169.9354154,0,0,0.004216867,,1306,1306
Austin Trammell,442,441,441,169.9992794,0,0,0,,1307,1307
Michael Gallup,443,442,442,169.9811563,0,0,0,,1308,1308
Ihmir Smith-Marsette,444,443,443,169.9750309,0,0,0.00060241,,1309,1309
Bryce Oliver,445,444,444,169.9988509,0,0,0,,1310,1310
Charlie Kolar,446,445,445,169.9709208,0,0,0.00060241,,1313,1313
Durham Smythe,447,446,446,169.983649,0,0,0,,1314,1314
DeeJay Dallas,448,447,447,169.9859573,0,0,0.001204819,,1317,1317
Scotty Miller,449,448,448,169.967698,0,0,0.001204819,,1318,1318
Jalin Hyatt,450,449,449,169.9349122,0,0,0.001204819,,1320,1320
Craig Reynolds,451,450,450,169.9391074,0,0,0.007831325,,1324,1324
Devin Duvernay,452,451,451,169.9689542,0,0,0,,1325,1325
Charlie Jones,453,452,452,169.9636378,0,0,0,,1326,1326
Jacob Cowing,454,453,453,169.9957737,0,0,0,,1327,1327
Rasheen Ali,455,454,454,169.9753243,0,0,0.00060241,,1328,1328
Patrick Ricard,456,455,455,169.9651465,0,0,0.00060241,,1329,1329
Jeremy McNichols,457,456,456,169.9745343,0,0,0,,1331,1331
Kimani Vidal,458,457,457,169.9848963,0,0,0.00060241,,1333,1333
Britain Covey,459,458,458,169.9931247,0,0,0,,1334,1334
Carson Steele,460,459,459,169.9310274,0,0,0.001807229,,1335,1335
Malik Heath,461,460,460,169.9774374,0,0,0,,1344,1344
Xavier Gipson,462,461,461,169.9884993,0,0,0,,1345,1345
Dee Eskridge,463,462,462,169.985636,0,0,0.001204819,,1346,1346
Nikko Remigio,464,463,463,169.9704155,0,0,0,,1347,1347
Audric Estime,465,464,464,169.959422,0,0,0.001204819,,1348,1348
Jared Wiley,466,465,465,169.9756155,0,0,0,,1349,1349
Tanner Conner,467,466,466,169.9800555,0,0,0,,1350,1350
Tanner Hudson,468,467,467,169.9699469,0,0,0.00060241,,1351,1351
Nate Adkins,469,468,468,169.9878758,0,0,0,,1353,1353
Gavin Bartholomew,470,469,469,169.9668614,0,0,0,,1354,1354
Ryan Flournoy,471,470,470,169.9826863,0,0,0,,1355,1355
Davis Allen,472,471,471,169.9732099,0,0,0,,1356,1356
Tylan Wallace,473,472,472,169.958466,0,0,0.001204819,,1358,1358
Lucas Krull,474,473,473,169.9891905,0,0,0,,1359,1359
KeAndre Lambert-Smith,475,474,474,169.8886747,0,0,0.009036145,,1360,1360
Mitchell Evans,476,475,475,169.9261849,0,0,0.00060241,,1361,1361
Hunter Long,477,476,476,169.986814,0,0,0.001204819,,1362,1362
Laviska Shenault Jr.,478,477,477,169.9753328,0,0,0,,1363,1363
Trent Sherfield Sr.,479,478,478,169.9748167,0,0,0,,1364,1364
David Martin-Robinson,480,479,479,169.9906415,0,0,0,,1365,1365
Jackson Hawes,481,480,480,169.9870385,0,0,0,,1366,1366
Connor Heyward,482,481,481,169.9682427,0,0,0,,1367,1367
Feleipe Franks,483,482,482,169.9838925,0,0,0,,1368,1368
Chris Manhertz,484,483,483,169.9843015,0,0,0,,1369,1369
Jaheim Bell,485,484,484,169.9788583,0,0,0,,1370,1370
Blake Whiteheart,486,485,485,169.9871746,0,0,0,,1371,1371
Brenden Bates,487,486,486,169.9917711,0,0,0,,1372,1372
John Metchie III,488,487,487,169.977408,0,0,0,,1374,1374
Devontez Walker,489,488,488,169.9565984,0,0,0.00060241,,1375,1375
Jack Stoll,490,489,489,169.9934168,0,0,0,,1376,1376
Simi Fehoko,491,490,490,169.9887038,0,0,0,,1377,1377
Kayshon Boutte,492,491,491,169.922193,0,0,0.002409639,,1378,1378
Cedrick Wilson Jr.,493,492,492,169.9832111,0,0,0,,1379,1379
Jamari Thrash,494,493,493,169.9638131,0,0,0,,1380,1380
Bub Means,495,494,494,169.978206,0,0,0,,1381,1381
David Moore,496,495,495,169.9668994,0,0,0,,1382,1382
Robbie Ouzts,497,496,496,169.9815662,0,0,0,,1383,1383
David Bell,498,497,497,169.9877983,0,0,0,,1384,1384
Drew Ogletree,499,498,498,169.9735225,0,0,0,,1385,1385
Ainias Smith,500,499,499,169.9491377,0,0,0.003012048,,1386,1386
Kylen Granson,501,500,500,169.9813799,0,0,0,,1387,1387
Johnny Wilson,502,501,501,169.9411444,0,0,0.002409639,,1388,1388
Anthony Gould,503,502,502,169.98513,0,0,0,,1389,1389
Stone Smartt,504,503,503,169.9829774,0,0,0,,1390,1390
Ashton Dulin,505,504,504,169.987681,0,0,0.001204819,,1391,1391
Tez Johnson,506,505,505,169.9465971,0,0,0.00060241,,1393,1393
Steven Sims,507,506,506,169.9906415,0,0,0.00060241,,1394,1394
DeAndre Carter,508,507,507,169.9858794,0,0,0,,1395,1395
Travis Homer,509,508,508,169.9671234,0,0,0.00060241,,1396,1396
Nick Mullens,510,509,509,169.9865946,0,0,0.001809409,,1398,1398
Jarrett Stidham,511,510,510,169.9655901,0,0,0,,1399,1399
Taylor Heinicke,512,511,511,169.9956939,0,0,0,,1400,1400
Malik Willis,513,512,512,169.9240586,0,0,0,,1401,1401
Zach Wilson,514,513,513,169.9496235,0,0,0.002412545,,1402,1402
Andy Dalton,515,514,514,169.947333,0,0,0,,1403,1403
Cooper Rush,516,515,515,169.9449559,0,0,0.000603136,,1404,1404
LeQuint Allen Jr.,517,516,516,169.9770968,0,0,0.00060241,,1405,1405
Jacoby Brissett,518,517,517,169.9861854,0,0,0,,1406,1406
Aidan O'Connell,519,518,518,169.9795026,0,0,0,,1407,1407
Drew Lock,520,519,519,169.9645282,0,0,0.001206273,,1408,1408
Hendon Hooker,521,520,520,169.933119,0,0,0.000603136,,1409,1409
Davis Mills,522,521,521,169.9757806,0,0,0.000603136,,1410,1410
Case Keenum,523,522,522,169.9747384,0,0,0,,1411,1411
Joshua Dobbs,524,523,523,169.8861318,0,0,0.005428227,,1412,1412
Mitchell Trubisky,525,524,524,169.9380389,0,0,0,,1413,1413
Tanner McKee,526,525,525,169.8971252,0,0,0.003618818,,1414,1414
Mac Jones,527,526,526,169.9522237,0,0,0.000603136,,1415,1415
Brandon Allen,528,527,527,169.9725656,0,0,0,,1416,1416
Raheem Blackshear,529,528,528,169.9440933,0,0,0,,1418,1418
Braxton Berrios,530,529,529,169.9550868,0,0,0,,1419,1419
Avery Williams,531,530,530,169.9718757,0,0,0,,1420,1420
Tyler Goodson,532,531,531,169.9825592,0,0,0.00060241,,1421,1421
Dylan Laube,533,532,532,169.9833867,0,0,0,,1422,1422
Xavier Smith,534,533,533,169.9795012,0,0,0,,1423,1423
Sterling Shepard,535,534,534,169.9571611,0,0,0.001807229,,1424,1424
Dameon Pierce,536,535,535,169.9489234,0,0,0.002409639,,1425,1425
Patrick Taylor Jr.,537,536,536,169.9714959,0,0,0,,1426,1426
Tom Kennedy,538,537,537,169.974096,0,0,0,,1427,1427
Eric Gray,539,538,538,169.9843219,0,0,0,,1428,1428
Mason Kinsey,540,539,539,169.9883919,0,0,0,,1429,1429
Trey Palmer,541,540,540,169.9685361,0,0,0.00060241,,1430,1430
Julius Chestnut,542,541,541,169.9459825,0,0,0,,1431,1431
LaJohntay Wester,543,542,542,169.8897188,0,0,0.001807229,,1432,1432
Isaiah Williams,544,543,543,169.9741944,0,0,0,,1433,1433
Jimmy Horn Jr.,545,544,544,169.8098391,0,0,0.006024096,,1434,1434
Tyler Scott,546,545,545,169.9701824,0,0,0,,1435,1435
Jha'Quan Jackson,547,546,546,169.9748074,0,0,0,,1436,1436
Chris Moore,548,547,547,169.9874862,0,0,0,,1454,1454
Zach Pascal,549,548,548,169.9781374,0,0,0,,1455,1455
Robert Tonyan,550,549,549,169.9888202,0,0,0.003614458,,1456,1456
Laquon Treadwell,551,550,550,169.9762774,0,0,0,,1457,1457
Nick Vannett,552,551,551,169.9866194,0,0,0.00060241,,1458,1458
Trent Taylor,553,552,552,169.9852562,0,0,0,,1459,1459
Keith Kirkwood,554,553,553,169.9707168,0,0,0,,1460,1460
Ross Dwelley,555,554,554,169.9939719,0,0,0,,1461,1461
Kyle Allen,556,555,555,169.971757,0,0,0.001809409,,1462,1462
Mike White,557,556,556,169.9862244,0,0,0,,1468,1468
Phillip Dorsett,558,557,557,169.9650105,0,0,0,,1473,1473
Taysom Hill,559,558,558,169.8109753,0,0,0.009036145,,1474,1474
Trayveon Williams,560,559,559,169.9787899,0,0,0,,1475,1475
Ameer Abdullah,561,560,560,169.9829191,0,0,0,,1476,1476
Brett Rypien,562,561,561,169.9843733,0,0,0.000603136,,1481,1481
Easton Stick,563,562,562,169.9844027,0,0,0.000603136,,1482,1482
Jeff Wilson Jr.,564,563,563,169.9853147,0,0,0,,1484,1484
Logan Woodside,565,564,564,169.990433,0,0,0,,1485,1485
Tim Boyle,566,565,565,169.9897902,0,0,0,,1486,1486
Mecole Hardman,567,566,566,169.9373046,0,0,0.001204819,,1489,1489
Equanimeous St. Brown,568,567,567,169.9315395,0,0,0,,1490,1490
Myles Gaskin,569,568,568,169.9798319,0,0,0,,1491,1491
Nyheim Miller-Hines,570,569,569,169.992891,0,0,0,,1492,1492
Miles Boykin,571,570,570,169.9779037,0,0,0,,1493,1493
Irv Smith Jr.,572,571,571,169.9786629,0,0,0,,1494,1494
Alexander Mattison,573,572,572,169.9743492,0,0,0.00060241,,1495,1495
DJ Chark,574,573,573,169.9643288,0,0,0,,1496,1496
Deshaun Watson,575,574,574,169.7995324,0,0,0.002412545,,1497,1497
Robbie Chosen,576,575,576,169.9433911,0,0,0,,1499,1498
Teddy Bridgewater,577,576,577,169.9401335,0,0,0,,1500,1499
Josh Johnson,578,577,578,169.9748551,0,0,0,,1501,1500
Tyree Jackson,579,578,579,169.9925987,0,0,0,,1502,1501
Lil'Jordan Humphrey,580,579,580,169.9492925,0,0,0.001204819,,1503,1502
Gunner Olszewski,581,580,581,169.9719249,0,0,0,,1504,1503
D'Ernest Johnson,582,581,582,169.9868435,0,0,0.00060241,,1505,1504
Andrew Beck,583,582,583,169.9883335,0,0,0,,1508,1507
Stephen Carlson,584,583,584,169.9931149,0,0,0,,1509,1508
Jakob Johnson,585,584,585,169.9942836,0,0,0,,1510,1509
Trenton Irwin,586,585,586,169.9753523,0,0,0,,1515,1514
Donald Parham Jr.,587,586,587,169.990427,0,0,0,,1516,1515
Cam Akers,588,587,588,169.9758976,0,0,0.001204819,,1517,1516
Jalen Reagor,589,588,589,169.9644356,0,0,0,,1518,1517
Ke'Shawn Vaughn,590,589,590,169.9902227,0,0,0.00060241,,1519,1518
Darrynton Evans,591,590,591,169.9846427,0,0,0,,1520,1519
KJ Hamler,592,591,592,169.9782348,0,0,0,,1521,1520
Tyler Johnson,593,592,593,169.9761216,0,0,0,,1522,1521
Quintez Cephus,594,593,594,169.9848863,0,0,0.00060241,,1527,1526
Josiah Deguara,595,594,595,169.9976628,0,0,0,,1528,1527
Harrison Bryant,596,595,596,169.9816331,0,0,0,,1529,1528
Donovan Peoples-Jones,597,596,597,169.9496928,0,0,0.00060241,,1530,1529
Dalton Keene,598,597,598,169.9956079,0,0,0.00060241,,1531,1530
Albert Okwuegbunam,599,598,599,169.980075,0,0,0,,1532,1531
Collin Johnson,600,599,600,169.9848958,0,0,0,,1533,1532
K.J. Osborn,601,600,601,169.9732001,0,0,0,,1534,1533
James Proche II,602,601,602,169.9852075,0,0,0,,1538,1537
Isaiah Hodgins,603,602,603,169.986454,0,0,0,,1544,1543
JaMycal Hasty,604,603,604,169.9898332,0,0,0,,1545,1544
J.J. Taylor,605,604,605,169.9146143,0,0,0.00060241,,1546,1545
Salvon Ahmed,606,605,606,169.9947803,0,0,0,,1547,1546
Reggie Gilliam,607,606,607,169.9866001,0,0,0,,1548,1547
Malik Taylor,608,607,608,169.9821989,0,0,0,,1549,1548
John Wolford,609,608,609,169.9900044,0,0,0,,1550,1549
Sean McKeon,610,609,610,169.9942543,0,0,0,,1551,1550
Trishton Jackson,611,610,611,169.9883043,0,0,0,,1552,1551
Jonathan Ward,612,612,612,169.9815558,0,0,0,,1560,1560
Lawrence Cager,613,613,613,169.9952281,0,0,0,,1561,1561
Matt Sokol,614,614,615,169.9948191,0,0,0,,1563,1562
Tyler Huntley,615,611,616,169.9820644,0,0,0,,1568,1559
Kristian Wilkerson,616,615,617,169.9863469,0,0,0,,1569,1563
Michael Carter,617,616,619,169.9956762,0,0,0,,1576,1573
Trey Sermon,618,617,620,169.9857626,0,0,0,,1577,1574
Terrace Marshall Jr.,619,618,621,169.9624793,0,0,0.001807229,,1578,1575
Rondale Moore,620,619,622,169.973746,0,0,0.003614458,,1579,1576
Trey Lance,621,620,623,169.9395117,0,0,0.001809409,,1580,1577
Jermar Jefferson,622,621,624,169.7497492,0,0,0.002409639,,1588,1585
Dez Fitzpatrick,623,622,625,169.9869019,0,0,0,,1593,1590
Gary Brightwell,624,623,626,169.9835034,0,0,0,,1594,1591
Demetric Felton,625,624,627,170.0001169,0,0,0,,1595,1592
Jacob Harris,626,625,628,169.9866098,0,0,0.001204819,,1596,1593
Seth Williams,627,626,629,169.9949849,0,0,0,,1597,1594
Kene Nwangwu,628,627,630,169.9828216,0,0,0.003614458,,1598,1595
Michael Strachan,629,628,631,169.9980621,0,0,0.001807229,,1611,1608
Zach Davidson,630,629,632,169.9981985,0,0,0,,1612,1609
Sam Ehlinger,631,630,633,169.9756247,0,0,0,,1614,1611
Ben Skowronek,632,631,634,169.9797053,0,0,0.00060241,,1617,1614
Jaret Patterson,633,632,635,169.9943616,0,0,0,,1618,1615
Kenny Yeboah,634,633,636,169.9768126,0,0,0,,1619,1616
Cody White,635,634,637,169.990846,0,0,0,,1621,1618
Deon Jackson,636,635,638,169.9956275,0,0,0,,1622,1619
Giovanni Ricci,637,636,639,169.9912938,0,0,0.00060241,,1623,1620
Shane Zylstra,638,637,640,169.9851883,0,0,0,,1624,1621
Michael Bandy,639,638,641,169.9901448,0,0,0,,1625,1622
Tarik Black,640,639,642,169.9938552,0,0,0,,1636,1633
Tyler Mabry,641,640,643,169.990914,0,0,0,,1640,1637
D.J. Montgomery,642,641,644,169.955954,0,0,0.001807229,,1641,1638
David Sills V,643,642,645,169.9935045,0,0,0.00060241,,1643,1640
Treylon Burks,644,643,646,169.9872433,0,0,0,,1644,1641
Skyy Moore,645,644,647,169.9689162,0,0,0,,1646,1643
Velus Jones Jr.,646,645,648,169.9914692,0,0,0,,1647,1644
Hassan Haskins,647,646,649,169.989103,0,0,0,,1648,1645
Zamir White,648,647,650,169.8738034,0,0,0.006626506,,1649,1646
Desmond Ridder,649,648,651,169.9670515,0,0,0.001809409,,1650,1647
Jelani Woods,650,649,652,169.9879924,0,0,0,,1651,1648
Greg Dulcich,651,650,653,169.9959099,0,0,0,,1652,1649
Tyquan Thornton,652,651,654,169.9862595,0,0,0,,1656,1653
Ko Kieft,653,652,655,169.9901738,0,0,0.012048193,,1657,1654
Erik Ezukanma,654,653,656,169.9919368,0,0,0,,1658,1655
Keaontay Ingram,655,654,657,169.9938844,0,0,0,,1659,1656
Teagan Quitoriano,656,655,658,169.9879148,0,0,0.00060241,,1660,1657
Cole Turner,657,656,659,169.9950237,0,0,0,,1661,1658
John FitzPatrick,658,657,660,169.9861618,0,0,0,,1662,1659
Bailey Zappe,659,658,661,169.9818991,0,0,0,,1666,1663
Bam Knight,660,659,662,169.9958808,0,0,0,,1668,1665
Nick Muse,661,660,663,169.9929397,0,0,0,,1671,1668
James Mitchell,662,661,664,169.9971175,0,0,0,,1673,1670
Tyler Badie,663,662,665,169.9830751,0,0,0,,1674,1671
Montrell Washington,664,663,666,169.9882557,0,0,0,,1682,1679
Samori Toure,665,664,667,169.9876128,0,0,0,,1687,1684
Skylar Thompson,666,665,668,169.9773296,0,0,0,,1689,1686
Dareke Young,667,666,669,169.9937579,0,0,0,,1693,1690
Chris Oladokun,668,667,670,169.9893322,0,0,0.001809409,,1695,1692
Brittain Brown,669,668,671,169.9860644,0,0,0,,1698,1695
Brandon Smith,670,669,672,169.9944199,0,0,0,,1699,1696
Lance McCutcheon,671,670,673,169.989658,0,0,0,,1700,1697
Jake Tonges,672,671,674,169.9923944,0,0,0,,1701,1698
Jalen Virgil,673,672,675,169.9910797,0,0,0,,1702,1699
Quintin Morris,674,673,676,169.9971466,0,0,0,,1703,1700
Shane Buechele,675,674,677,169.9941936,0,0,0,,1704,1701
Kendric Pryor,676,675,678,169.9907388,0,0,0,,1705,1702
Malik Davis,677,676,679,169.9965721,0,0,0,,1706,1703
Ronnie Rivers,678,677,680,169.9908168,0,0,0,,1707,1704
Nikola Kalinic,679,679,681,169.9971273,0,0,0,,1718,1716
Dennis Houston,680,680,682,169.9926186,0,0,0,,1720,1718
Brandon Johnson,681,681,683,169.9980134,0,0,0,,1721,1719
Tay Martin,682,682,684,169.9964553,0,0,0,,1723,1721
Johnny Johnson III,683,683,685,169.9956664,0,0,0,,1724,1722
Andre Baccellia,684,678,688,169.9976336,0,0,0,,1735,1712
Anthony Miller,685,779,575,169.9988509,0,0,0,,1498,1953
Braylon Sanders,686,684,686,169.9881,0,0,0.00060241,,1728,1726
Maurice Alexander,687,685,687,169.9910894,0,0,0,,1732,1730
Deuce Vaughn,688,686,689,169.9435583,0,0,0.008433735,,1736,1733
Will Levis,689,687,690,169.9447914,0,0,0,,1737,1734
Stetson Bennett IV,690,688,691,169.9471685,0,0,0,,1738,1735
Tank Dell,691,689,692,169.7847481,0,0,0.024096386,,1741,1738
Cameron Latu,692,690,693,169.9927157,0,0,0,,1742,1739
Alex Bachman,693,762,618,169.9966403,0,0,0,,1570,1911
Sean Clifford,694,691,694,169.9813049,0,0,0.000603136,,1743,1740
Justin Shorter,695,692,695,169.9924236,0,0,0,,1744,1741
Evan Hull,696,693,696,169.9905055,0,0,0.00060241,,1745,1742
Israel Abanikanda,697,694,697,169.9725095,0,0,0.002409639,,1746,1743
Lew Nichols,698,695,698,169.9894342,0,0,0,,1747,1744
Will Mallory,699,696,699,169.9993573,0,0,0,,1748,1745
Zack Kuntz,700,697,700,169.9953548,0,0,0,,1749,1746
Kenny McIntosh,701,698,701,169.9839515,0,0,0,,1756,1753
Jake Haener,702,699,702,169.9851235,0,0,0.004221954,,1761,1758
Chris Rodriguez Jr.,703,700,703,169.9868243,0,0,0,,1764,1761
Dorian Thompson-Robinson,704,701,704,169.9615381,0,0,0,,1767,1764
Ronnie Bell,705,702,705,169.9855876,0,0,0,,1768,1765
Clayton Tune,706,703,706,169.993239,0,0,0,,1771,1768
Brayden Willis,707,704,707,169.9916543,0,0,0.001807229,,1773,1770
Jalen Brooks,708,705,708,169.9900869,0,0,0,,1782,1779
Xavier Hutchinson,709,706,709,169.9814689,0,0,0,,1786,1783
Dominique Dafney,710,807,614,169.9946438,0,0,0,,1562,2014
A.T. Perry,711,707,710,169.9946538,0,0,0,,1790,1787
Deneric Prince,712,708,711,169.9946635,0,0,0,,1793,1790
Jason Brownlee,713,709,712,169.9912067,0,0,0,,1794,1791
Elijah Dotson,714,710,713,169.9913817,0,0,0,,1795,1792
Rakim Jarrett,715,711,714,169.9968449,0,0,0,,1796,1793
Tyson Bagent,716,712,715,169.9598632,0,0,0,,1797,1794
Chase Cota,717,713,716,169.99182,0,0,0,,1798,1795
Malik Cunningham,718,714,717,169.9939135,0,0,0,,1799,1796
Mitchell Tinsley,719,715,718,169.9971273,0,0,0,,1800,1797
Irvin Charles,720,716,719,169.9981595,0,0,0,,1801,1798
Elijah Cooks,721,717,720,169.9977407,0,0,0,,1802,1799
Ben Sims,722,718,721,169.9906317,0,0,0,,1803,1800
Ben VanSumeren,723,719,722,169.9786159,0,0,0.00060241,,1806,1803
Brady Russell,724,723,723,169.9661499,0,0,0,,1810,1810
Tucker Fisk,725,721,725,169.9958124,0,0,0,,1812,1808
Shedrick Jackson,726,722,727,169.9921803,0,0,0,,1814,1809
Tommy DeVito,727,726,726,169.9031614,0,0,0,,1813,1822
Princeton Fant,728,720,734,169.9969129,0,0,0,,1832,1807
Ryan Miller,729,724,731,169.993417,0,0,0.00060241,,1829,1811
Jordan Mims,730,725,733,169.988207,0,0,0.00060241,,1831,1812
Cole Fotheringham,731,729,728,169.9864345,0,0,0,,1815,1831
Chris Blair,732,731,724,169.9959587,0,0,0.00060241,,1811,1839
Travis Vokolek,733,728,729,169.9910407,0,0,0,,1824,1829
Lucky Jackson,734,727,732,169.9597515,0,0,0.001807229,,1830,1824
Owen Wright,735,730,730,169.9907489,0,0,0,,1828,1833
Dylan Drummond,736,732,735,169.998958,0,0,0,,1839,1840
Jonathon Brooks,737,733,736,169.9664044,0,0,0.001204819,,1844,1841
Ja'Lynn Polk,738,734,737,169.9793261,0,0,0.00060241,,1845,1842
Javon Baker,739,735,738,169.9821213,0,0,0.00060241,,1849,1846
Brenden Rice,740,736,739,169.9813228,0,0,0,,1850,1847
Erick All Jr.,741,737,740,169.9882264,0,0,0.00060241,,1851,1848
Casey Washington,742,738,741,169.994498,0,0,0.001204819,,1852,1849
Jawhar Jordan,743,739,742,169.9875548,0,0,0,,1853,1850
Cornelius Johnson,744,740,743,169.9881487,0,0,0.001204819,,1854,1851
Devin Culp,745,741,744,169.9895118,0,0,0,,1855,1852
Keilan Robinson,746,742,745,169.9767265,0,0,0.00060241,,1856,1853
Sione Vaki,747,743,746,169.9685957,0,0,0,,1863,1860
Tahj Washington,748,744,747,169.9947123,0,0,0,,1864,1861
Tejhaun Palmer,749,745,748,169.996212,0,0,0,,1869,1866
Devin Leary,750,746,749,169.9865072,0,0,0,,1878,1875
Michael Pratt,751,747,750,169.9911348,0,0,0,,1885,1882
Tanner McLachlan,752,748,751,169.9895897,0,0,0,,1888,1885
Dante Miller,753,749,752,169.9890933,0,0,0,,1894,1891
Blake Watson,754,750,753,169.9897847,0,0,0,,1895,1892
Jacob Saylors,755,751,754,169.9876033,0,0,0.00060241,,1896,1893
John Stephens Jr.,756,752,755,169.9946731,0,0,0,,1897,1894
Bryce Ford-Wheaton,757,753,756,169.9970688,0,0,0.00060241,,1898,1895
Mason Tipton,758,754,757,169.9909632,0,0,0.00060241,,1899,1896
Kameron Johnson,759,755,758,169.9981985,0,0,0,,1900,1897
British Brooks,760,756,759,169.9926282,0,0,0,,1901,1898
Colson Yankoff,761,757,760,169.9893755,0,0,0,,1902,1899
Xavier Weaver,762,758,761,169.99368,0,0,0,,1903,1900
Cody Schrader,763,759,762,169.9875936,0,0,0,,1909,1906
Thomas Odukoya,764,760,763,169.997322,0,0,0,,1910,1907
Terrell Jennings,765,761,764,169.9845261,0,0,0,,1911,1908
Kaden Davis,766,763,765,169.9894637,0,0,0,,1914,1912
Joshua Cephus,767,764,766,169.9898918,0,0,0,,1915,1913
Kevin Austin Jr.,768,765,767,169.9988606,0,0,0,,1916,1914
Kendall Milton,769,766,768,169.9850813,0,0,0,,1917,1915
Carlos Washington Jr.,770,767,769,169.9844286,0,0,0.00060241,,1918,1916
Cam Grandy,771,768,770,169.994128,0,0,0,,1919,1917
Chris Collier,772,775,771,169.9904374,0,0,0,,1920,1936
George Holani,773,776,772,169.965352,0,0,0.002409639,,1931,1938
Jaylen Johnson,774,770,775,169.9969812,0,0,0.00060241,,1946,1928
Jalen Cropper,775,769,777,169.9982374,0,0,0,,1948,1927
Frank Gore Jr.,776,771,776,169.9609699,0,0,0.00060241,,1947,1929
Brycen Tremayne,777,777,773,169.9947414,0,0,0,,1932,1947
E.J. Jenkins,778,772,780,169.9886839,0,0,0,,1952,1930
Baylor Cupp,779,773,779,169.9791015,0,0,0,,1950,1933
Tyrell Shavers,780,774,778,169.9910018,0,0,0,,1949,1934
Jack Westover,781,778,774,169.9971954,0,0,0,,1935,1948
Quinn Ewers,782,780,781,169.9138927,0,0,0.000603136,,1960,1959
Phil Mafah,783,781,782,169.9781965,0,0,0,,1962,1961
Luke Lachey,784,782,783,169.9928424,0,0,0,,1968,1967
Graham Mertz,785,783,784,169.987988,0,0,0,,1972,1971
Thomas Fidone II,786,784,785,169.9808159,0,0,0,,1973,1972
Kurtis Rourke,787,785,786,169.99358,0,0,0,,1977,1976
Cam Miller,788,786,787,169.9750024,0,0,0,,1980,1979
Ricky White III,789,787,788,169.9929204,0,0,0,,1982,1981
Kaden Prather,790,788,789,169.9982472,0,0,0,,1985,1984
Caleb Lohner,791,789,790,169.9914596,0,0,0,,1987,1986
Konata Mumpfield,792,790,791,169.9893273,0,0,0,,1988,1987
Dominic Lovett,793,791,792,169.9768918,0,0,0,,1989,1988
Moliki Matavao,794,792,793,169.995686,0,0,0,,1993,1992
Junior Bergen,795,793,794,169.9915184,0,0,0,,1994,1993
Kyle McCord,796,794,795,169.9754601,0,0,0.000603136,,1997,1996
Riley Leonard,797,795,796,169.9594638,0,0,0.000603136,,2001,2000
Will Howard,798,796,797,169.9347381,0,0,0,,2003,2002
Nick Nash,799,797,798,169.9901744,0,0,0,,2005,2004
Isaiah Neyor,800,799,799,169.974155,0,0,0,,2006,2006
Xavier Restrepo,801,798,800,169.9761515,0,0,0.003012048,,2007,2005
Donovan Edwards,802,800,801,169.96803,0,0,0.00060241,,2008,2007
Corey Kiner,803,801,802,169.988996,0,0,0,,2009,2008
Efton Chism III,804,802,803,169.9257196,0,0,0.004216867,,2010,2009
Theo Wease Jr.,805,803,804,169.9917421,0,0,0,,2011,2010
Chandler Brayboy,806,805,805,169.9959685,0,0,0,,2012,2012
Raheim Sanders,807,804,807,169.9787615,0,0,0,,2014,2011
Lan Larison,808,806,806,169.9806801,0,0,0,,2013,2013
Logan Thomas,809,808,808,169.9931634,0,0,0,,2041,2041
AJ McCarron,810,809,809,169.9908227,0,0,0,,2042,2042
Keith Smith,811,810,810,169.9898525,0,0,0,,2043,2043
Blaine Gabbert,812,811,811,169.9908421,0,0,0,,2044,2044
Matthew Slater,813,812,812,169.9924723,0,0,0,,2045,2045
Matt Barkley,814,813,813,169.9238136,0,0,0,,2046,2046
Brian Hoyer,815,814,814,169.989868,0,0,0,,2048,2048
Jason Cabinda,816,815,815,169.994449,0,0,0,,2079,2079
Isaiah McKenzie,817,816,816,169.997838,0,0,0,,2139,2139
Dwayne Washington,818,817,817,169.991693,0,0,0,,2140,2140
Brandon Powell,819,818,818,169.9965623,0,0,0,,2141,2141
Richie James,820,819,819,169.9968155,0,0,0,,2142,2142
Jordan Akins,821,820,820,169.9936602,0,0,0,,2143,2143
River Cracraft,822,821,821,169.994303,0,0,0,,2144,2144
Eric Tomlinson,823,822,822,169.991128,0,0,0,,2145,2145
Anthony Firkser,824,823,823,169.9937575,0,0,0,,2146,2146
Alex Erickson,825,824,824,169.9969811,0,0,0,,2147,2147
Damiere Byrd,826,825,825,169.9982665,0,0,0,,2148,2148
Alex Armah,827,826,826,169.9955008,0,0,0,,2149,2149
Boston Scott,828,827,827,169.9877976,0,0,0,,2150,2150
Jeff Driskel,829,828,828,169.9910662,0,0,0,,2151,2151
Nathan Peterman,830,829,829,169.9742213,0,0,0.015078408,,2163,2163
MyCole Pruitt,831,830,830,169.9946438,0,0,0,,2164,2164
Nick Bawden,832,831,831,169.9897259,0,0,0,,2166,2166
Byron Pringle,833,832,832,169.9926864,0,0,0,,2167,2167
Jonathan Williams,834,833,833,169.9877976,0,0,0,,2172,2172
C.J. Beathard,835,834,834,169.9932875,0,0,0,,2173,2173
Darrell Daniels,836,835,835,169.9887907,0,0,0,,2175,2175
Stephen Anderson,837,836,836,169.9935238,0,0,0,,2176,2176
Tyler Kroft,838,837,837,169.9959779,0,0,0,,2209,2209
C.J. Uzomah,839,838,838,169.991693,0,0,0,,2210,2210
Cordarrelle Patterson,840,839,839,169.969324,0,0,0,,2211,2211
Blake Bell,841,840,840,169.9965817,0,0,0,,2212,2212
Zach Gentry,842,841,841,169.9968154,0,0,0,,2213,2213
Marcedes Lewis,843,842,842,169.9838922,0,0,0,,2214,2214
Trevon Wesco,844,843,843,169.9988411,0,0,0,,2215,2215
Devine Ozigbo,845,844,844,169.9839607,0,0,0,,2216,2216
Trevor Siemian,846,845,845,169.9900921,0,0,0,,2217,2217
Ryan Griffin,847,846,846,169.9877926,0,0,0.000603136,,2218,2218
Juwann Winfree,848,847,847,169.997468,0,0,0,,2223,2223
John Kelly Jr.,849,848,848,169.9872427,0,0,0,,2225,2225
Brandon Bolden,850,849,849,169.9867654,0,0,0,,2233,2233
Jordan Matthews,851,850,850,169.9911963,0,0,0,,2238,2238
Eddy Pineiro,852,851,851,169.9507764,0,0,0,,2240,2240
Austin Seibert,853,852,852,169.9617568,0,0,0,,2241,2241
Gerald Everett,854,853,853,169.9941276,0,0,0,,2242,2242
Hayden Hurst,855,854,854,169.9894531,0,0,0,,2243,2243
N'Keal Harry,856,855,855,169.9938841,0,0,0,,2244,2244
Andy Isabella,857,856,856,169.9575405,0,0,0,,2245,2245
Parris Campbell,858,857,857,169.9568783,0,0,0,,2246,2246
Qadree Ollison,859,858,858,169.9844184,0,0,0.001807229,,2247,2247
Darrell Henderson Jr.,860,859,859,169.960559,0,0,0,,2248,2248
Greg Joseph,861,860,860,169.9532031,0,0,0,,2249,2249
Damien Harris,862,861,861,169.970337,0,0,0.00060241,,2250,2250
Tre'Quan Smith,863,862,862,169.9963383,0,0,0,,2251,2251
Dalvin Cook,864,863,863,169.9140283,0,0,0.003614458,,2252,2252
Rashaad Penny,865,864,864,169.9796952,0,0,0,,2253,2253
Chase Edmonds,866,865,865,169.9887911,0,0,0,,2254,2254
Leonard Fournette,867,866,866,169.947821,0,0,0.005421687,,2255,2255
Mike Boone,868,867,868,169.9866195,0,0,0,,2257,2256
D'Onta Foreman,869,868,869,169.9870868,0,0,0,,2258,2257
Royce Freeman,870,869,870,169.9916443,0,0,0,,2259,2258
Michael Badgley,871,870,871,169.9672271,0,0,0,,2260,2259
Matt Breida,872,871,872,169.9906218,0,0,0,,2261,2260
Geoff Swaim,873,872,873,169.9970102,0,0,0,,2262,2261
Ezekiel Elliott,874,873,875,169.8943576,0,0,0.001807229,,2264,2262
Gus Edwards,875,874,876,169.9869992,0,0,0,,2265,2263
Mike Williams,876,875,877,169.9893073,0,0,0,,2266,2264
Kenyan Drake,877,876,878,169.9702391,0,0,0.001204819,,2267,2265
Tyler Boyd,878,877,879,169.9938745,0,0,0.001204819,,2268,2266
Corey Clement,879,878,880,169.9852948,0,0,0,,2269,2267
Jamaal Williams,880,879,881,169.9880898,0,0,0,,2270,2268
Ty Montgomery II,881,880,882,169.9896869,0,0,0,,2271,2269
Chris Conley,882,881,883,169.9961631,0,0,0,,2272,2270
DeVante Parker,883,882,884,169.9929397,0,0,0,,2273,2271
Melvin Gordon III,884,883,885,169.9686907,0,0,0,,2274,2272
Michael Thomas,885,884,886,169.9589911,0,0,0.001204819,,2275,2273
Nelson Agholor,886,885,887,169.9949847,0,0,0,,2276,2274
Jamison Crowder,887,886,888,169.9984613,0,0,0,,2277,2275
Willie Snead IV,888,887,889,169.9980231,0,0,0,,2278,2276
Damien Williams,889,888,890,169.9970882,0,0,0,,2279,2277
Carson Wentz,890,889,891,169.9619364,0,0,0.000603136,,2280,2278
Derek Carr,891,890,892,169.9362463,0,0,0,,2281,2279
Allen Robinson,892,891,893,169.9962604,0,0,0,,2282,2280
Odell Beckham Jr.,893,892,894,169.8701563,0,0,0.003614458,,2283,2281
Marquise Goodwin,894,893,895,169.9956371,0,0,0,,2284,2282
Justin Tucker,895,894,896,168.9690244,0,0,0.015470297,,2285,2283
Jerick McKinnon,896,895,897,169.9889468,0,0,0,,2286,2285
Latavius Murray,897,896,898,169.985996,0,0,0,,2288,2287
Brett Maher,898,897,899,169.9595859,0,0,0,,2289,2288
Greg Zuerlein,899,898,900,169.9724716,0,0,0,,2290,2289
Julio Jones,900,899,901,169.9373618,0,0,0.003012048,,2291,2290
Ryan Tannehill,901,900,902,169.9669826,0,0,0,,2292,2291
Randall Cobb,902,901,903,169.9944393,0,0,0,,2293,2292
Marvin Jones Jr.,903,902,904,169.9950139,0,0,0,,2294,2293
Taiwan Jones,904,903,905,169.9948873,0,0,0.00060241,,2295,2294
Randy Bullock,905,904,906,169.963976,0,0,0,,2296,2295
Jimmy Graham,906,905,907,169.9761791,0,0,0,,2297,2296
Mason Crosby,907,906,908,169.8832166,0,0,0.004950495,,2298,2297
Matt Prater,908,907,909,169.960352,0,0,0,,2299,2298
Keelan Doss,909,908,910,169.9970882,0,0,0,,2301,2300
Deonte Harty,910,909,911,169.9991917,0,0,0,,2303,2302
Nsimba Webster,911,910,912,169.9965526,0,0,0,,2304,2303
Jesper Horsted,912,911,913,169.9986463,0,0,0,,2311,2309
J.P. Holtz,913,912,914,169.9899304,0,0,0,,2312,2310
Khari Blasingame,914,913,915,169.9852169,0,0,0,,2313,2311
Stanley Morgan Jr.,915,914,916,169.9954132,0,0,0,,2314,2312
Jalen Guyton,916,915,917,169.9986269,0,0,0,,2318,2316
PJ Walker,917,916,918,169.9910174,0,0,0,,2325,2323
Zack Moss,918,917,919,169.9839706,0,0,0.00060241,,2326,2324
Joshua Kelley,919,919,920,169.9935337,0,0,0,,2327,2326
Chase Claypool,920,921,921,169.9943711,0,0,0,,2328,2328
Lynn Bowden Jr.,921,922,922,169.9958709,0,0,0,,2329,2329
La'Mical Perine,922,918,930,169.9981497,0,0,0.00060241,,2355,2325
Brycen Hopkins,923,923,923,169.9991917,0,0,0,,2340,2340
Anthony McFarland Jr.,924,920,929,169.9948775,0,0,0,,2354,2327
Quez Watkins,925,924,924,169.986045,0,0,0,,2341,2341
Stephen Sullivan,926,925,925,169.99739,0,0,0,,2348,2348
Ben DiNucci,927,926,926,169.9079927,0,0,0.001809409,,2351,2351
Jake Fromm,928,927,927,169.9880266,0,0,0,,2352,2352
Tyler Davis,929,928,928,169.9923845,0,0,0,,2353,2353
Marquez Callaway,930,929,931,169.9991236,0,0,0,,2356,2354
James Robinson,931,930,932,169.9844671,0,0,0.001204819,,2357,2355
Kirk Merritt,932,931,933,169.9962215,0,0,0,,2358,2356
Noah Togiai,933,932,934,169.9934751,0,0,0,,2360,2358
Dan Chisena,934,933,935,169.9950529,0,0,0,,2361,2359
Tony Jones Jr.,935,934,937,169.9971369,0,0,0,,2370,2364
Kevin Rader,936,935,936,169.9994838,0,0,0,,2369,2365
Tony Brown,937,936,938,169.9979939,0,0,0,,2374,2367
Matthew Wright,938,937,939,169.9574949,0,0,0.001237624,,2377,2370
Kadarius Toney,939,938,940,169.9235624,0,0,0.003012048,,2378,2376
Amari Rodgers,940,939,941,169.9945075,0,0,0.00060241,,2379,2377
Chris Evans,941,940,942,169.9933583,0,0,0,,2380,2378
Frank Darby,942,941,943,169.9982958,0,0,0,,2386,2384
Anthony Schwartz,943,942,944,169.9971272,0,0,0,,2387,2385
Jaelon Darden,944,943,945,169.997507,0,0,0,,2388,2386
Ben Mason,945,944,946,169.9962215,0,0,0,,2389,2387
Tre' McKitty,946,945,947,169.9811753,0,0,0.00060241,,2390,2388
Ian Book,947,946,948,169.9742603,0,0,0,,2396,2394
Jake Funk,948,947,949,169.9893655,0,0,0,,2398,2396
Dax Milne,949,948,950,169.9969617,0,0,0,,2401,2399
Matt Ammendola,950,949,951,169.9720883,0,0,0,,2402,2400
Jody Fortson,951,950,952,169.9956664,0,0,0,,2404,2402
Godwin Igwebuike,952,951,953,169.9917709,0,0,0.001204819,,2405,2403
Derrick Gore,953,952,954,169.9910016,0,0,0,,2406,2404
Riley Patterson,954,953,955,169.9726088,0,0,0,,2407,2405
Parker Hesse,955,954,956,169.9968154,0,0,0,,2409,2407
David Wells,956,955,957,169.9949651,0,0,0,,2410,2408
Adam Prentice,957,956,958,169.9931344,0,0,0,,2411,2409
Mitchell Wilcox,958,957,959,169.9964454,0,0,0,,2412,2410
Easop Winston Jr.,959,958,960,169.9915471,0,0,0,,2413,2411
Hunter Kampmoyer,960,959,961,169.9936991,0,0,0,,2416,2414
Matt Bushman,961,960,962,169.9946341,0,0,0,,2418,2416
Josh Johnson,962,961,963,169.9939622,0,0,0,,2419,2417
Cody Thompson,963,962,964,169.9975167,0,0,0,,2422,2420
Zane Gonzalez,964,997,874,169.9473984,0,0,0.004331683,,2263,2583
Isaiah Spiller,965,963,965,169.9942155,0,0,0,,2424,2422
Cade York,966,964,966,169.9646649,0,0,0.000618812,,2425,2423
Snoop Conner,967,965,967,169.9930567,0,0,0,,2426,2424
Matt Corral,968,966,968,169.9719811,0,0,0,,2427,2425
Tyrion Davis-Price,969,967,969,169.9948583,0,0,0,,2428,2426
John Ross,970,998,867,169.9492234,0,0,0.00060241,,2256,2599
Danny Gray,971,968,970,169.9947999,0,0,0,,2432,2430
Kyle Philips,972,969,971,169.9907487,0,0,0,,2433,2431
Trestan Ebner,973,970,972,169.9965526,0,0,0,,2434,2432
Kevin Harris,974,971,973,169.9983737,0,0,0,,2435,2433
Michael Woods II,975,972,974,169.9972538,0,0,0,,2436,2434
Zander Horvath,976,973,975,169.9989872,0,0,0,,2445,2443
Carson Strong,977,974,976,169.9804179,0,0,0,,2447,2445
Justyn Ross,978,975,977,169.9970104,0,0,0,,2455,2453
Jonathan Garibay,979,976,978,169.9831868,0,0,0,,2456,2454
Jalen Wydermyer,980,977,979,169.9897844,0,0,0,,2457,2455
Abram Smith,981,978,980,169.9975751,0,0,0,,2458,2456
Mataeo Durant,982,979,981,169.9964066,0,0,0,,2459,2457
Deven Thompkins,983,980,982,170,0,0,0,,2460,2458
Devon Allen,984,981,983,169.9928324,0,0,0,,2461,2459
James McCourt,985,982,984,169.9813594,0,0,0.001856436,,2462,2460
DJ Turner,986,983,985,169.9984905,0,0,0,,2465,2463
Peyton Hendershot,987,984,986,169.9881873,0,0,0,,2466,2464
Armani Rogers,988,985,987,169.9773283,0,0,0,,2467,2465
Jared Bernhardt,989,986,988,169.9973513,0,0,0,,2468,2466
Troy Hairston,990,987,989,169.9956567,0,0,0,,2469,2467
Caleb Shudak,991,988,990,169.9903163,0,0,0.004331683,,2470,2468
Raleigh Webb,992,989,991,169.9979452,0,0,0,,2475,2473
Kaylon Geiger,993,990,992,169.9982179,0,0,0,,2476,2474
Daylen Baldwin,994,991,993,169.9967571,0,0,0,,2479,2477
Anthony Brown Jr.,995,992,994,169.97427,0,0,0,,2483,2481
Chase Allen,996,993,995,169.9922382,0,0,0,,2484,2482
Ethan Fernea,997,994,996,169.9960754,0,0,0,,2485,2483
Josh Ali,998,995,997,169.9981595,0,0,0,,2491,2489
Stanley Berryhill,999,996,998,169.9908556,0,0,0,,2492,2490