"RK",TIERS,"PLAYER NAME",TEAM,"POS","BYE","SOS","ECR VS ADP"
"1",1,"Ja'Marr Chase",CIN,"WR1","10","3 out of 5 stars","0"
"2",1,"Bijan Robinson",ATL,"RB1","5","4 out of 5 stars","0"
"3",1,"CeeDee Lamb",DAL,"WR2","10","2 out of 5 stars","+3"
"4",1,"Justin Jefferson",MIN,"WR3","6","2 out of 5 stars","+1"
"5",1,"Jahmyr Gibbs",DET,"RB2","8","2 out of 5 stars","-1"
"6",2,"Malik Nabers",NYG,"WR4","14","2 out of 5 stars","+3"
"7",2,"Saquon Barkley",PHI,"RB3","9","3 out of 5 stars","-4"
"8",2,"Amon-Ra St. Brown",DET,"WR5","8","3 out of 5 stars","0"
"9",2,"Nico Collins",HOU,"WR6","6","4 out of 5 stars","+4"
"10",2,"Puka Nacua",LAR,"WR7","8","3 out of 5 stars","+2"
"11",2,"Christian McCaffrey",SF,"RB4","14","3 out of 5 stars","-4"
"12",2,"Brian Thomas Jr.",JAC,"WR8","8","4 out of 5 stars","+2"
"13",2,"Drake London",ATL,"WR9","5","3 out of 5 stars","+5"
"14",3,"Ashton Jeanty",LV,"RB5","8","2 out of 5 stars","-3"
"15",3,"A.J. Brown",PHI,"WR10","9","3 out of 5 stars","+5"
"16",3,"De'Von Achane",MIA,"RB6","12","4 out of 5 stars","-1"
"17",3,"Brock Bowers",LV,"TE1","8","2 out of 5 stars","0"
"18",3,"Ladd McConkey",LAC,"WR11","12","3 out of 5 stars","+8"
"19",3,"Trey McBride",ARI,"TE2","8","5 out of 5 stars","+8"
"20",3,"Derrick Henry",BAL,"RB7","7","4 out of 5 stars","-10"
"21",3,"Jaxon Smith-Njigba",SEA,"WR12","8","3 out of 5 stars","+12"
"22",4,"Chase Brown",CIN,"RB8","10","4 out of 5 stars","0"
"23",4,"Tee Higgins",CIN,"WR13","10","3 out of 5 stars","+6"
"24",4,"Josh Allen",BUF,"QB1","7","4 out of 5 stars","-3"
"25",4,"Bucky Irving",TB,"RB9","9","3 out of 5 stars","-2"
"26",4,"Lamar Jackson",BAL,"QB2","7","3 out of 5 stars","-2"
"27",4,"Garrett Wilson",NYJ,"WR14","9","4 out of 5 stars","+15"
"28",4,"Josh Jacobs",GB,"RB10","5","4 out of 5 stars","-12"
"29",4,"Tyreek Hill",MIA,"WR15","12","3 out of 5 stars","+2"
"30",4,"Jonathan Taylor",IND,"RB11","11","2 out of 5 stars","-11"
"31",4,"George Kittle",SF,"TE3","14","3 out of 5 stars","+7"
"32",4,"Davante Adams",LAR,"WR16","8","3 out of 5 stars","+8"
"33",4,"Mike Evans",TB,"WR17","9","3 out of 5 stars","+6"
"34",4,"Jayden Daniels",WAS,"QB3","12","2 out of 5 stars","-4"
"35",5,"Kyren Williams",LAR,"RB12","8","3 out of 5 stars","-10"
"36",5,"Marvin Harrison Jr.",ARI,"WR18","8","4 out of 5 stars","+8"
"37",5,"Jalen Hurts",PHI,"QB4","9","3 out of 5 stars","-3"
"38",5,"Terry McLaurin",WAS,"WR19","12","3 out of 5 stars","+3"
"39",5,"Alvin Kamara",NO,"RB13","11","4 out of 5 stars","-3"
"40",5,"DJ Moore",CHI,"WR20","5","2 out of 5 stars","+8"
"41",5,"James Cook",BUF,"RB14","7","4 out of 5 stars","-13"
"42",5,"Kenneth Walker III",SEA,"RB15","8","3 out of 5 stars","+1"
"43",5,"Omarion Hampton",LAC,"RB16","12","2 out of 5 stars","-8"
"44",5,"Courtland Sutton",DEN,"WR21","12","3 out of 5 stars","+7"
"45",5,"Breece Hall",NYJ,"RB17","9","5 out of 5 stars","-8"
"46",5,"DK Metcalf",PIT,"WR22","5","4 out of 5 stars","+3"
"47",5,"Joe Burrow",CIN,"QB5","10","2 out of 5 stars","-15"
"48",5,"DeVonta Smith",PHI,"WR23","9","3 out of 5 stars","+7"
"49",5,"Tetairoa McMillan",CAR,"WR24","14","4 out of 5 stars","+14"
"50",6,"Chuba Hubbard",CAR,"RB18","14","3 out of 5 stars","-5"
"51",6,"James Conner",ARI,"RB19","8","3 out of 5 stars","-4"
"52",6,"TreVeyon Henderson",NE,"RB20","14","4 out of 5 stars","-6"
"53",6,"Jaylen Waddle",MIA,"WR25","12","3 out of 5 stars","+19"
"54",6,"Xavier Worthy",KC,"WR26","10","3 out of 5 stars","-1"
"55",6,"Calvin Ridley",TEN,"WR27","10","4 out of 5 stars","+9"
"56",6,"George Pickens",DAL,"WR28","10","2 out of 5 stars","+10"
"57",6,"Zay Flowers",BAL,"WR29","7","3 out of 5 stars","+1"
"58",6,"Jameson Williams",DET,"WR30","8","3 out of 5 stars","-1"
"59",6,"Tony Pollard",TEN,"RB21","10","2 out of 5 stars","+10"
"60",6,"RJ Harvey",DEN,"RB22","12","2 out of 5 stars","0"
"61",6,"D'Andre Swift",CHI,"RB23","5","3 out of 5 stars","-7"
"62",6,"Patrick Mahomes II",KC,"QB6","10","3 out of 5 stars","-12"
"63",6,"T.J. Hockenson",MIN,"TE4","6","3 out of 5 stars","+2"
"64",6,"Chris Olave",NO,"WR31","11","4 out of 5 stars","+14"
"65",6,"David Montgomery",DET,"RB24","8","2 out of 5 stars","-9"
"66",6,"Isiah Pacheco",KC,"RB25","10","2 out of 5 stars","-7"
"67",6,"Aaron Jones Sr.",MIN,"RB26","6","3 out of 5 stars","+1"
"68",6,"Travis Hunter",JAC,"WR32","8","4 out of 5 stars","+2"
"69",7,"Sam LaPorta",DET,"TE5","8","3 out of 5 stars","-17"
"70",7,"Baker Mayfield",TB,"QB7","9","2 out of 5 stars","-8"
"71",7,"Rashee Rice",KC,"WR33","10","3 out of 5 stars","-4"
"72",7,"Jerry Jeudy",CLE,"WR34","9","2 out of 5 stars","+2"
"73",7,"Bo Nix",DEN,"QB8","12","4 out of 5 stars","-2"
"74",7,"Rome Odunze",CHI,"WR35","5","2 out of 5 stars","+2"
"75",7,"Travis Kelce",KC,"TE6","10","3 out of 5 stars","-14"
"76",7,"Stefon Diggs",NE,"WR36","14","3 out of 5 stars","+6"
"77",7,"Emeka Egbuka",TB,"WR37","9","3 out of 5 stars","+12"
"78",7,"Ricky Pearsall",SF,"WR38","14","4 out of 5 stars","+10"
"79",7,"Kyler Murray",ARI,"QB9","8","4 out of 5 stars","+4"
"80",7,"Tyrone Tracy Jr.",NYG,"RB27","14","3 out of 5 stars","-3"
"81",7,"Jaylen Warren",PIT,"RB28","5","4 out of 5 stars","+4"
"82",7,"Jakobi Meyers",LV,"WR39","8","4 out of 5 stars","+4"
"83",7,"Dak Prescott",DAL,"QB10","10","2 out of 5 stars","+13"
"84",7,"David Njoku",CLE,"TE7","9","3 out of 5 stars","-3"
"85",7,"Evan Engram",DEN,"TE8","12","3 out of 5 stars","-5"
"86",7,"Kaleb Johnson",PIT,"RB29","5","4 out of 5 stars","-11"
"87",7,"Mark Andrews",BAL,"TE9","7","3 out of 5 stars","-14"
"88",7,"Brock Purdy",SF,"QB11","14","4 out of 5 stars","+6"
"89",8,"Travis Etienne Jr.",JAC,"RB30","8","2 out of 5 stars","+4"
"90",8,"Justin Fields",NYJ,"QB12","9","5 out of 5 stars","+19"
"91",8,"Khalil Shakir",BUF,"WR40","7","3 out of 5 stars","+6"
"92",8,"Jordan Addison",MIN,"WR41","6","2 out of 5 stars","-1"
"93",8,"Zach Charbonnet",SEA,"RB31","8","3 out of 5 stars","+15"
"94",8,"Deebo Samuel Sr.",WAS,"WR42","12","3 out of 5 stars","-15"
"95",8,"Jauan Jennings",SF,"WR43","14","4 out of 5 stars","+10"
"96",8,"Josh Downs",IND,"WR44","11","4 out of 5 stars","+26"
"97",8,"Justin Herbert",LAC,"QB13","12","3 out of 5 stars","+13"
"98",8,"Michael Pittman Jr.",IND,"WR45","11","4 out of 5 stars","+13"
"99",8,"Caleb Williams",CHI,"QB14","5","2 out of 5 stars","+19"
"100",8,"Javonte Williams",DAL,"RB32","10","2 out of 5 stars","+6"
"101",8,"Drake Maye",NE,"QB15","14","5 out of 5 stars","+24"
"102",8,"Jordan Mason",MIN,"RB33","6","3 out of 5 stars","-2"
"103",8,"Tyler Warren",IND,"TE10","11","3 out of 5 stars","-13"
"104",8,"Matthew Golden",GB,"WR46","5","2 out of 5 stars","-12"
"105",8,"Jared Goff",DET,"QB16","8","2 out of 5 stars","-7"
"106",8,"Tucker Kraft",GB,"TE11","5","2 out of 5 stars","+1"
"107",8,"Cooper Kupp",SEA,"WR47","8","3 out of 5 stars","-20"
"108",8,"Chris Godwin Jr.",TB,"WR48","9","3 out of 5 stars","-13"
"109",8,"Jake Ferguson",DAL,"TE12","10","2 out of 5 stars","+24"
"110",8,"Jordan Love",GB,"QB17","5","2 out of 5 stars","+26"
"111",8,"Jayden Reed",GB,"WR49","5","2 out of 5 stars","+8"
"112",8,"Trevor Lawrence",JAC,"QB18","8","3 out of 5 stars","+43"
"113",8,"Jacory Croskey-Merritt",WAS,"RB34","12","2 out of 5 stars","-9"
"114",8,"J.K. Dobbins",DEN,"RB35","12","2 out of 5 stars","-11"
"115",8,"Austin Ekeler",WAS,"RB36","12","2 out of 5 stars","+1"
"116",8,"C.J. Stroud",HOU,"QB19","6","3 out of 5 stars","+10"
"117",8,"J.J. McCarthy",MIN,"QB20","6","2 out of 5 stars","+24"
"118",8,"Rhamondre Stevenson",NE,"RB37","14","4 out of 5 stars","-4"
"119",9,"Dalton Kincaid",BUF,"TE13","7","3 out of 5 stars","+4"
"120",9,"Darnell Mooney",ATL,"WR50","5","3 out of 5 stars","+14"
"121",9,"Tank Bigsby",JAC,"RB38","8","2 out of 5 stars","+6"
"122",9,"Cam Skattebo",NYG,"RB39","14","3 out of 5 stars","-23"
"123",9,"Keon Coleman",BUF,"WR51","7","3 out of 5 stars","-6"
"124",9,"Dallas Goedert",PHI,"TE14","9","3 out of 5 stars","+15"
"125",9,"Colston Loveland",CHI,"TE15","5","4 out of 5 stars","-10"
"126",9,"Christian Kirk",HOU,"WR52","6","4 out of 5 stars","+25"
"127",9,"Rashid Shaheed",NO,"WR53","11","4 out of 5 stars","+16"
"128",9,"Rachaad White",TB,"RB40","9","3 out of 5 stars","+12"
"129",9,"Tua Tagovailoa",MIA,"QB21","12","5 out of 5 stars","+40"
"130",9,"Brandon Aiyuk",SF,"WR54","14","4 out of 5 stars","+12"
"131",9,"Braelon Allen",NYJ,"RB41","9","5 out of 5 stars","+13"
"132",9,"Bryce Young",CAR,"QB22","14","3 out of 5 stars","+47"
"133",9,"Najee Harris",LAC,"RB42","12","2 out of 5 stars","-2"
"134",9,"Michael Penix Jr.",ATL,"QB23","5","4 out of 5 stars","+44"
"135",9,"Joe Mixon",HOU,"RB43","6","2 out of 5 stars","-51"
"136",9,"Tyjae Spears",TEN,"RB44","10","2 out of 5 stars","+17"
"137",9,"Quinshon Judkins",CLE,"RB45","9","4 out of 5 stars","-25"
"138",9,"Luther Burden III",CHI,"WR55","5","2 out of 5 stars","+25"
"139",9,"Trey Benson",ARI,"RB46","8","3 out of 5 stars","+17"
"140",9,"Cedric Tillman",CLE,"WR56","9","2 out of 5 stars","+53"
"141",9,"Kyle Pitts Sr.",ATL,"TE16","5","3 out of 5 stars","-11"
"142",9,"Hunter Henry",NE,"TE17","14","3 out of 5 stars","+17"
"143",9,"Rashod Bateman",BAL,"WR57","7","3 out of 5 stars","+23"
"144",9,"Marvin Mims Jr.",DEN,"WR58","12","3 out of 5 stars","+6"
"145",9,"Brian Robinson Jr.",SF,"RB47","14","3 out of 5 stars","-25"
"146",9,"Ray Davis",BUF,"RB48","7","4 out of 5 stars","+24"
"147",9,"Matthew Stafford",LAR,"QB24","8","3 out of 5 stars","+28"
"148",9,"Jaydon Blue",DAL,"RB49","10","2 out of 5 stars","-11"
"149",9,"Geno Smith",LV,"QB25","8","3 out of 5 stars","+40"
"150",9,"Jerome Ford",CLE,"RB50","9","4 out of 5 stars","+8"
"151",9,"Jayden Higgins",HOU,"WR59","6","4 out of 5 stars","-5"
"152",9,"Bhayshul Tuten",JAC,"RB51","8","2 out of 5 stars","0"
"153",9,"Tyler Allgeier",ATL,"RB52","5","4 out of 5 stars","+11"
"154",9,"Dylan Sampson",CLE,"RB53","9","4 out of 5 stars","+51"
"155",9,"Wan'Dale Robinson",NYG,"WR60","14","2 out of 5 stars","+26"
"156",10,"Zach Ertz",WAS,"TE18","12","3 out of 5 stars","-2"
"157",10,"Nick Chubb",HOU,"RB54","6","2 out of 5 stars","-19"
"158",10,"Denver Broncos",DEN,"DST1","12","4 out of 5 stars","-56"
"159",10,"Keenan Allen",LAC,"WR61","12","3 out of 5 stars","-10"
"160",10,"Jonnu Smith",PIT,"TE19","5","3 out of 5 stars","-12"
"161",10,"Romeo Doubs",GB,"WR62","5","2 out of 5 stars","+52"
"162",10,"Marquise Brown",KC,"WR63","10","3 out of 5 stars","-2"
"163",10,"DeMario Douglas",NE,"WR64","14","3 out of 5 stars","+51"
"164",10,"Adam Thielen",MIN,"WR65","6","2 out of 5 stars","+3"
"165",10,"Cam Ward",TEN,"QB26","10","2 out of 5 stars","+9"
"166",10,"Sam Darnold",SEA,"QB27","8","4 out of 5 stars","+46"
"167",10,"Philadelphia Eagles",PHI,"DST2","9","2 out of 5 stars","-54"
"168",10,"Kyle Williams",NE,"WR66","14","3 out of 5 stars","+58"
"169",10,"Rico Dowdle",CAR,"RB55","14","3 out of 5 stars","+37"
"170",10,"Tre' Harris",LAC,"WR67","12","3 out of 5 stars","+49"
"171",10,"Brenton Strange",JAC,"TE20","8","3 out of 5 stars","+19"
"172",10,"Pittsburgh Steelers",PIT,"DST3","5","3 out of 5 stars","-44"
"173",10,"Joshua Palmer",BUF,"WR68","7","3 out of 5 stars","+55"
"174",10,"Xavier Legette",CAR,"WR69","14","4 out of 5 stars","+2"
"175",10,"Baltimore Ravens",BAL,"DST4","7","3 out of 5 stars","-54"
"176",10,"Minnesota Vikings",MIN,"DST5","6","2 out of 5 stars","-31"
"177",10,"Quentin Johnston",LAC,"WR70","12","3 out of 5 stars","+58"
"178",10,"Jalen Coker",CAR,"WR71","14","4 out of 5 stars","+77"
"179",10,"Houston Texans",HOU,"DST6","6","2 out of 5 stars","-44"
"180",10,"Chig Okonkwo",TEN,"TE21","10","3 out of 5 stars","+49"
"181",10,"Buffalo Bills",BUF,"DST7","7","5 out of 5 stars","-49"
"182",10,"Brandon Aubrey",DAL,"K1","10","4 out of 5 stars","-81"
"183",10,"Kansas City Chiefs",KC,"DST8","10","1 out of 5 stars","-10"
"184",10,"Isaac Guerendo",SF,"RB56","14","3 out of 5 stars","+2"
"185",10,"Detroit Lions",DET,"DST9","8","1 out of 5 stars","-23"
"186",11,"Blake Corum",LAR,"RB57","8","3 out of 5 stars","+45"
"187",11,"Cameron Dicker",LAC,"K2","12","5 out of 5 stars","-58"
"188",11,"Ollie Gordon II",MIA,"RB58","12","4 out of 5 stars","-6"
"189",11,"Woody Marks",HOU,"RB59","6","2 out of 5 stars","+57"
"190",11,"Roschon Johnson",CHI,"RB60","5","3 out of 5 stars","+34"
"191",11,"Jake Bates",DET,"K3","8","1 out of 5 stars","-67"
"192",11,"DeAndre Hopkins",BAL,"WR72","7","3 out of 5 stars","+35"
"193",11,"Jaylen Wright",MIA,"RB61","12","4 out of 5 stars","-2"
"194",11,"Seattle Seahawks",SEA,"DST10","8","3 out of 5 stars","-9"
"195",11,"Cade Otton",TB,"TE22","9","3 out of 5 stars","+15"
"196",11,"Aaron Rodgers",PIT,"QB28","5","4 out of 5 stars","+19"
"197",11,"Mike Gesicki",CIN,"TE23","10","2 out of 5 stars","+75"
"198",11,"Los Angeles Rams",LAR,"DST11","8","3 out of 5 stars","+2"
"199",11,"Wil Lutz",DEN,"K4","12","5 out of 5 stars","-12"
"200",11,"Pat Freiermuth",PIT,"TE24","5","3 out of 5 stars","+11"
"201",11,"Ka'imi Fairbairn",HOU,"K5","6","3 out of 5 stars","-40"
"202",11,"Green Bay Packers",GB,"DST12","5","2 out of 5 stars","-14"
"203",11,"Chase McLaughlin",TB,"K6","9","3 out of 5 stars","-56"
"204",11,"Los Angeles Chargers",LAC,"DST13","12","5 out of 5 stars","-8"
"205",11,"Chris Boswell",PIT,"K7","5","1 out of 5 stars","-48"
"206",11,"Mason Taylor",NYJ,"TE25","9","3 out of 5 stars","+34"
"207",11,"Isaiah Likely",BAL,"TE26","7","3 out of 5 stars","-27"
"208",11,"Michael Wilson",ARI,"WR73","8","4 out of 5 stars","+89"
"209",11,"Harrison Butker",KC,"K8","10","3 out of 5 stars","-38"
"210",11,"Alec Pierce",IND,"WR74","11","4 out of 5 stars","+32"
"211",11,"Will Shipley",PHI,"RB62","9","3 out of 5 stars","-9"
"212",11,"Jack Bech",LV,"WR75","8","4 out of 5 stars","+21"
"213",11,"Evan McPherson",CIN,"K9","10","1 out of 5 stars","-19"
"214",11,"Tyler Bass",BUF,"K10","7","2 out of 5 stars","-42"
"215",11,"Adonai Mitchell",IND,"WR76","11","4 out of 5 stars","+78"
"216",11,"New York Jets",NYJ,"DST14","9","5 out of 5 stars","-13"
"217",11,"Justice Hill",BAL,"RB63","7","4 out of 5 stars","+15"
"218",11,"San Francisco 49ers",SF,"DST15","14","5 out of 5 stars","-53"
"219",11,"Pat Bryant",DEN,"WR77","12","3 out of 5 stars","+43"
"220",11,"Darius Slayton",NYG,"WR78","14","2 out of 5 stars","+36"
"221",11,"Elic Ayomanor",TEN,"WR79","10","4 out of 5 stars","+62"
"222",11,"Daniel Jones",IND,"QB29","11","3 out of 5 stars","+32"
"223",11,"Jake Elliott",PHI,"K11","9","2 out of 5 stars","-55"
"224",11,"DJ Giddens",IND,"RB64","11","2 out of 5 stars","+24"
"225",11,"Andrei Iosivas",CIN,"WR80","10","3 out of 5 stars","+63"
"226",11,"Chris Rodriguez Jr.",WAS,"RB65","12","2 out of 5 stars","+72"
"227",11,"Kareem Hunt",KC,"RB66","10","2 out of 5 stars","-19"
"228",11,"Jaylin Noel",HOU,"WR81","6","4 out of 5 stars","+23"
"229",11,"Kendre Miller",NO,"RB67","11","4 out of 5 stars","-4"
"230",11,"Kyle Monangai",CHI,"RB68","5","3 out of 5 stars","+20"
"231",11,"Jalen McMillan",TB,"WR82","9","3 out of 5 stars","+49"
"232",11,"Dalton Schultz",HOU,"TE27","6","3 out of 5 stars","+38"
"233",11,"Russell Wilson",NYG,"QB30","14","1 out of 5 stars","+11"
"234",11,"MarShawn Lloyd",GB,"RB69","5","4 out of 5 stars","+19"
"235",11,"Calvin Austin III",PIT,"WR83","5","4 out of 5 stars","+49"
"236",11,"Tyler Lockett",TEN,"WR84","10","4 out of 5 stars","+42"
"237",12,"Keaton Mitchell",BAL,"RB70","7","4 out of 5 stars","+10"
"238",12,"Dontayvion Wicks",GB,"WR85","5","2 out of 5 stars","+47"
"239",12,"Matt Gay",WAS,"K12","12","3 out of 5 stars","-32"
"240",12,"Younghoe Koo",ATL,"K13","5","4 out of 5 stars","-43"
"241",12,"Ja'Tavion Sanders",CAR,"TE28","14","4 out of 5 stars","+46"
"242",12,"Elijah Arroyo",SEA,"TE29","8","4 out of 5 stars","-1"
"243",12,"Dameon Pierce",HOU,"RB71","6","2 out of 5 stars","+38"
"244",12,"Dyami Brown",JAC,"WR86","8","4 out of 5 stars","+60"
"245",12,"Juwan Johnson",NO,"TE30","11","3 out of 5 stars","+45"
"246",12,"Brashard Smith",KC,"RB72","10","2 out of 5 stars","+13"
"247",12,"Tahj Brooks",CIN,"RB73","10","4 out of 5 stars","+22"
"248",12,"Dont'e Thornton Jr.",LV,"WR87","8","4 out of 5 stars","-18"
"249",12,"Jalen Royals",KC,"WR88","10","3 out of 5 stars","+56"
"250",12,"Dallas Cowboys",DAL,"DST16","10","0 out of 5 stars","-52"
"251",12,"Tory Horton",SEA,"WR89","8","3 out of 5 stars","-12"
"252",12,"Miles Sanders",DAL,"RB74","10","2 out of 5 stars","-7"
"253",12,"Devaughn Vele",NO,"WR90","11","4 out of 5 stars","+126"
"254",12,"Roman Wilson",PIT,"WR91","5","4 out of 5 stars","+76"
"255",12,"Tampa Bay Buccaneers",TB,"DST17","9","3 out of 5 stars","-46"
"256",12,"Jaleel McLaughlin",DEN,"RB75","12","2 out of 5 stars","+35"
"257",12,"Jason Sanders",MIA,"K14","12","2 out of 5 stars","-73"
"258",12,"Cole Kmet",CHI,"TE31","5","4 out of 5 stars","-9"
"259",12,"Jarquez Hunter",LAR,"RB76","8","3 out of 5 stars","+14"
"260",12,"Anthony Richardson Sr.",IND,"QB31","11","3 out of 5 stars","-17"
"261",12,"Joe Flacco",CLE,"QB32","9","2 out of 5 stars","+3"
"262",12,"Isaac TeSlaa",DET,"WR92","8","3 out of 5 stars","-42"
"263",12,"Malik Washington",MIA,"WR93","12","3 out of 5 stars","+154"
"264",12,"Devin Neal",NO,"RB77","11","4 out of 5 stars","+76"
"265",12,"Harold Fannin Jr.",CLE,"TE32","9","3 out of 5 stars","+27"
"266",12,"Raheem Mostert",LV,"RB78","8","2 out of 5 stars","-28"
"267",12,"Brandin Cooks",NO,"WR94","11","4 out of 5 stars","+103"
"268",12,"Jalen Tolbert",DAL,"WR95","10","2 out of 5 stars","+74"
"269",12,"Theo Johnson",NYG,"TE33","14","2 out of 5 stars","+25"
"270",12,"Sean Tucker",TB,"RB79","9","3 out of 5 stars","+82"
"271",12,"Elijah Moore",BUF,"WR96","7","3 out of 5 stars","+44"
"272",12,"Joshua Karty",LAR,"K15","8","2 out of 5 stars","+56"
"273",12,"Kayshon Boutte",NE,"WR97","14","3 out of 5 stars","+72"
"274",12,"Kenneth Gainwell",PIT,"RB80","5","4 out of 5 stars","+135"
"275",12,"Trevor Etienne",CAR,"RB81","14","3 out of 5 stars","+35"
"276",12,"Noah Gray",KC,"TE34","10","3 out of 5 stars","-19"
"277",12,"Nick Westbrook-Ikhine",MIA,"WR98","12","3 out of 5 stars","+84"
"278",12,"Antonio Gibson",NE,"RB82","14","4 out of 5 stars","+81"
"279",12,"Elijah Mitchell",KC,"RB83","10","2 out of 5 stars","-27"
"280",12,"Chicago Bears",CHI,"DST18","5","2 out of 5 stars","-64"
"281",12,"Ty Johnson",BUF,"RB84","7","4 out of 5 stars","+93"
"282",12,"Amari Cooper",LV,"WR99","8","4 out of 5 stars","-78"
"283",12,"Tre Tucker",LV,"WR100","8","4 out of 5 stars","+68"
"284",12,"Jaxson Dart",NYG,"QB33","14","1 out of 5 stars","-48"
"285",12,"Tyler Shough",NO,"QB34","11","5 out of 5 stars","+28"
"286",12,"Darren Waller",MIA,"TE35","12","3 out of 5 stars","-94"
"287",12,"Devin Singletary",NYG,"RB85","14","3 out of 5 stars","+57"
"288",12,"Spencer Rattler",NO,"QB35","11","5 out of 5 stars","+132"
"289",13,"Diontae Johnson",FA,"WR101","-","-","+13"
"290",13,"Jalen Nailor",MIN,"WR102","6","2 out of 5 stars","+82"
"291",13,"Isaiah Davis",NYJ,"RB86","9","5 out of 5 stars","+322"
"292",13,"Will Reichard",MIN,"K16","6","0 out of 5 stars","-71"
"293",13,"Tyler Loop",BAL,"K17","7","2 out of 5 stars","-110"
"294",13,"Cleveland Browns",CLE,"DST19","9","3 out of 5 stars","-26"
"295",13,"Daniel Carlson",LV,"K18","8","3 out of 5 stars","-77"
"296",13,"Parker Washington",JAC,"WR103","8","4 out of 5 stars","+120"
"297",13,"Luke McCaffrey",WAS,"WR104","12","3 out of 5 stars","-1"
"298",13,"Tim Patrick",JAC,"WR105","8","4 out of 5 stars","+52"
"299",13,"New England Patriots",NE,"DST20","14","4 out of 5 stars","-82"
"300",13,"Taysom Hill",NO,"TE36","11","3 out of 5 stars","-14"
"301",13,"Emanuel Wilson",GB,"RB87","5","4 out of 5 stars","+106"
"302",13,"Terrance Ferguson",LAR,"TE37","8","4 out of 5 stars","-26"
"303",13,"Troy Franklin",DEN,"WR106","12","3 out of 5 stars","-36"
"304",13,"Jordan James",SF,"RB88","14","3 out of 5 stars","+8"
"305",13,"Arizona Cardinals",ARI,"DST21","8","4 out of 5 stars","-110"
"306",13,"Christian Watson",GB,"WR107","5","2 out of 5 stars","+29"
"307",13,"Ray-Ray McCloud III",ATL,"WR108","5","3 out of 5 stars","-6"
"308",13,"Xavier Restrepo",TEN,"WR109","10","4 out of 5 stars","+63"
"309",13,"Noah Fant",CIN,"TE38","10","2 out of 5 stars","+14"
"310",13,"Audric Estime",FA,"RB89","-","-","-7"
"311",13,"Tutu Atwell",LAR,"WR110","8","3 out of 5 stars","+6"
"312",13,"Chris Brooks",GB,"RB90","5","4 out of 5 stars","+292"
"313",13,"Jermaine Burton",CIN,"WR111","10","3 out of 5 stars","+115"
"314",13,"Tyler Higbee",LAR,"TE39","8","4 out of 5 stars","-6"
"315",13,"Tez Johnson",TB,"WR112","9","3 out of 5 stars","+24"
"316",13,"Khalil Herbert",FA,"RB91","-","-","+99"
"317",13,"Kimani Vidal",LAC,"RB92","12","2 out of 5 stars","+307"
"318",13,"Ty Chandler",MIN,"RB93","6","3 out of 5 stars","+46"
"319",13,"Samaje Perine",CIN,"RB94","10","4 out of 5 stars","+68"
"320",13,"Phil Mafah",DAL,"RB95","10","2 out of 5 stars","+230"
"321",13,"Shedeur Sanders",CLE,"QB36","9","2 out of 5 stars","-84"
"322",13,"Oronde Gadsden II",LAC,"TE40","12","3 out of 5 stars","+53"
"323",13,"Sincere McCormick",SF,"RB96","14","3 out of 5 stars","+318"
"324",13,"Jordan Whittington",LAR,"WR113","8","3 out of 5 stars","+60"
"325",13,"Jason Myers",SEA,"K19","8","5 out of 5 stars","0"
"326",13,"Josh Reynolds",NYJ,"WR114","9","4 out of 5 stars","+181"
"327",13,"Damien Martinez",SEA,"RB97","8","3 out of 5 stars","+26"
"328",13,"Zamir White",LV,"RB98","8","2 out of 5 stars","-10"
"329",13,"Ben Sinnott",WAS,"TE41","12","3 out of 5 stars","+53"
"330",13,"Noah Brown",WAS,"WR115","12","3 out of 5 stars","+125"
"331",13,"KaVontae Turpin",DAL,"WR116","10","2 out of 5 stars","+10"
"332",13,"Tyler Conklin",LAC,"TE42","12","3 out of 5 stars","-53"
"333",13,"Will Dissly",LAC,"TE43","12","3 out of 5 stars","+15"
"334",13,"Raheim Sanders",CLE,"RB99","9","4 out of 5 stars","+199"
"335",13,"Cam Little",JAC,"K20","8","5 out of 5 stars","-158"
"336",13,"Brandon McManus",GB,"K21","5","3 out of 5 stars","-114"
"337",14,"New York Giants",NYG,"DST22","14","1 out of 5 stars","-136"
"338",14,"Jalen Milroe",SEA,"QB37","8","4 out of 5 stars","-67"
"339",14,"Gabe Davis",FA,"WR117","-","-","+141"
"340",14,"KeAndre Lambert-Smith",LAC,"WR118","12","3 out of 5 stars","-9"
"341",14,"A.J. Dillon",PHI,"RB100","9","3 out of 5 stars","-9"
"342",14,"Jaylin Lane",WAS,"WR119","12","3 out of 5 stars","+142"
"343",14,"Isaiah Bond",CLE,"WR120","9","2 out of 5 stars","+51"
"344",14,"John Metchie III",PHI,"WR121","9","3 out of 5 stars","+2"
"345",14,"Demarcus Robinson",SF,"WR122","14","4 out of 5 stars","+60"
"346",14,"Michael Mayer",LV,"TE44","8","2 out of 5 stars","-12"
"347",14,"Miami Dolphins",MIA,"DST23","12","2 out of 5 stars","-87"
"348",14,"Zack Moss",FA,"RB101","-","-","-82"
"349",14,"Tai Felton",MIN,"WR123","6","2 out of 5 stars","+129"
"350",14,"Dawson Knox",BUF,"TE45","7","3 out of 5 stars","-50"
"351",14,"Olamide Zaccheaus",CHI,"WR124","5","2 out of 5 stars","-18"
"352",14,"AJ Barner",SEA,"TE46","8","4 out of 5 stars","+43"
"353",14,"Jake Moody",SF,"K22","14","5 out of 5 stars","-130"
"354",14,"Kirk Cousins",ATL,"QB38","5","4 out of 5 stars","-59"
"355",14,"Marquez Valdes-Scantling",SF,"WR125","14","4 out of 5 stars","-48"
"356",14,"Washington Commanders",WAS,"DST24","12","4 out of 5 stars","-157"
"357",14,"Allen Lazard",NYJ,"WR126","9","4 out of 5 stars","+20"
"358",14,"Luke Musgrave",GB,"TE47","5","2 out of 5 stars","-37"
"359",14,"Dillon Gabriel",CLE,"QB39","9","2 out of 5 stars","+222"
"360",14,"Curtis Samuel",BUF,"WR127","7","3 out of 5 stars","+96"
"361",14,"Chimere Dike",TEN,"WR128","10","4 out of 5 stars","+273"
"362",14,"Savion Williams",GB,"WR129","5","2 out of 5 stars","+65"
"363",14,"Mack Hollins",NE,"WR130","14","3 out of 5 stars","+22"
"364",14,"Jameis Winston",NYG,"QB40","14","1 out of 5 stars","-50"
"365",14,"LeQuint Allen Jr.",JAC,"RB102","8","2 out of 5 stars","+253"
"366",14,"Justin Tucker",FA,"K23","-","-","-101"
"367",14,"Kalel Mullings",TEN,"RB103","10","2 out of 5 stars","+190"
"368",14,"Zay Jones",ARI,"WR131","8","4 out of 5 stars","+147"
"369",14,"Jimmy Garoppolo",LAR,"QB41","8","3 out of 5 stars","-22"
"370",14,"Emari Demercado",ARI,"RB104","8","3 out of 5 stars","+225"
"371",14,"Gus Edwards",FA,"RB105","-","-","+199"
"372",14,"Gunnar Helm",TEN,"TE48","10","3 out of 5 stars","+38"
"373",14,"Austin Hooper",NE,"TE49","14","3 out of 5 stars","-30"
"374",14,"Jahan Dotson",PHI,"WR132","9","3 out of 5 stars","-47"
"375",14,"Van Jefferson",TEN,"WR133","10","4 out of 5 stars","+128"
"376",14,"Indianapolis Colts",IND,"DST25","11","4 out of 5 stars","-118"
"377",14,"Tank Dell",HOU,"WR134","6","4 out of 5 stars","-61"
"378",14,"Cam Akers",FA,"RB106","-","-","+34"
"379",14,"Greg Dortch",ARI,"WR135","8","4 out of 5 stars","+182"
"380",14,"Cairo Santos",CHI,"K24","5","1 out of 5 stars","-98"
"381",14,"Jamari Thrash",CLE,"WR136","9","2 out of 5 stars","+198"
"382",14,"Trey Sermon",PIT,"RB107","5","4 out of 5 stars","+202"
"383",14,"Donovan Edwards",WAS,"RB108","12","2 out of 5 stars","+223"
"384",14,"Atlanta Falcons",ATL,"DST26","5","3 out of 5 stars","-110"
"385",14,"Craig Reynolds",DET,"RB109","8","2 out of 5 stars","-16"
"386",14,"Matt Prater",FA,"K25","-","-","+113"
"387",14,"Chad Ryland",ARI,"K26","8","3 out of 5 stars","-49"
"388",14,"Kyle Juszczyk",SF,"RB110","14","3 out of 5 stars","+37"
"389",14,"Efton Chism III",NE,"WR137","14","3 out of 5 stars","-63"
"390",14,"Cade Stover",HOU,"TE50","6","3 out of 5 stars","+106"
"391",15,"Blake Grupe",NO,"K27","11","5 out of 5 stars","-82"
"392",15,"Foster Moreau",NO,"TE51","11","3 out of 5 stars","+238"
"393",15,"Kenny Pickett",LV,"QB42","8","3 out of 5 stars","+25"
"394",15,"Antwane Wells Jr.",FA,"WR138","-","-","-"
"395",15,"Luke Schoonmaker",DAL,"TE52","10","2 out of 5 stars","+1"
"396",15,"Jacob Cowing",SF,"WR139","14","4 out of 5 stars","+267"
"397",15,"Hunter Renfrow",FA,"WR140","-","-","-68"
"398",15,"Joe Milton III",DAL,"QB43","10","2 out of 5 stars","-62"
"399",15,"Tommy Tremble",CAR,"TE53","14","4 out of 5 stars","+61"
"400",15,"Jonathon Brooks",CAR,"RB111","14","3 out of 5 stars","+243"
"401",15,"Tyrod Taylor",NYJ,"QB44","9","5 out of 5 stars","+267"
"402",15,"Cincinnati Bengals",CIN,"DST27","10","2 out of 5 stars","-168"
"403",15,"Theo Wease Jr.",MIA,"WR141","12","3 out of 5 stars","-"
"404",15,"JuJu Smith-Schuster",KC,"WR142","10","3 out of 5 stars","-98"
"405",15,"Josh Oliver",MIN,"TE54","6","3 out of 5 stars","-50"
"406",15,"Graham Gano",NYG,"K28","14","0 out of 5 stars","-117"
"407",15,"Eddy Pineiro",FA,"K29","-","-","+76"
"408",15,"New Orleans Saints",NO,"DST28","11","4 out of 5 stars","-145"
"409",15,"Arian Smith",NYJ,"WR143","9","4 out of 5 stars","+178"
"410",15,"Nick Folk",NYJ,"K30","9","2 out of 5 stars","-91"
"411",15,"Dare Ogunbowale",HOU,"RB112","6","2 out of 5 stars","+267"
"412",15,"Jalin Hyatt",NYG,"WR144","14","2 out of 5 stars","-36"
"413",15,"Julius Chestnut",TEN,"RB113","10","2 out of 5 stars","+170"
"414",15,"Jeremy McNichols",WAS,"RB114","12","2 out of 5 stars","+34"
"415",15,"Robert Woods",PIT,"WR145","5","4 out of 5 stars","+43"
"416",15,"Xavier Hutchinson",HOU,"WR146","6","4 out of 5 stars","+229"
"417",15,"George Holani",SEA,"RB115","8","3 out of 5 stars","+191"
"418",15,"Ja'Quinden Jackson",JAC,"RB116","8","2 out of 5 stars","+319"
"419",15,"Mason Rudolph",PIT,"QB45","5","4 out of 5 stars","-65"
"420",15,"Clyde Edwards-Helaire",FA,"RB117","-","-","+176"
"421",15,"Devontez Walker",BAL,"WR147","7","3 out of 5 stars","+110"
"422",15,"Tyler Goodson",IND,"RB118","11","2 out of 5 stars","+210"
"423",15,"Grant Calcaterra",PHI,"TE55","9","3 out of 5 stars","-63"
"424",15,"Pierre Strong Jr.",FA,"RB119","-","-","+271"
"425",15,"Jordan Watkins",SF,"WR148","14","4 out of 5 stars","+192"
"426",15,"Jeremy Ruckert",NYJ,"TE56","9","3 out of 5 stars","+181"
"427",15,"Jimmy Horn Jr.",CAR,"WR149","14","4 out of 5 stars","-70"
"428",15,"Tyquan Thornton",KC,"WR150","10","3 out of 5 stars","+19"
"429",15,"Skyy Moore",SF,"WR151","14","4 out of 5 stars","-38"
"430",15,"Malik Willis",GB,"QB46","5","2 out of 5 stars","-67"
"431",15,"Hassan Haskins",LAC,"RB120","12","2 out of 5 stars","+204"
"432",15,"Alec Ingold",MIA,"RB121","12","4 out of 5 stars","+254"
"433",15,"Jonathan Mingo",DAL,"WR152","10","2 out of 5 stars","+178"
"434",15,"D'Ernest Johnson",FA,"RB122","-","-","-"
"435",15,"Kendrick Bourne",FA,"WR153","-","-","+156"
"436",15,"Las Vegas Raiders",LV,"DST29","8","4 out of 5 stars","-175"
"437",15,"Sterling Shepard",TB,"WR154","9","3 out of 5 stars","-11"
"438",15,"Casey Washington",ATL,"WR155","5","3 out of 5 stars","+395"
"439",15,"Deshaun Watson",CLE,"QB47","9","2 out of 5 stars","-66"
"440",15,"Darnell Washington",PIT,"TE57","5","3 out of 5 stars","-103"
"441",15,"Aidan O'Connell",LV,"QB48","8","3 out of 5 stars","+206"
"442",15,"Elijah Higgins",ARI,"TE58","8","5 out of 5 stars","-80"
"443",15,"Mitchell Tinsley",CIN,"WR156","10","3 out of 5 stars","-46"
"444",15,"Mitchell Evans",CAR,"TE59","14","4 out of 5 stars","-22"
"445",15,"Tyler Johnson",FA,"WR157","-","-","+210"
"446",15,"Javon Baker",NE,"WR158","14","3 out of 5 stars","+258"
"447",15,"Kalif Raymond",DET,"WR159","8","3 out of 5 stars","-55"
"448",15,"Tyler Badie",DEN,"RB123","12","2 out of 5 stars","+144"
"449",15,"Chris Tyree",NO,"RB124","11","4 out of 5 stars","-"
"450",15,"Greg Dulcich",MIA,"TE60","12","3 out of 5 stars","+332"
"451",15,"Carson Steele",KC,"RB125","10","2 out of 5 stars","-53"
"452",15,"John Bates",WAS,"TE61","12","3 out of 5 stars","+16"
"453",15,"Sione Vaki",DET,"RB126","8","2 out of 5 stars","+205"
"454",15,"KhaDarel Hodge",ATL,"WR160","5","3 out of 5 stars","+274"
"455",15,"Stone Smartt",NYJ,"TE62","9","3 out of 5 stars","+344"
"456",15,"Matthew Wright",FA,"K31","-","-","-91"
"457",15,"DeeJay Dallas",FA,"RB127","-","-","+233"
"458",15,"Cordarrelle Patterson",FA,"RB128","-","-","+209"
"459",15,"Luke Farrell",SF,"TE63","14","3 out of 5 stars","+84"
"460",15,"Jacoby Brissett",ARI,"QB49","8","4 out of 5 stars","+211"
"461",15,"Julian Hill",MIA,"TE64","12","3 out of 5 stars","-59"
"462",15,"Gardner Minshew II",KC,"QB50","10","3 out of 5 stars","-81"
"463",16,"Mac Jones",SF,"QB51","14","4 out of 5 stars","-60"
"464",16,"Michael Carter",ARI,"RB129","8","3 out of 5 stars","+118"
"465",16,"Michael Gallup",FA,"WR161","-","-","+215"
"466",16,"Marcus Mariota",WAS,"QB52","12","2 out of 5 stars","-34"
"467",16,"Malachi Corley",CLE,"WR162","9","2 out of 5 stars","+378"
"468",16,"Jacksonville Jaguars",JAC,"DST30","8","4 out of 5 stars","-191"
"469",16,"Tennessee Titans",TEN,"DST31","10","5 out of 5 stars","-194"
"470",16,"Jake Bobo",SEA,"WR163","8","3 out of 5 stars","-114"
"471",16,"Carolina Panthers",CAR,"DST32","14","3 out of 5 stars","-160"
"472",16,"Zach Wilson",MIA,"QB53","12","5 out of 5 stars","-29"
"473",16,"Charlie Kolar",BAL,"TE65","7","3 out of 5 stars","+148"
"474",16,"Rasheen Ali",BAL,"RB130","7","4 out of 5 stars","+79"
"475",16,"Cooper Rush",BAL,"QB54","7","3 out of 5 stars","-76"
"476",16,"Tanner Hudson",CIN,"TE66","10","2 out of 5 stars","+203"
"477",16,"Sam Howell",PHI,"QB55","9","3 out of 5 stars","-38"
"478",16,"Hunter Luepke",DAL,"RB131","10","2 out of 5 stars","+125"
"479",16,"Dylan Laube",LV,"RB132","8","2 out of 5 stars","+157"
"480",16,"Jake Browning",CIN,"QB56","10","2 out of 5 stars","-67"
"481",16,"Daniel Bellinger",NYG,"TE67","14","2 out of 5 stars","-14"
"482",16,"Marcus Yarns",FA,"RB133","-","-","+327"
"483",16,"Beaux Collins",NYG,"WR164","14","2 out of 5 stars","+335"
"484",16,"Harrison Bryant",HOU,"TE68","6","3 out of 5 stars","+205"
"485",16,"Drew Lock",SEA,"QB57","8","4 out of 5 stars","-35"
"486",16,"Thomas Fidone II",NYG,"TE69","14","2 out of 5 stars","+76"
"487",16,"Jeff Wilson Jr.",MIA,"RB134","12","4 out of 5 stars","+198"
"488",16,"Carlos Washington Jr.",ATL,"RB135","5","4 out of 5 stars","-"
"489",16,"Josh Whyle",GB,"TE70","5","2 out of 5 stars","+101"
"490",16,"Luke Lachey",FA,"TE71","-","-","-"
"491",16,"Derius Davis",LAC,"WR165","12","3 out of 5 stars","+7"
"492",16,"David Moore",CAR,"WR166","14","4 out of 5 stars","-102"
"493",16,"Michael Burton",DEN,"RB136","12","2 out of 5 stars","+105"
"494",16,"Brock Wright",DET,"TE72","8","3 out of 5 stars","-126"
"495",16,"C.J. Ham",MIN,"RB137","6","3 out of 5 stars","-58"
"496",16,"Eric Gray",NYG,"RB138","14","3 out of 5 stars","+312"
"497",16,"Nick Nash",ATL,"WR167","5","3 out of 5 stars","+156"
"498",16,"Charlie Woerner",ATL,"TE73","5","3 out of 5 stars","+258"
"499",16,"Andrew Beck",NYJ,"TE74","9","3 out of 5 stars","+158"
"500",16,"Patrick Ricard",BAL,"RB139","7","4 out of 5 stars","-7"
"501",16,"Josh Williams",TB,"RB140","9","3 out of 5 stars","-"
"502",16,"Kene Nwangwu",NYJ,"RB141","9","5 out of 5 stars","+270"
"503",16,"Chris Blair",ATL,"WR168","5","3 out of 5 stars","-"
"504",16,"Jelani Woods",NYJ,"TE75","9","3 out of 5 stars","+279"
"505",16,"Tanner McKee",PHI,"QB58","9","3 out of 5 stars","-119"
"506",16,"Lucas Krull",DEN,"TE76","12","3 out of 5 stars","+191"