"Player","Rank","ADP","Diff","Finish2024","Team","Pos","PosRank","Notes","Id"
"Ja'Marr Chase","1","1.1","0.09","2","CIN","WR","1","","b24eb93f-72bd-4c23-bed6-807d542bab65"
"CeeDee Lamb","2","3.6","0.44","29","DAL","WR","2","","1b76bd49-ac28-457e-96a6-4b2135c9ff73"
"Saquon Barkley","3","4.4","0.32","1","PHI","RB","1","","1dad2b6f-6089-4844-8319-6f1eb23b5003"
"Jahmyr Gibbs","4","4.6","0.13","3","DET","RB","2","","0ec23474-d4b8-4dcd-9157-b6de1fb8ff84"
"Bijan Robinson","5","2.4","-1.08","5","ATL","RB","3","","b42031b0-6abb-4621-90c0-e3f8041f6c9d"
"Christian McCaffrey","6","6.9","0.13","","SF","RB","4","","baefa551-0611-4836-b43a-1d6c105211b7"
"Nico Collins","7","8.8","0.2","21","HOU","WR","3","","13c991e1-747d-4cbd-9bdb-a5e017bdb77b"
"Justin Jefferson","8","5.7","-0.4","18","MIN","WR","4","","fb2b25a4-b791-4ef0-bc45-41099b503a69"
"Amon-Ra St. Brown","9","10.8","0.17","9","DET","WR","5","","3ee87ad4-537e-46ac-8cf4-d2bf5f8540ed"
"Puka Nacua","10","11.6","0.14","20","LA","WR","6","","827b3a04-55f4-4c0e-940f-62be3233dd15"
"Brian Thomas","11","13.2","0.17","25","JAX","WR","7","","6d89c0c5-4756-43ab-b80f-70fc83e5efa8"
"Malik Nabers","12","9.3","-0.29","28","NYG","WR","8","","c2ff3b1f-dbc0-4314-986a-3a2c1dc5bf50"
"Drake London","13","15.4","0.16","34","ATL","WR","9","","0fd6a099-0696-4aeb-b7c8-bf3c5280db0f"
"Ashton Jeanty","14","13.9","-0.01","","LV","RB","5","Rookie","8f217c44-cc37-44a8-84f9-d82cd3fe91ff"
"A.J. Brown","15","17.7","0.15","37","PHI","WR","10","","2eb19695-162b-4d6f-970d-266b3513ddbd"
"Derrick Henry","16","14.2","-0.13","4","BAL","RB","6","","9b791eb1-eb3f-4216-87c5-a381fd694aff"
"Tee Higgins","17","25.5","0.33","12","CIN","WR","11","","43973f1b-ff52-44cd-a5d1-43426587f368"
"Josh Jacobs","18","23.2","0.22","7","GB","RB","7","","9ecd270d-e314-466e-8cff-126385d8a9e9"
"Jonathan Taylor","19","21.1","0.1","6","IND","RB","8","","a93a8358-f3eb-4a07-9a85-a13a0b2427a2"
"Chase Brown","20","20.3","0.01","22","CIN","RB","9","","221733f8-7235-4b9e-a2cd-45dad292e33b"
"Bucky Irving","21","21.2","0.01","32","TB","RB","10","","1bc16f8e-964e-4946-b3da-bd7b7fe8731e"
"De'Von Achane","22","12.4","-0.77","15","MIA","RB","11","","9a97b0b2-fda2-4d87-8392-50b32ea6fcd3"
"Ladd McConkey","23","20.2","-0.14","33","LAC","WR","12","","f41070b3-c28d-4cff-afb4-6bae844edabf"
"Trey McBride","24","26.2","0.08","60","ARI","TE","1","","d6c8b5b5-c01a-43d4-84b5-cbad5e4a7f21"
"Brock Bowers","25","18.6","-0.34","52","LV","TE","2","","d98df6de-a814-477a-bd9b-b6a747f32ab4"
"Tyreek Hill","26","24.8","-0.05","78","MIA","WR","13","","d8aca1d5-8318-4ada-9cf1-18ef1b60b464"
"Lamar Jackson","27","28.9","0.07","24","BAL","QB","1","","c3c29d05-6c66-4726-b2b3-01f5323a8087"
"Josh Allen","28","27.9","0","30","BUF","QB","2","","0467ab97-0708-4a95-88ef-124455ac4ac1"
"Xavier Worthy","29","40.7","0.29","47","KC","WR","14","","4122e07d-fe79-4816-9292-4f6a94b00cbc"
"Omarion Hampton","30","29.3","-0.02","","LAC","RB","12","Rookie","fd373123-6fc9-4e2c-829c-9879ae96caea"
"Jayden Daniels","31","38.6","0.2","39","WAS","QB","3","","09d74295-61f2-4824-b49b-f1c677be0763"
"George Kittle","32","36.1","0.11","36","SF","TE","3","","6d78912a-4699-4228-9e18-621c213202a7"
"Jalen Hurts","33","43.4","0.24","49","PHI","QB","4","","a547b04a-38e6-435e-9f9d-81a34e7aac6c"
"James Cook","34","39.1","0.13","11","BUF","RB","13","","cf7f210d-aa77-4481-a6ce-def8eb13c4a7"
"Kenneth Walker III","35","47.2","0.26","26","SEA","RB","14","","ffbb0124-5050-4795-b305-591cb44a8490"
"Garrett Wilson","36","31.4","-0.15","57","NYJ","WR","15","","146fb59c-b8ff-414a-86a7-3c2e612a81c0"
"Davante Adams","37","35.1","-0.05","27","LA","WR","16","","3bca74ae-aea9-4b96-9cfa-ba6320a9dca6"
"Jaxon Smith-Njigba","38","32.9","-0.16","44","SEA","WR","17","","e92d0ab0-3f60-456a-a57f-b689b8107c7a"
"Terry McLaurin","39","42.2","0.08","23","WAS","WR","18","","bdbd91c4-8792-4056-a4b1-dabc074aa580"
"George Pickens","40","43.4","0.08","86","DAL","WR","19","","7db4138f-109b-4b32-8c1b-cd51a4c12d1f"
"Kyren Williams","41","31.6","-0.3","14","LA","RB","15","","48699f93-77e6-48ee-93cc-df880846796f"
"Mike Evans","42","36","-0.17","17","TB","WR","20","","c72e9110-c8be-4bcf-a567-d78c9f3073d1"
"Travis Hunter","43","56.3","0.24","","JAX","WR","21","Rookie","d8c923f8-3ccf-49c2-895a-c58ad280c088"
"Tetairoa McMillan","44","38.8","-0.13","","CAR","WR","22","Rookie","c00d3668-c5ca-41be-bbb3-30e421920276"
"Marvin Harrison","45","29.6","-0.59","74","ARI","WR","23","","799eb40c-a66a-4fd8-a8e3-186fc3f20ccb"
"Alvin Kamara","46","56.4","0.2","10","NO","RB","16","","d2928ec9-ae89-4894-aded-09b6602cf28e"
"Chuba Hubbard","47","54.5","0.16","16","CAR","RB","17","","a8c3cb2b-7728-4ee0-8f89-f218e5e0c409"
"James Conner","48","59.4","0.16","19","ARI","RB","18","","c43f5ce9-2f01-49df-83cb-c198ca9c49c8"
"Breece Hall","49","40.1","-0.45","35","NYJ","RB","19","","0f31f57a-5461-4802-811e-f84fde65f9b5"
"Calvin Ridley","50","51.7","0.07","88","TEN","WR","24","","2c4e3e6e-667c-44c3-8083-bfd11b1fd7a8"
"Jaylen Waddle","51","55.5","0.12","136","MIA","WR","25","","506c6382-05b9-4090-ada6-aa977ab6afca"
"Courtland Sutton","52","49.7","-0.03","54","DEN","WR","26","","7601e2e8-add1-4c8c-b169-b63a49fdf57b"
"DK Metcalf","53","50.1","-0.04","82","PIT","WR","27","","30669c4d-f918-49b2-9f5b-8bd47016d097"
"DeVonta Smith","54","52","-0.02","48","PHI","WR","28","","4bb0512e-9cfd-430d-9742-1fff9f043b18"
"Zay Flowers","55","57.6","0.06","80","BAL","WR","29","","655f249b-461d-426c-97c7-efc20870c660"
"Matthew Golden","56","70.4","0.22","","GB","WR","30","Rookie","53ef4d2b-2f6f-4b63-b1bc-a76c109cf4c4"
"Joe Burrow","57","59.6","0.06","41","CIN","QB","5","","08681b3b-8775-4637-84fa-e23da96e59f6"
"TreVeyon Henderson","58","48","-0.19","","NE","RB","20","Rookie","e04ddd15-a5ab-41e8-82b2-3dfc90a2c893"
"D.J. Moore","59","46.9","-0.26","70","CHI","WR","34","","47f49002-0e7d-4f51-9a15-525ef6397fde"
"Jakobi Meyers","60","71.8","0.16","69","LV","WR","31","","6d09867d-203b-4d91-975c-128125e7cf89"
"Emeka Egbuka","61","65.8","0.07","","TB","WR","32","Rookie","a41974fe-71b2-408e-847d-86405b104654"
"Jameson Williams","62","45.8","-0.35","51","DET","WR","35","","c3a3bd66-d55d-44f7-98f6-78450678fa87"
"Rome Odunze","63","62.3","-0.01","145","CHI","WR","33","","be004901-0a0f-41cd-ab83-c0d8d7ad916d"
"Jauan Jennings","64","73.1","0.12","53","SF","WR","36","","2d542871-3989-447d-89e6-9dcfbd6894e6"
"Ricky Pearsall","65","63.1","-0.03","92","SF","WR","37","","812a947e-6ecc-43ce-9572-ac9da7cc4bcb"
"Stefon Diggs","66","68.1","0.03","50","NE","WR","38","","e57459d1-a8ea-4e55-909d-06b378e09b02"
"Chris Olave","67","65.9","-0.02","98","NO","WR","39","","1b2c7c20-e458-454d-be39-7aaebabf1e30"
"Deebo Samuel","68","66.9","-0.02","94","WAS","WR","40","","533aaf00-6105-4dc7-9e32-ee6e0e78a66a"
"David Montgomery","69","75.7","0.09","31","DET","RB","21","","e4bcd565-12d4-4b4c-91b1-1b72541b24e2"
"RJ Harvey","70","60.3","-0.16","","DEN","RB","22","Rookie","fbc4cce8-3964-402c-a0a6-dbe13b5ebd86"
"Tony Pollard","71","73.6","0.04","62","TEN","RB","23","","5c510a1a-d9f3-47c5-8c7f-c9c7d0968dd5"
"Isiah Pacheco","72","72.7","0.01","172","KC","RB","24","","467dd20b-81e4-42a3-837a-ed937702925e"
"Patrick Mahomes","73","81.3","0.1","114","KC","QB","6","","4808cc03-7e41-4c33-974f-a1701a98324c"
"Rashee Rice","74","50.3","-0.47","","KC","WR","41","4-6 game suspension likely","f1e0fe78-af51-4e41-9f58-a8146a69c5a9"
"Jordan Addison","75","74.5","-0.01","43","MIN","WR","42","1-3 game suspension likely","411b0cfe-9139-43a5-a95c-748758368d75"
"Jerry Jeudy","76","70.9","-0.07","55","CLE","WR","43","","c34084aa-c044-4695-81ee-6328f98c591c"
"Travis Kelce","77","93.8","0.18","89","KC","TE","4","","bbd7c5bc-808f-4c97-80e1-6029515ff8bc"
"Sam LaPorta","78","76.6","-0.02","103","DET","TE","5","","a259e591-fec1-4185-a0b2-43a434cc9f49"
"Aaron Jones","79","80.3","0.02","45","MIN","RB","25","","f50101bc-fbfa-4a82-a625-c11c479cfbe8"
"Kaleb Johnson","80","73.1","-0.09","","PIT","RB","26","Rookie","ea213cff-af5a-4902-b17d-14591284ccac"
"D'Andre Swift","81","67.6","-0.2","63","CHI","RB","27","","94224657-62c9-4238-86f2-ba2c07ce0e4b"
"Travis Etienne Jr.","82","100","0.18","182","JAX","RB","28","","fb9df616-a7a2-4339-ab1a-b3e5dfd2278b"
"Brock Purdy","83","102.2","0.19","97","SF","QB","7","","a9944d33-2618-448b-9dfb-73b9a43b1296"
"Bo Nix","84","97.1","0.13","99","DEN","QB","8","","bfa23971-1c74-42b7-a7da-cf3bb80a1355"
"Kyler Murray","85","95.8","0.11","108","ARI","QB","9","","017dad8b-5da7-4e17-a567-10e147fbb7c7"
"Mark Andrews","86","98.7","0.13","96","BAL","TE","6","","f52f0cdf-de38-4cd9-a5c9-b54b2958ea05"
"T.J. Hockenson","87","86.3","-0.01","153","MIN","TE","7","","4ddaf397-6424-4910-b9ec-49aef1d2b69a"
"Rashid Shaheed","88","107.4","0.18","40","NO","WR","44","","8c7f9176-18b8-4f59-bc46-2c14a60bfed8"
"Zach Charbonnet","89","107.6","0.17","77","SEA","RB","29","","39526890-3152-4899-a948-99f0a9858b6f"
"Jordan Mason","90","84.8","-0.06","87","MIN","RB","30","","85474863-13c5-412b-a5fd-cebdd1383524"
"Tucker Kraft","91","117.2","0.22","118","GB","TE","8","","48dddfc4-9fbb-49f7-93ca-49b5bad5b640"
"Colston Loveland","92","113.3","0.19","","CHI","TE","9","Rookie","72f1fd78-4146-4527-8de9-823b13309425"
"Tyler Warren","93","102.8","0.1","","IND","TE","10","Rookie","59cd0550-2714-465f-a640-99957e7fc514"
"Jayden Reed","94","81.4","-0.15","83","GB","WR","45","","f234f298-dc09-48a1-8198-168a9c25c28c"
"Keon Coleman","95","95.3","0","169","BUF","WR","46","","d94128a2-2821-4fe3-95ee-ad6a026b85cb"
"Michael Pittman Jr.","96","95.5","-0.01","122","IND","WR","47","","1589e799-5723-4f51-a99a-817c1f5d9a61"
"Josh Downs","97","85.5","-0.13","67","IND","WR","48","","2965705e-121c-4f6f-a67e-200c1f221343"
"Cooper Kupp","98","98.5","0.01","46","SEA","WR","49","","c0c80e9d-fe68-441d-90d4-b5828752b9c7"
"Baker Mayfield","99","91.8","-0.08","56","TB","QB","10","","12a4ad78-4491-4aa3-8373-0fa48356c7f7"
"Darnell Mooney","100","103.4","0.03","71","ATL","WR","50","","eefaafc6-b10a-4794-a6dc-4233a1c2263f"
"Khalil Shakir","101","83.4","-0.21","113","BUF","WR","51","","55ba823b-3e25-4a1d-922d-9c622a052aaf"
"Cam Skattebo","102","115.9","0.12","","NYG","RB","31","Rookie","45040fd6-c586-4f05-b4a5-35e32042f5c8"
"Joe Mixon","103","90.3","-0.14","8","HOU","RB","32","","9da4da3d-00e5-494d-9b92-dd875a92a9c1"
"Chris Godwin","104","90.9","-0.14","13","TB","WR","52","Dislocated ankle","d0d1514c-26e3-405f-84de-8072bc2b0fa7"
"Keenan Allen","105","129.6","0.19","66","LAC","WR","53","","8086a0ab-51d0-4510-af6e-34603b9ad807"
"Dak Prescott","106","104.8","-0.01","162","DAL","QB","11","","1a3c579b-489d-476c-8e92-96396daccfa2"
"Caleb Williams","107","114.7","0.07","124","CHI","QB","12","","a6e88774-89df-4886-b850-16c63473fcbe"
"Jaylen Warren","108","90.6","-0.19","177","PIT","RB","33","","d8c284a1-8746-41fc-bd8e-fbfb20bf2e92"
"J.K. Dobbins","109","102.5","-0.06","42","DEN","RB","34","","fb971e03-d484-4d81-982d-0e0af12179e6"
"Tyrone Tracy","110","91.9","-0.2","81","NYG","RB","35","","c8fd58f1-4635-46b0-9727-6cdd493a63a0"
"Evan Engram","111","106.7","-0.05","180","DEN","TE","11","","43e1dda1-d83d-4da9-a11a-e6c4b714e102"
"Dalton Kincaid","112","130.4","0.13","258","BUF","TE","12","","8e3162f9-5b76-46e8-b189-777db6212f8b"
"Justin Herbert","113","125.4","0.09","141","LAC","QB","13","","37bd88b0-b695-4a09-a0e9-fc29f6c14dfd"
"Justin Fields","114","104.2","-0.1","148","NYJ","QB","14","","69a1328c-ef69-41a4-a9c6-9ef0f96179f0"
"Drake Maye","115","110.8","-0.05","262","NE","QB","15","","1fd437b3-ec8a-40ff-af9b-bdeb9e195111"
"Jared Goff","116","118.8","0.02","68","DET","QB","16","","a889c484-29f2-47ac-805b-49691067644b"
"Rhamondre Stevenson","117","123.1","0.03","61","NE","RB","36","","9a1d9082-34b9-40f4-8e3c-330caa3fa989"
"Jacory Croskey-Merritt","118","170.9","0.13","","WAS","RB","37","Rookie","f47f5778-3c4d-4320-a4f9-cb57a229024a"
"Jayden Higgins","119","89","-0.35","","HOU","WR","54","Rookie","6f51ed2b-b312-4ac8-a02b-f791528ab5eb"
"Rashod Bateman","120","115.5","-0.05","91","BAL","WR","56","","a539369c-22ad-4d91-b5b9-a616d39018b8"
"Marvin Mims Jr.","121","123.8","0.01","107","DEN","WR","57","","e7384056-0c8d-48b5-8ece-43a68ad9d200"
"Brandon Aiyuk","122","114.4","-0.08","157","SF","WR","55","Torn ACL + MCL","7eba46a1-1484-4352-b7f8-480163694c25"
"Christian Kirk","123","121","-0.02","151","HOU","WR","58","","e35cb821-a7ae-41d8-a7c1-3fb43082b786"
"Jordan Love","124","126.8","0.01","173","GB","QB","17","","86d70c50-1438-435a-be56-17fc097d2763"
"Ray Davis","125","129.8","0.03","146","BUF","RB","38","","216c2a61-381c-4520-a163-a8af32943fb9"
"Braelon Allen","126","144","0.12","217","NYJ","RB","39","","84f0a2d4-81a1-424b-a516-172e02cd82e3"
"David Njoku","127","119.9","-0.07","75","CLE","TE","13","","96103fd4-acc7-4dba-adcf-ae140cf7d983"
"Dallas Goedert","128","138.7","0.07","123","PHI","TE","14","","315ad6ba-764f-4118-9deb-03720308a0c2"
"Jake Ferguson","129","135.8","0.04","228","DAL","TE","15","","5336c84a-59d1-4502-b26c-a9a7a5683195"
"C.J. Stroud","130","132","0.01","269","HOU","QB","18","","d97eb184-b572-477a-98c8-e918a0bf1c66"
"Trevor Lawrence","131","130","-0.02","206","JAX","QB","19","","01b46905-02f2-4016-a320-7cc36b5d1afc"
"Austin Ekeler","132","167.3","0.11","115","WAS","RB","40","","566b0f64-6a4f-4882-aa36-99d15ce990f5"
"Isaac Guerendo","133","161.9","0.18","106","SF","RB","41","","5517771d-f8e5-4ab2-b023-c06057b9d12a"
"Tyler Allgeier","134","155.2","0.14","212","ATL","RB","42","","00403734-5e69-424c-974e-ceefbc335618"
"Will Shipley","135","181.5","0.26","193","PHI","RB","43","","f69a3a63-744a-4568-a158-b69f0d5e4eb6"
"Quinshon Judkins","136","118.6","0.06","","CLE","RB","44","Rookie","513473ee-8e3f-48d1-a0fc-a4f77bc195b9"
"Javonte Williams","137","133.4","-0.02","130","DAL","RB","45","","af512904-a1c9-4f40-ac9b-3f04329bc6b8"
"Kyle Pitts","138","139.6","0.02","152","ATL","TE","16","Trade Candidate","baf94a12-0921-4655-9b10-12b59b77c57c"
"Luther Burden","139","117.1","-0.18","","CHI","WR","59","Rookie","9df8f9e8-d362-46e0-be35-502442b747e6"
"Darius Slayton","140","196.9","0.29","167","NYG","WR","60","","bdecac5a-bd13-4a2c-94c8-4ff12c29d50a"
"Cedric Tillman","141","151.7","0.08","93","CLE","WR","61","","be28ffd2-9c10-44fd-937a-0dd5fa9f22c9"
"Bryce Young","142","148.7","0.05","117","CAR","QB","20","","04c979d6-83b7-40dc-83fc-ed4db79ce5f9"
"J.J. McCarthy","143","123.3","-0.15","","MIN","QB","21","","78a6939e-5faf-45ed-98f2-674a84e65045"
"Bhayshul Tuten","144","136.1","-0.05","","JAX","RB","47","Rookie","ae822ce4-b4ff-4b53-bf83-be036fe15dd2"
"Tank Bigsby","145","127.6","-0.13","95","JAX","RB","48","","91edd6d6-bd65-4571-8713-41fc3cd2eb92"
"Rico Dowdle","146","177.1","0.18","65","CAR","RB","49","","a07ec2e7-a9ff-4797-8b81-e97de03a6a51"
"Tyjae Spears","147","138.4","-0.05","101","TEN","RB","50","","76809c5a-f06d-479a-a218-f22ee3e13a83"
"Trey Benson","148","138.7","-0.06","248","ARI","RB","51","","9ee85b14-7fae-4772-b58f-fa2922f230ef"
"Dylan Sampson","149","142.4","-0.05","","CLE","RB","52","Rookie","032a165a-b343-4c8f-a56f-8fc47d2a4a07"
"Brian Robinson Jr.","150","85.9","-0.37","72","WAS","RB","46","","d163492c-f926-4cb9-96fc-b93759e92541"
"Romeo Doubs","151","150.2","-0.01","137","GB","WR","62","","c27b2fd7-45a7-409c-9973-3346fd3062fc"
"Hollywood Brown","152","146.1","-0.04","","KC","WR","63","","27c2ab08-d88c-427a-b0d3-cf0ba47af2f7"
"Joshua Palmer","153","139.5","-0.1","244","BUF","WR","64","","6dc7832f-45d2-4ae6-8c6a-3595e185a18e"
"Tua Tagovailoa","154","155.2","0.01","111","MIA","QB","22","","bfd060c8-dfa0-43d4-beb2-6f3e5b9df69e"
"Michael Penix","155","142.2","-0.09","","ATL","QB","23","","a6b061d0-7d58-45b0-8539-c0dd60cb26f9"
"Geno Smith","156","161.4","0.03","168","LV","QB","24","","2f6b0b7d-b3fe-46e5-b7ef-c84495f0e78a"
"Chig Okonkwo","157","172.2","0.09","221","TEN","TE","17","","2a65964a-1345-435e-998e-ee29adf6d251"
"Cameron Ward","158","151.4","-0.04","","TEN","QB","25","Rookie","ff6b158c-6ff5-45c7-879e-32086288c5fb"
"Sam Darnold","159","178.9","0.11","109","SEA","QB","26","","afb9a9f4-bacd-46f5-ad31-80b2427eae28"
"Xavier Legette","160","158.8","-0.01","179","CAR","WR","65","","a18e7872-b3df-4c74-8130-feb720a928c1"
"Kyle Williams","161","144.2","-0.12","","NE","WR","66","Rookie","d1bb13ec-b37e-420c-b9f5-e76698cb6b2b"
"Demario Douglas","162","146.9","-0.1","170","NE","WR","67","","63cbde87-5fd3-410c-9c64-2185510182ef"
"Rachaad White","163","157.2","-0.04","58","TB","RB","53","","9012f171-568e-4292-94ba-f4b308eac941"
"Najee Harris","164","153.2","-0.07","90","LAC","RB","54","","3a9a963f-6618-40ac-93c6-96ea04cb223f"
"Hunter Henry","165","159.1","-0.04","158","NE","TE","18","","24e943a8-7926-4012-9d7e-138315b764cd"
"Theo Johnson","166","210.2","0.21","251","NYG","TE","19","","3349f39b-9dd6-42f3-a50c-8f7e8134d2bf"
"Mason Taylor","167","188.7","0.11","","NYJ","TE","20","Rookie","a6ce2c32-ead2-45cf-8add-22978d63a07e"
"Jaylen Wright","168","175.4","0.04","303","MIA","RB","55","","fa1a54e5-4c1c-45b8-9e9a-3c1568a28d6b"
"Miles Sanders","169","200.5","0.16","","DAL","RB","56","","f24adb34-5412-4edf-95ff-6b68e5fbd41d"
"Roschon Johnson","170","187.5","0.09","219","CHI","RB","57","","3e43e336-3c1d-430f-8961-701e685e8d5d"
"Anthony Richardson","171","175.6","0.03","129","IND","QB","27","","ab78a171-01c4-457c-aa8c-7fd835bff986"
"Isaiah Likely","172","169.8","-0.01","126","BAL","TE","21","","427d8203-aea8-4b01-972f-039aa0baa0c3"
"Jonnu Smith","173","178","0.03","64","PIT","TE","22","","c6ad3f37-27db-4232-99cc-aeed22777e85"
"Brenton Strange","174","153.2","-0.14","242","JAX","TE","23","","951df6a2-c1b0-499f-819e-67798c2cc6a2"
"Zach Ertz","175","162.8","-0.07","110","WAS","TE","24","","44a906d5-b179-45f9-b69f-281595bea71d"
"Matthew Stafford","176","175.9","0","183","LA","QB","28","","50be3583-2a3d-455a-91ce-ba6959783642"
"Michael Wilson","177","192.7","0.08","209","ARI","WR","68","","9e0a17b1-fda3-4066-aa3c-4f742588536c"
"Quentin Johnston","178","169.6","-0.05","76","LAC","WR","69","","82b3392d-0403-4cc7-9adc-8881b1647655"
"Dyami Brown","179","184.4","0.03","195","JAX","WR","70","","9f137949-d162-475c-bf95-9d43e7d58824"
"Jalen McMillan","180","162.8","-0.11","79","TB","WR","71","","2b703cdf-19c6-44bc-9061-11994c555ce9"
"DJ Giddens","181","211.2","0.14","","IND","RB","58","Rookie","5187785b-3707-4207-aee0-a55778dfb9a1"
"Keaton Mitchell","182","186.1","0.02","","BAL","RB","59","","b760285b-f146-44b7-91a6-80b79734aa3a"
"Jerome Ford","183","168.4","-0.09","112","CLE","RB","60","","47a14de7-342a-4a2d-b5ea-2e4cca880e67"
"Aaron Rodgers","184","193.2","0.05","165","PIT","QB","29","","1bd33029-b88d-43fa-998e-775a6741a5e7"
"Jaxson Dart","185","210.6","0.12","","NYG","QB","30","Rookie","0e7d3cb4-f568-41e0-88e6-7812989ae958"
"Russell Wilson","186","209.1","0.11","166","NYG","QB","31","","0a189fd2-3410-4074-a5c6-0197f8d4041c"
"DeAndre Hopkins","187","193.8","0.04","142","BAL","WR","72","","54ad314c-d98a-4087-9831-d9fe55233e1c"
"Tre Tucker","188","212.9","0.12","154","LV","WR","73","","aaefaf37-9d15-4306-ad32-8f6245e98a4d"
"Dont'e Thornton","189","164.6","-0.15","","LV","WR","74","Rookie","7062199b-47a5-4de1-bc7d-22640861b406"
"Jalen Coker","190","200.7","0.05","138","CAR","WR","75","","c9e2cfc7-8db1-49ab-944b-61108f687aca"
"Alec Pierce","191","189.2","-0.01","84","IND","WR","76","","bc9e2c1b-6bb4-4bc9-84af-202f71c65de7"
"Blake Corum","192","210.8","0.09","","LA","RB","61","","e34d874e-3fef-4059-887e-33a2485c13b6"
"Tahj Brooks","193","204.9","0.06","","CIN","RB","62","Rookie","10b8eca4-c667-4927-a2ab-e24021ad18a5"
"Kendre Miller","194","215.6","0.1","","NO","RB","63","","5f9ab9ae-8374-4dca-8ff1-660f399c587c"
"Dameon Pierce","195","214","0.09","","HOU","RB","64","","75ed17a8-5d4f-4007-957b-0a6733ddf392"
"Jaydon Blue","196","144.4","-0.36","","DAL","RB","65","Rookie","e4a0d065-ce78-4bf8-8e8e-ecce74e7e30c"
"Nick Chubb","197","168.2","-0.17","","HOU","RB","66","","6958938f-e1b1-4a04-9277-0d13ce07df21"
"Daniel Jones","198","214.1","0.08","189","IND","QB","32","","0b920098-c972-4e90-9e89-7430232e7567"
"Adam Thielen","199","172.4","-0.15","59","CAR","WR","77","","1cc825d2-4975-4afe-a47d-b69f0e57cbc1"
"Jaylin Noel","200","201.4","0.01","","HOU","WR","78","Rookie","3dbcda8c-adc6-4d3e-9ed8-12b7581aa0ba"
"Wan'Dale Robinson","201","169.8","-0.18","164","NYG","WR","79","","42be1a8b-6bdd-4bda-a857-3a01bbc6aeac"
"Cade Otton","202","186.9","-0.08","120","TB","TE","25","","027fe218-a84a-450c-a89d-7ad6c4cf94b9"
"Ja'Tavion Sanders","203","195.7","-0.04","274","CAR","TE","26","","5357fee8-c779-4442-8e21-286ad59d4cbd"
"Dalton Schultz","204","207.6","0.02","231","HOU","TE","27","","ba19979f-896f-429f-89b1-0280ab4b6052"
"Mike Gesicki","205","191.7","-0.07","132","CIN","TE","28","","a228fb38-ae0f-469d-984a-a7a3a904020d"
"KeAndre Lambert-Smith","206","215","0.04","","LAC","WR","80","Rookie",""
"Isaac TeSlaa","207","205.3","-0.01","","DET","WR","81","Rookie","383c8d7f-a817-4096-a6b6-a6b1366d87fb"
"Tory Horton","208","178.5","-0.17","","SEA","WR","82","Rookie","0407fcef-4a8c-4e2f-bef3-779851de306f"
"Andrei Iosivas","209","206.7","-0.01","185","CIN","WR","83","","d49688f7-ce90-44b2-99ee-0b1c78eec8f3"
"Tre Harris","210","135.9","-0.55","","LAC","WR","84","Rookie","06bb179e-5f55-4679-9f0d-e94d1c5dff0c"
"Pat Bryant","211","183.8","-0.15","","DEN","WR","85","Rookie","e0d74144-6bd8-467f-b5a6-de01ef683097"
"Adonai Mitchell","212","201.9","-0.05","289","IND","WR","86","","0ad724ff-2212-4ec4-8261-793e76298a17"
"Tyler Shough","213","214.7","0.01","","NO","QB","33","Rookie","9d27c511-89bc-4129-a079-334b7b3be97f"
"Jarquez Hunter","214","215","0","","LA","RB","67","Rookie","e5efd76e-3450-4e90-b4a4-74a10f8cef0b"
"Ollie Gordon","215","212","-0.01","","MIA","RB","68","Rookie","831716ac-821d-4b07-8f37-36886cc43843"
"MarShawn Lloyd","216","213.7","-0.01","","GB","RB","69","","664c1862-20fe-40a8-ac7e-ff868858dcb9"
"Ray-Ray McCloud III","217","213.7","-0.02","211","ATL","WR","87","","4c50a7a3-7ac8-442f-a792-11977cea9322"
"Jalen Nailor","218","213.8","-0.02","","MIN","WR","88","",""
"Calvin Austin III","219","213.1","-0.03","163","PIT","WR","89","","c5278c01-f7c3-4163-9ed0-9b76a84b06d3"
"Roman Wilson","220","214.5","-0.03","","PIT","WR","90","",""
"Elic Ayomanor","221","207.3","-0.07","","TEN","WR","91","Rookie","e62e6781-add8-4eaa-9713-1448b8ff72a5"
"Josh Reynolds","222","214.8","-0.03","255","NYJ","WR","92","","b700e4d6-99b4-48cc-80a5-ca0bf0a54a68"
"Olamide Zaccheaus","223","215.8","-0.03","","CHI","WR","93","",""
"Jack Bech","224","200.8","-0.12","","LV","WR","94","Rookie","3506f452-2e97-46e6-be4b-e79fed5b3491"
"Kayshon Boutte","225","215.5","-0.04","","NE","WR","95","",""
"Tutu Atwell","226","215.5","-0.05","253","LA","WR","96","","5ac44ad0-e9ce-44d0-9bf7-82950d46bd63"
"Tyler Lockett","227","212.9","-0.07","203","TEN","WR","97","","d8b3c731-9054-4d15-a4ee-e12beb4825fa"
"Juwan Johnson","228","212.3","-0.07","210","NO","TE","29","","10b27c42-0621-472d-bfa7-3f6c598980be"
"Darren Waller","229","212.2","-0.08","","MIA","TE","30","","0126a927-560d-4751-9de5-9aee8a3a8a67"
"AJ Barner","230","215.7","-0.07","","SEA","TE","31","",""
"Harold Fannin","231","212.5","-0.09","","CLE","TE","32","Rookie","2d084934-667e-4903-b462-a33b9041291d"
"Kareem Hunt","232","209.4","-0.11","","KC","RB","70","","011d7af8-9fc6-47e2-b1c7-60ad22188306"
"Justice Hill","233","212","-0.1","147","BAL","RB","71","","8f4756df-0eba-4393-bc91-cd38984dcda8"
"Devin Singletary","234","216","-0.08","160","NYG","RB","72","","ca78bb58-7fcc-48a2-9e66-5c5f01a1e0bb"
"Kyle Monangai","235","201","-0.17","","CHI","RB","73","Rookie","2521c244-cb3c-497e-b928-9c2f542bb7c3"
"Sean Tucker","236","205","-0.15","","TB","RB","74","","89c932e5-9b13-487f-97c6-c23a2864510e"
"Raheem Mostert","237","215.4","-0.1","202","LV","RB","75","","013d1f80-d88b-47c2-b6b9-d0c833e1cdba"
"Woody Marks","238","189.1","-0.26","","HOU","RB","76","Rookie","1dd1d43a-bb2c-4293-b086-af81f7f8a31f"
"Isaiah Davis","239","215.9","-0.11","204","NYJ","RB","77","","6740daf6-d0f8-46cd-ae2c-7dc4774b6de0"
"KaVontae Turpin","240","215.2","-0.12","216","DAL","WR","98","","139d7f99-b270-4a99-832b-41bf0deb358f"
"Dontayvion Wicks","241","215.3","-0.12","178","GB","WR","99","","5938bf65-bd79-454f-921a-94d0b1a4c3b4"
"Terrance Ferguson","242","215.8","-0.12","","LA","TE","33","Rookie","5d5c4fb2-51dc-40da-9f65-785ee09f784e"
"Elijah Arroyo","243","198","-0.23","","SEA","TE","34","Rookie","c9fab627-9cbf-4cfe-b2fa-288604ae1755"
"Noah Fant","244","215.8","-0.13","","CIN","TE","35","","49d00288-8c14-4e07-a415-8954c227c9cc"
"Tyler Higbee","245","215.5","-0.14","","LA","TE","36","","ef67177a-49c1-49d1-a6df-20ae9588b890"
"Pat Freiermuth","246","213","-0.15","140","PIT","TE","37","","49d82bda-e7fe-487a-83ab-0f4bd9e431d1"
"Cole Kmet","247","215.8","-0.14","133","CHI","TE","38","","dc435bd0-ebd3-479f-b9bf-529569dff43c"
"Joe Flacco","248","215.3","-0.15","199","CLE","QB","34","","868448b8-f53a-4c9e-a15d-8ed8f40b27d4"
"Kenny Pickett","249","216","-0.15","","CLE","QB","35","","9a574823-c8b6-440c-b9ce-708c92a9613b"
"Shedeur Sanders","250","213.8","-0.17","","CLE","QB","36","",""
"Kirk Cousins","251","215.9","-0.16","143","ATL","QB","37","Trade Candidate","74d0909b-cf5a-416d-9d46-d83b34c9d947"
"Jalen Milroe","252","215.5","-0.17","","SEA","QB","38","Rookie","58c31228-6972-47f8-a167-e7fac175f5bb"
"Spencer Rattler","253","215.9","-0.17","","NO","QB","39","","3ac9a699-de82-4bb2-96c8-4f1ee1a8685f"
"Noah Brown","254","215.2","-0.18","","WAS","WR","100","",""
"Troy Franklin","255","213.8","-0.19","","DEN","WR","101","",""
"Devaughn Vele","256","215.8","-0.19","186","DEN","WR","102","","c52baf98-fb75-4227-9701-7b1b57eea6f7"
"Jalen Tolbert","257","215.8","-0.19","155","DAL","WR","103","","d85fae4b-67cb-4828-93ad-d968f275c6d5"
"Marquez Valdes-Scantling","258","215.9","-0.19","128","SEA","WR","104","","8781a0c7-14b6-4c09-bf75-0a9da0bd9a31"
"Malik Washington","259","214.7","-0.21","","MIA","WR","105","",""
"Jalen Royals","260","209.6","-0.24","","KC","WR","106","Rookie","a46b6ee1-e38e-48cc-9d43-0917418812fc"
"Brandin Cooks","261","215.3","-0.21","239","NO","WR","107","","e2a9db24-836f-410b-8fbc-92ebf65aa172"
"Allen Lazard","262","216","-0.21","85","NYJ","WR","108","","50224a13-c0a8-4226-8e19-56fc4c0e257b"
"Jahan Dotson","263","215.8","-0.22","268","PHI","WR","109","","c423d62d-5442-42d4-a157-331f61d8c0a8"
"Christian Watson","264","215.5","-0.23","","GB","WR","110","",""
"Tai Felton","265","215.9","-0.23","","MIN","WR","111","Rookie","edf095fc-4f26-470b-9967-e307126ced5b"
"Nick Westbrook-Ikhine","266","215.7","-0.23","105","MIA","WR","112","","33f93253-33a6-4e0f-8d93-815366d14090"
"Phil Mafah","267","215.9","-0.24","","DAL","RB","78","Rookie","6a877013-40bd-4cc0-b7f0-412099ff37f5"
"Trevor Etienne","268","215.9","-0.24","","CAR","RB","79","Rookie","8aa163b7-5f2f-4ed5-a721-79fd60ba544e"
"Brashard Smith","269","212.9","-0.26","","KC","RB","80","Rookie","edeb9b06-d0b7-44cc-ac47-971fa68ff0a6"
"Noah Gray","270","215.1","-0.26","174","KC","TE","39","","a18edd62-1cc8-484e-b729-3f9c591887ad"
"Oronde Gadsden","271","215.6","-0.26","","LAC","TE","40","Rookie","e7bd3b67-74c9-40f4-a747-d67e35c609fb"
"Ben Sinnott","272","215.6","-0.26","","WAS","TE","41","","da6aa094-cee3-40a8-aef1-4a8941967c3f"
"Will Dissly","273","215.9","-0.26","200","LAC","TE","42","","0ea8521f-7fe9-4feb-8383-d4c68de52a02"
"Elijah Mitchell","274","215.9","-0.27","","KC","RB","81","","ccc75043-457f-471e-9735-d76568cc2bb1"
"Jaleel McLaughlin","275","216","-0.27","252","DEN","RB","82","","3f3d0fff-d453-44b9-acec-0a9610deea75"
"Devin Neal","276","215.9","-0.28","","NO","RB","83","Rookie","afc52d6b-e9cd-412f-8025-9926540ac5c5"
"Chimere Dike","277","216","-0.28","","TEN","WR","113","Rookie","66414585-fa5d-408a-911c-cf897e5bbefc"
"Diontae Johnson","278","214.5","-0.3","","CLE","WR","114","","4a91b789-1968-4e0c-9ec3-3f4fa98de1f2"
"Amari Cooper","279","215.8","-0.29","125","","WR","115","Free Agent","2c7e2974-109f-48af-aa38-6ca441540779"