Pos,PPR,Rank,Player,Team,ESPN Value,Adjusted Value,PriceRank
WR,1,1,Ja'Marr Chase,CIN,$57,$57,1
RB,2,5,Bijan Robinson,ATL,$56,$54,2
WR,3,7,Justin Jefferson,MIN,$55,$53,4
RB,4,3,Saquon Barkley,PHI,$55,$55,3
RB,5,4,Jahmyr Gibbs,DET,$54,$55,5
WR,6,2,CeeDee Lamb,DAL,$53,$56,6
RB,7,6,Christian McCaffrey,SF,$53,$53,7
WR,8,10,Puka Nacua,LA,$52,$50,8
WR,9,12,Malik Nabers,NYG,$51,$46,9
WR,10,9,Amon-Ra St. Brown,DET,$50,$51,10
RB,11,14,Ashton Jeanty,LV,$48,$43,11
RB,12,20,De'Von Achane,MIA,$46,$35,12
WR,13,8,Nico Collins,HOU,$45,$52,13
WR,14,11,Brian Thomas,JAX,$43,$48,14
WR,15,15,A.J. Brown,PHI,$42,$42,15
WR,16,13,Drake London,ATL,$40,$45,16
RB,17,19,Jonathan Taylor,IND,$38,$36,17
RB,18,18,Josh Jacobs,GB,$37,$37,18
RB,19,16,Derrick Henry,BAL,$36,$40,19
TE,20,22,Brock Bowers,LV,$35,$33,20
TE,21,21,Trey McBride,ARI,$34,$34,21
RB,22,24,Bucky Irving,TB,$33,$32,22
RB,23,25,Chase Brown,CIN,$32,$31,24
WR,24,17,Tee Higgins,CIN,$32,$38,23
WR,25,28,Tyreek Hill,MIA,$31,$29,25
WR,26,23,Ladd McConkey,LAC,$30,$32,26
WR,27,35,Davante Adams,LA,$30,$22,27
QB,28,27,Josh Allen,BUF,$29,$30,28
QB,29,26,Lamar Jackson,BAL,$28,$30,29
QB,30,30,Jayden Daniels,WAS,$27,$27,30
QB,31,33,Jalen Hurts,PHI,$26,$24,31
RB,32,42,Kyren Williams,LA,$25,$19,32
RB,33,32,James Cook,BUF,$24,$25,33
WR,34,37,Jaxon Smith-Njigba,SEA,$23,$22,34
WR,35,47,Terry McLaurin,WAS,$22,$15,37
WR,36,36,Garrett Wilson,NYJ,$22,$22,35
RB,37,29,Omarion Hampton,LAC,$22,$28,36
RB,38,40,Kenneth Walker,SEA,$21,$20,38
QB,39,59,Joe Burrow,CIN,$21,$9,39
TE,40,31,George Kittle,SF,$20,$26,40
RB,41,41,Alvin Kamara,NO,$19,$19,41
RB,42,43,Chuba Hubbard,CAR,$19,$18,42
RB,43,44,James Conner,ARI,$18,$17,43
RB,44,60,TreVeyon Henderson,NE,$17,$8,44
WR,45,34,Mike Evans,TB,$17,$23,45
WR,46,46,Marvin Harrison,ARI,$15,$15,47
WR,47,39,Xavier Worthy,KC,$15,$21,46
WR,48,55,DK Metcalf,PIT,$14,$10,48
WR,50,58,Rashee Rice,KC,$13,$9,49
RB,51,53,Breece Hall,NYJ,$12,$10,50
RB,52,77,D'Andre Swift,CHI,$11,$4,52
WR,53,56,Zay Flowers,BAL,$11,$10,51
WR,54,52,Courtland Sutton,DEN,$10,$11,53
WR,55,48,Calvin Ridley,TEN,$10,$14,55
WR,56,54,DeVonta Smith,PHI,$10,$10,54
WR,57,51,Jaylen Waddle,MIA,$10,$11,56
WR,58,70,Jerry Jeudy,CLE,$9,$6,58
WR,59,64,Jameson Williams,DET,$9,$7,59
WR,60,38,George Pickens,DAL,$9,$21,57
TE,61,79,Sam LaPorta,DET,$8,$4,62
QB,62,72,Patrick Mahomes,KC,$8,$6,60
QB,63,106,Baker Mayfield,TB,$8,$2,61
WR,64,65,Rome Odunze,CHI,$7,$7,63
WR,65,45,Tetairoa McMillan,CAR,$7,$17,65
WR,66,50,Travis Hunter,JAX,$7,$12,64
RB,67,74,David Montgomery,DET,$7,$5,66
RB,68,75,Aaron Jones,MIN,$6,$5,67
TE,69,89,T.J. Hockenson,MIN,$6,$3,70
RB,70,61,Tony Pollard,TEN,$6,$8,68
RB,71,76,RJ Harvey,DEN,$6,$5,69
RB,72,73,Isiah Pacheco,KC,$6,$5,72
WR,73,125,Chris Godwin,TB,$6,$1,71
WR,74,69,Jakobi Meyers,LV,$5,$6,75
WR,75,67,Chris Olave,NO,$5,$6,74
WR,76,57,Matthew Golden,GB,$5,$9,76
WR,77,93,Michael Pittman,IND,$5,$3,73
WR,78,98,Cooper Kupp,SEA,$4,$2,80
WR,79,71,Stefon Diggs,NE,$4,$6,84
RB,80,110,Tyrone Tracy,NYG,$4,$2,79
RB,81,109,Jaylen Warren,PIT,$4,$2,77
RB,82,84,Kaleb Johnson,PIT,$4,$4,81
TE,83,78,Travis Kelce,KC,$4,$4,85
TE,84,122,David Njoku,CLE,$4,$1,83
TE,85,88,Mark Andrews,BAL,$4,$3,82
TE,86,105,Evan Engram,DEN,$4,$2,78
QB,87,86,Bo Nix,DEN,$3,$3,90
QB,88,87,Kyler Murray,ARI,$3,$3,93
QB,89,85,Brock Purdy,SF,$3,$4,91
RB,90,117,Joe Mixon,HOU,$3,$2,88
RB,91,163,Quinshon Judkins,CLE,$3,$0,94
RB,92,99,J.K. Dobbins,DEN,$3,$2,89
RB,93,116,Rhamondre Stevenson,NE,$3,$2,87
RB,94,129,Javonte Williams,DAL,$3,$1,86
RB,95,130,Austin Ekeler,WAS,$3,$1,92
WR,96,80,Jordan Addison,MIN,$2,$4,113
WR,97,103,Khalil Shakir,BUF,$2,$2,118
WR,98,49,Emeka Egbuka,TB,$2,$13,96
WR,99,62,Jauan Jennings,SF,$2,$8,99
WR,100,68,Deebo Samuel,WAS,$2,$6,105
WR,101,66,Ricky Pearsall,SF,$2,$7,104
WR,102,97,Keon Coleman,BUF,$2,$2,112
QB,103,111,Justin Herbert,LAC,$2,$2,103
QB,104,108,Caleb Williams,CHI,$2,$2,98
QB,105,107,Dak Prescott,DAL,$2,$2,107
QB,106,112,Justin Fields,NYJ,$2,$2,106
WR,107,96,Jayden Reed,GB,$2,$2,111
WR,108,104,Keenan Allen,LAC,$2,$2,110
WR,109,82,Darnell Mooney,ATL,$2,$4,115
WR,110,81,Josh Downs,IND,$2,$4,114
WR,111,83,Rashid Shaheed,NO,$2,$4,116
WR,112,124,Jayden Higgins,HOU,$2,$1,97
TE,113,92,Tyler Warren,IND,$2,$3,119
RB,114,100,Cam Skattebo,NYG,$2,$2,108
RB,115,94,Travis Etienne,JAX,$2,$3,109
RB,116,152,Tyjae Spears,TEN,$2,$1,101
RB,117,138,Brian Robinson,SF,$2,$1,102
RB,118,132,Tank Bigsby,JAX,$2,$1,100
RB,119,102,Jordan Mason,MIN,$2,$2,117
RB,120,128,Jacory Croskey-Merritt,WAS,$2,$1,95
QB,121,113,Drake Maye,NE,$1,$2,144
QB,122,121,Jordan Love,GB,$1,$1,147
QB,123,114,Jared Goff,DET,$1,$2,142
QB,124,150,J.J. McCarthy,MIN,$1,$1,120
TE,125,91,Colston Loveland,CHI,$1,$3,157
TE,126,90,Tucker Kraft,GB,$1,$3,154
TE,127,135,Dallas Goedert,PHI,$1,$1,153
TE,128,136,Jake Ferguson,DAL,$1,$1,152
TE,129,115,Dalton Kincaid,BUF,$1,$2,158
RB,130,166,Rachaad White,TB,$1,$0,130
RB,131,153,Trey Benson,ARI,$1,$1,123
RB,132,95,Zach Charbonnet,SEA,$1,$2,140
RB,133,196,Jaydon Blue,DAL,$1,$0,127
RB,134,137,Tyler Allgeier,ATL,$1,$1,156
RB,135,188,Jaylen Wright,MIA,$1,$0,136
WR,136,202,Adam Thielen,CAR,$1,$0,126
WR,137,149,Xavier Legette,CAR,$1,$1,121
WR,138,141,Cedric Tillman,CLE,$1,$1,137
WR,139,147,Hollywood Brown,KC,$1,$1,124
WR,140,123,Brandon Aiyuk,SF,$1,$1,148
TE,141,167,Hunter Henry,NE,$1,$0,131
TE,142,144,Kyle Pitts,ATL,$1,$1,138
QB,143,160,Tua Tagovailoa,MIA,$1,$0,129
QB,144,178,Matthew Stafford,LA,$1,$0,134
QB,145,133,C.J. Stroud,HOU,$1,$1,141
RB,146,126,Braelon Allen,NYJ,$1,$1,151
RB,147,171,Jerome Ford,CLE,$1,$0,132
RB,148,159,Najee Harris,LAC,$1,$0,128
RB,149,131,Bhayshul Tuten,JAX,$1,$1,150
RB,150,193,Isaac Guerendo,SF,$1,$0,133
RB,151,127,Ray Davis,BUF,$1,$1,149
WR,152,205,Wan'Dale Robinson,NYG,$1,$0,122
WR,153,119,Marvin Mims,DEN,$1,$2,145
WR,154,120,Christian Kirk,HOU,$1,$1,146
WR,155,118,Rashod Bateman,BAL,$1,$2,143
WR,156,165,Demario Douglas,NE,$1,$0,139
WR,157,146,Luther Burden,CHI,$1,$1,125
WR,159,182,Michael Wilson,ARI,$1,$0,135
RB,160,139,Will Shipley,PHI,$1,$1,155
RB,161,158,Nick Chubb,HOU,$0,$1,211
RB,162,226,Justice Hill,BAL,$0,$0,170
WR,163,240,Jack Bech,LV,$0,$0,198
WR,164,164,Kyle Williams,NE,$0,$0,208
TE,165,177,Zach Ertz,WAS,$0,$0,223
TE,166,173,Jonnu Smith,PIT,$0,$0,203
TE,167,211,Darren Waller,MIA,$0,$0,173
TE,168,176,Brenton Strange,JAX,$0,$0,221
WR,193,142,Romeo Doubs,GB,$0,$1,228
WR,194,245,Tyler Lockett,TEN,$0,$0,196
RB,195,222,MarShawn Lloyd,GB,$0,$0,171
RB,196,170,Roschon Johnson,CHI,$0,$0,205
WR,197,269,Nick Westbrook-Ikhine,MIA,$0,$0,183
QB,198,134,Trevor Lawrence,JAX,$0,$1,216
QB,199,156,Cam Ward,TEN,$0,$1,212
QB,200,154,Michael Penix,ATL,$0,$1,214
WR,201,148,Joshua Palmer,BUF,$0,$1,217
WR,202,278,Diontae Johnson,CLE,$0,$0,180
WR,203,264,Brandin Cooks,NO,$0,$0,186
WR,204,143,Darius Slayton,NYG,$0,$1,219
WR,205,197,DeAndre Hopkins,BAL,$0,$0,227
TE,206,174,Cade Otton,TB,$0,$0,220
TE,207,145,Chig Okonkwo,TEN,$0,$1,218
WR,208,204,Pat Bryant,DEN,$0,$0,222
WR,209,184,Quentin Johnston,LAC,$0,$0,237
WR,210,199,Dont'e Thornton,LV,$0,$0,225
WR,211,218,Adonai Mitchell,IND,$0,$0,162
RB,212,101,Dylan Sampson,CLE,$0,$2,230
RB,213,223,Woody Marks,HOU,$0,$0,159
RB,214,225,Kareem Hunt,KC,$0,$0,174
TE,215,162,Mason Taylor,NYJ,$0,$0,209
TE,216,255,Pat Freiermuth,PIT,$0,$0,189
TE,217,175,Dalton Schultz,HOU,$0,$0,202
QB,218,140,Bryce Young,CAR,$0,$1,200
QB,219,155,Geno Smith,LV,$0,$1,213
QB,220,161,Sam Darnold,SEA,$0,$0,210
RB,221,186,Blake Corum,LA,$0,$0,235
RB,222,191,Kendre Miller,NO,$0,$0,232
RB,223,151,Rico Dowdle,CAR,$0,$1,215
WR,224,279,Amari Cooper,,$0,$0,241
RB,225,195,Miles Sanders,DAL,$0,$0,229
RB,226,169,DJ Giddens,IND,$0,$0,206
WR,228,233,Ray-Ray McCloud,ATL,$0,$0,163
WR,229,238,Josh Reynolds,NYJ,$0,$0,179
WR,230,185,Dyami Brown,JAX,$0,$0,236
WR,231,244,Tutu Atwell,LA,$0,$0,197
WR,232,236,Calvin Austin,PIT,$0,$0,178
WR,233,267,Christian Watson,GB,$0,$0,184
WR,234,198,Tre Tucker,LV,$0,$0,226
RB,242,274,Elijah Mitchell,KC,$0,$0,182
RB,243,224,Raheem Mostert,LV,$0,$0,160
RB,245,228,Kyle Monangai,CHI,$0,$0,168
RB,246,187,Ollie Gordon,MIA,$0,$0,234
RB,247,229,Sean Tucker,TB,$0,$0,166
RB,248,247,Isaiah Davis,NYJ,$0,$0,194
RB,249,190,Keaton Mitchell,BAL,$0,$0,233
RB,250,276,Devin Neal,NO,$0,$0,181
WR,252,260,Noah Brown,WAS,$0,$0,188
WR,253,265,Allen Lazard,NYJ,$0,$0,185
TE,258,252,Elijah Arroyo,SEA,$0,$0,191
TE,259,209,Mike Gesicki,CIN,$0,$0,199
TE,260,254,Tyler Higbee,LA,$0,$0,190
WR,261,248,KaVontae Turpin,DAL,$0,$0,193
WR,262,261,Jalen Tolbert,DAL,$0,$0,187
WR,263,217,Andrei Iosivas,CIN,$0,$0,172
WR,264,249,Jalen McMillan,TB,$0,$0,192
RB,266,221,Jarquez Hunter,LA,$0,$0,167
QB,267,179,Daniel Jones,IND,$0,$0,240
QB,268,181,Aaron Rodgers,PIT,$0,$0,239
QB,269,207,Russell Wilson,NYG,$0,$0,201
QB,270,213,Joe Flacco,CLE,$0,$0,176
WR,271,201,Alec Pierce,IND,$0,$0,224
WR,273,183,Jalen Coker,CAR,$0,$0,238
RB,279,246,Trevor Etienne,CAR,$0,$0,177
RB,282,192,Tahj Brooks,CIN,$0,$0,231
RB,283,230,Brashard Smith,KC,$0,$0,165
TE,289,168,Theo Johnson,NYG,$0,$0,207
TE,290,172,Isaiah Likely,BAL,$0,$0,204
TE,291,210,Juwan Johnson,NO,$0,$0,169
TE,292,208,Ja'Tavion Sanders,CAR,$0,$0,195
WR,294,235,Jalen Nailor,MIN,$0,$0,175
WR,295,234,Devaughn Vele,NO,$0,$0,161
QB,296,232,Tyler Shough,NO,$0,$0,164
